report_board,report_datetime,report_title,row_count
Minnesota Board of Pharmacy,4/13/2026 12:00:22 PM,Facility List - PH,2171

facility_name,license_type,license_nbr,description,grant_date,expire_date,address_line1,address_line2,city,county,state,zip,e_mail
12Pharma LLC,PH,267279,Active,11/12/2025,06/30/2026,19209 Chennault Way,STE N-P,Gaithersburg,,MD,20878,bop+mn@12pharma.com
1Family1Health Pharmacy Inc. (dba) 1Family1Health Pharmacy,PH,267321,Active,01/07/2026,06/30/2026,2803 SW 27th Ave,,Coconut Grove,,FL,33133,1Family1HealthPharmacy@gmail.com
1st America Infusion Services LLC (dba) Advanced InfusionCare,PH,267000,Active,09/03/2024,06/30/2026,10 Warren Rd,Ste 220,Cockeysville,,MD,21030,licensingcoc@aiscaregroup.com
"1st America Infusion Services, LLC (dba) Advanced InfusionCare",PH,266897,Active,03/15/2024,06/30/2026,"18451 Dallas Parkway, Suite 130",,Dallas,,TX,75287,licensingdalinf@aiscaregroup.com
"1st America Infusion Services, LLC (dba) Advanced InfusionCare",PH,265660,Active,08/29/2018,06/30/2026,"1st American Infusion Services, Llc",212 Northside Drive,Valdosta,,GA,31602,licensingvld@aiscaregroup.com
"1st Choice Pharmacy, LLC (dba) Workers' Choice Pharmacy",PH,266585,Active,06/09/2022,06/30/2026,928 Jaymor Rd,Ste. A200,Southampton,,PA,18966,pharmacy@rx1st.com
866 East Tremont Pharmacy LLC (dba) Boca Pharmacy,PH,266326,Active,05/14/2021,06/30/2026,864B East Tremont Ave,,Bronx,,NY,10460,jacob@bocapharmacygroup.com
"904 Prospect Pharmacy, Inc. (dba) BOCA Pharmacy",PH,265165,Active,09/22/2016,06/30/2026,904 Prospect Ave,,Bronx,,NY,10459,leah@bocapharmacygroup.com
A & A Drug Co (dba) Sav-Rx Pharmacy,PH,266316,Active,04/29/2021,06/30/2026,1855 N Airport Rd,,Fremont,,NE,68025,gov@savrx.com
"A & E Pharmacy, LLC",PH,266412,Active,08/31/2021,06/30/2026,1265 Grey Fox Rd,,Arden Hills,Ramsey,MN,55112,luke.atwood@aepharmacy.org
A & S Drugs,PH,263500,Active,03/22/2010,06/30/2026,101 West Main Street,,Pipestone,Pipestone,MN,56164,asdrug@iw.net
A Dobson Inc. (dba) Medsave Long Term Care Pharmacy,PH,265731,Active,12/20/2018,06/30/2026,427 Mag Seven Ct SW Ste 101,,Bemidji,Beltrami,MN,56601,angie@medsaveltc.com
"A.E. Pharmacy, LLC (dba) Amazon Pharmacy #001",PH,266149,Active,08/06/2020,06/30/2026,4500 S. Pleasant Valley Road,Ste 201,Austin,,TX,78744,pau2-licensing@pillpack.com
Abbvie Endocrinology Inc. (dba) Pharmacy Solutions,PH,263184,Active,05/21/2008,06/30/2026,"1 North Waukegan Rd, Ap5-Ne",,North Chicago,,IL,60064,pslicensing@abbvie.com
Abitacare LLC (dba) Vital Care Rx,PH,266546,Active,04/05/2022,06/30/2026,1501 23rd Ave,Ste B,Meridian,,MS,39301,licensing@vitalcarerx.com
"Absolute Pharmacy, LLC (dba) Absolute Pharmacy",PH,264506,Active,07/15/2014,06/30/2026,"16011 N Nebraska Ave, Suite 103",,Lutz,,FL,33549,Andreas@absoluterx.com
"Acadia St. Paul JV, LLC (dba) Capital Park Mental Health Hospital",PH,267149,Active,06/24/2025,06/30/2026,559 Capitol Boulevard,,St Paul,Ramsey,MN,55103,acooper@polsinelli.com
"Acariahealth Pharmacy #11, Inc.",PH,263741,Active,08/01/2011,06/30/2026,"1311 W Sam Houston Pkwy N, Suite 130",,Houston,,TX,77043,licensing@acariahealth.com
"AcariaHealth Pharmacy #26, Inc.",PH,266404,Active,08/02/2021,06/30/2026,8715 Henderson Road,,Tampa,,FL,33634,exactus@wellcare.com
Access to Care LLC (dba) AvevoRx,PH,266883,Active,02/21/2024,06/30/2026,3645 N Briarwood Lane,Suite D,Muncie,,IN,47304,dshaw@avevorx.com
Accredo Health Group Inc.,PH,261621,Active,11/15/1998,06/30/2026,"3000 Ericsson Drive, Suite 100",,Warrendale,,PA,15086,Lindy.Porco@evernorth.com
Accredo Health Group Inc.,PH,261914,Active,03/15/2000,06/30/2026,2915 Waters Road,Suite 109,Eagan,Dakota,MN,55121,RegulatoryManagement@express-scripts.com
Accredo Health Group Inc.,PH,262450,Active,06/07/2004,06/30/2026,1620 Century Center Parkway Suite 109,,Memphis,,TN,38134,lynette.washington@accredohealth.com
"Accredo Health Group, Inc",PH,264021,Active,01/14/2013,06/30/2026,"650 W Grand Ave, Suite 102",,Elmhurst,,IL,60126,jan.costis@accredohealth.com
"Accredo Health Group, Inc.",PH,264243,Active,10/29/2013,06/30/2026,6272 Lee Vista Blvd,Suite 100,Orlando,,FL,32822,joseph.casacciajr@evernorth.com
"Accredo Health Group, Inc.",PH,264276,Active,12/18/2013,06/30/2026,"19060 Q St, Suite 101",,Omaha,,NE,68135,Joseph.Carnazzo@accredoHealth.com
"Accredo Health Group, Inc.",PH,264786,Active,07/10/2015,06/30/2026,"2 Boulden Circle, Suite 1",,New Castle,,DE,19720,amcampagna@express-scripts.com
"Accredo Health Group, Inc.",PH,266944,Active,07/12/2024,06/30/2026,45 Route 46 East,Suite 609,Pine Brook,,NJ,07058,regulatorymanagement@express-scripts.com
"Accredo Health Group, Inc.",PH,266385,Active,06/30/2021,06/30/2026,4750 East 450 South,Suite A,Whitestown,,IN,46075,amanda_prince@express-scripts.com
"Accredo Health Group, Inc.",PH,265913,Active,08/14/2019,06/30/2026,2040 W. Rio Salado Parkway,Suite 101B,Tempe,,AZ,85281,LMGirten@express-scripts.com
"Accredo Health Group, Inc. ",PH,266061,Active,04/24/2020,06/30/2026,11411 Strang Line Rd,Ste A,Lenexa,,KS,66215,Janel.Potter@evernorth.com
"Accredo Health Group, Inc.",PH,266734,Active,06/08/2023,06/30/2026,730 Cool Springs Blvd.,Suite 301,Franklin,,TN,37067,vince.fayette@accredoHealth.com
Accudose Pharmacy LLC (dba) Accudose Pharmacy,PH,266549,Active,04/12/2022,06/30/2026,685 Boardman Canfield Rd,Suite 3,Boardman,,OH,44512,mario@accudoserx.com
"Accumix Pharmacy, L.L.C.",PH,266560,Active,05/03/2022,06/30/2026,655 W Grand,Suite 240,Elmhurst,,IL,60126,marcoo@accumixrx.com
"ACH Pharmacy, LLC (dba) Byron Pharmacy",PH,267348,Active,02/18/2026,06/30/2026,13355 Dix Toledo Rd,,South Gate,,MI,48195,achbyronpharmacy@gmail.com
Adegen Pharmacy LLC (dba) Adegen Pharmacy,PH,267112,Active,03/17/2025,06/30/2026,1620 Gateway Circle,,Grove City,,OH,43123,acadia@adegen.com
"Adelaide Apothecary, LLC (dba) Adelaide Apothecary",PH,266438,Active,10/12/2021,06/30/2026,"160 Moore Drive, Suite 105",,Lexington,,KY,40503,jill.smith@adelaideapothecary.com
Adelia Compounding LLC,PH,267344,Active,01/30/2026,06/30/2026,1801 Royal Lane,Suite 500,Farmers Branch,,TX,75229,adeliapharmacy@basichi.com
"AdvanceCare Texas, Inc. (dba) AdvanceCare Dallas",PH,267230,Active,10/10/2025,06/30/2026,3818 Cedar Springs Rd,#104,Dallas,,TX,75219,contracting@advancecarerx.net
Advanced Care Scripts Inc. (dba) CVS/specialty OR CarelonRx Specialty Pharmacy #48226,PH,263204,Active,07/08/2008,06/30/2026,"6251 Chancellor Dr, Suite 101",,Orlando,,FL,32809,permitinfo@cvshealth.com
Advanced Health Technologies Inc (dba) GEM Edwards Pharmacy,PH,267174,Active,07/23/2025,06/30/2026,5650 Hudson Industrial Parkway,Suite A,Hudson,,OH,44236,rxlicensing@gemedwardspharmacy.com
"Advanced Medical, LLC (dba) Health Care Medical Infusion Specialties",PH,267316,Active,01/07/2026,06/30/2026,"625 S Pear Orchard Road, Suite A",,Ridgeland,,MS,39157,pharmacy@hcmedinfusion.biz
"Advanced Pharmacy Concepts, LLC (dba) Manifest Pharmacy",PH,266616,Active,08/03/2022,06/30/2026,1018 S. Batesville Road,Bldg. 4A,Greer,,SC,29650,admin@manifestrx.com
Advanced Pharmacy LLC (dba) Advanced Pharmacy,PH,264523,Active,08/04/2014,06/30/2026,"350 Feaster Rd, Suite D",,Greenville,,SC,29615,lmccall@advanceddiabeticsolutions.net
Advanced Rx,PH,266124,Active,06/30/2020,06/30/2026,414 Commerce Drive,Ste 100,Fort Washington,,PA,19034,jason@advancedrx.net
"Advanced Rx Pharmacy of Tennessee, LLC (dba) Advanced Rx Pharmacy 060",PH,266618,Active,08/05/2022,06/30/2026,1400 Donelson Pike,Suite A15,Nashville,,TN,37217,rbyrd@advancedrxmgt.com
Adventist Health System Sunbelt Healthcare Corp (dba) RX Plus Pharmacy,PH,267287,Active,11/26/2025,06/30/2026,"5050 Wesley Rd., Ste. 110",,Apopka,,FL,32712,rxplus.pharmacy@adventhealth.com
Aequita Pharmacy LLC,PH,266971,Active,08/08/2024,04/10/2026,12825 NE 126th PL,,Kirkland,,WA,98034,nate@aequitapharmacy.com
"AFA Pharmacy, LLC",PH,266458,Active,12/06/2021,06/30/2026,8821 South Sam Houston Parkway West,Suite 100,Missouri City,,TX,77489,compliance@afapharmacy.com
Afdahl Pharmacy PLLC (dba) MedPoint Pharmacy,PH,267141,Active,06/11/2025,06/30/2026,4110 Central Ave NE,Suite 206,Columbia Heights,Anoka,MN,55421,nawal0825@gmail.com
Affirming Care TX LLC (dba) Affirming Care Pharmacy,PH,267313,Active,01/02/2026,06/30/2026,13331 Nacogdoches Rd,,San Antonio,,TX,78217,affirmingcarerxtx@gmail.com
Affordable Rx Inc.,PH,266630,Active,09/08/2022,06/30/2026,177 Rockaway Ave.,2nd Floor,Valley Stream,,NY,11580,info@affordablescript.com
Afya Pharmacy L.L.C.,PH,264572,Active,03/16/2015,06/30/2026,3407 3rd St N,,St Cloud,Stearns,MN,56303,harunane2000@yahoo.com
Agropec Trading LLC (dba) Allivet,PH,265745,Active,01/29/2019,06/30/2026,14540 NW 60th Avenue,,Miami Lakes,,FL,33014,compliance@allivet.com
"Agropec Trading, LLC (dba) Allivet",PH,266252,Active,12/18/2020,06/30/2026,9882 East 121st Street,,Fishers,,IN,46037,lriera@allivet.com
"Aitkin Community Hospital, Inc. (dba) Riverwood Aitkin Pharmacy",PH,266056,Active,04/24/2020,06/30/2026,171 Red Oak Dr,,Aitkin,Aitkin,MN,56431,ksorenson@rwhealth.org
"Aitkin Community Hospital, Inc. (dba) Riverwood Garrison Clinic Pharmacy",PH,263024,Active,05/18/2007,06/30/2026,27278 State Highway 18,P.O. Box 426,Garrison,Crow Wing,MN,56450,vcorcoranbahl@rwhealth.org
"Aitkin Community Hospital, Inc. (dba) Riverwood Healthcare Center Pharmacy",PH,200446,Active,06/19/1975,06/30/2026,200 Bunker Hill Drive,,Aitkin,Aitkin,MN,56431,spage@rwhealth.org
"Aitkin Community Hospital, Inc. (dba) Riverwood McGregor Pharmacy",PH,266766,Active,06/29/2023,06/30/2026,241 W Hwy 210,,McGregor,Aitkin,MN,55760,spage@rwhealth.org
"Alchemist General, Inc. (dba) Lloyd's Pharmacy",PH,264578,Active,10/31/2014,06/30/2026,720 Snelling Ave N,,St Paul,Ramsey,MN,55104,pharmacy@lloydsrx.com
Alegent Creighton Health (dba) CHI Health Pharmacy - Midlands,PH,266045,Active,04/06/2020,06/30/2026,11109 S. 84th St,Suite 1841,Papillion,,NE,68046,achpharmacypapillion@alegent.com
Alexander's Twin Pharmacy,PH,266343,Active,05/26/2021,06/30/2026,"Hamilton Pharmacy And Medical Company, Inc.",1060 Whitehorse-Mercerville Road,Hamilton,,NJ,08610,prasad@alexanderdrug.com
Align Pharmacy LLC,PH,267081,Active,01/27/2025,06/30/2026,3926 Barron St,Suite C200,Metairie,,LA,70002,hector@alignpharmacy.com
Alixa Rx LLC,PH,263885,Active,05/24/2012,06/30/2026,10132 W 76th St,,Eden Prairie,Hennepin,MN,55344,plans@alixarx.com
Alixa Rx LLC (dba) Alixa Rx,PH,267161,Active,07/15/2025,06/30/2026,1041 Washington Pike,Suite 100,Bridgeville,,PA,15017,plans@alixarx.com
Alixa Rx LLC (dba) Alixa Rx,PH,266081,Active,05/21/2020,06/30/2026,5635 West 96th St,Suite 400,Indianapolis,,IN,46278,plans@alixarx.com
"All Discount Pharmacy, LLC",PH,267340,Active,01/29/2026,06/30/2026,2236 N Dixie Highway,,Boca Raton,,FL,33431,bobby@alldiscountpharmacy.com
"All Discount Pharmacy, LLC",PH,267356,Active,03/02/2026,06/30/2026,15084 Jog Road,,Delray Beach,,FL,33446,bobby@alldiscountpharmacy.com
All Family Pharmacy LLC,PH,267175,Active,07/23/2025,06/30/2026,3350  NW 2nd Ave,Suite A2,Boca Raton,,FL,33431,allfamilypharmacyboca@gmail.com
"All-Care Pharmacy, LLC (dba) Avrio Pharmacy",PH,267183,Active,08/15/2025,06/30/2026,9015 E Pima Center Parkway,Suite 3,Scottsdale,,AZ,85258,info@avriorx.com
"AllCare Plus Pharmacy, LLC",PH,266035,Active,03/24/2020,06/30/2026,50 Bearfoot Road,,Northborough,,MA,01532,john.leighton@rxallcare.com
"AllCare Specialty Pharmacy, LLC",PH,265017,Active,03/15/2016,06/30/2026,"10620 Colonel Glenn Rd, Suite 300",,Little Rock,,AR,72204,mark@allcarepharmacy.com
"Allergychoices, LLC (dba) Allergychoices Pharmacy",PH,266934,Active,06/26/2024,06/30/2026,2731 National Drive,,Onalaska,,WI,54650,mkachel@allergychoices.com
Allina Health (dba) United Hospital Pharmacy; Allina Health,PH,200452,Active,06/19/1975,06/30/2026,333 Smith Avenue N,,St Paul,Ramsey,MN,55102,susan.haight@allina.com
Allina Health System (dba) Abbott Northwestern Hospital,PH,201004,Active,07/10/1975,06/30/2026,800 E 28th Street,,Minneapolis,Hennepin,MN,55407,jessica.swearingen@allina.com
Allina Health System (dba) Allina Health Apple Valley Pharmacy,PH,262655,Active,01/09/2006,06/30/2026,14655 Galaxie Avenue,,Apple Valley,Dakota,MN,55124,matthew.jacobs@allina.com
Allina Health System (dba) Allina Health Cambridge Pharmacy,PH,261558,Active,06/15/1998,06/30/2026,701 Dellwood St S,,Cambridge,Isanti,MN,55008,joseph.martin2@allina.com
Allina Health System (dba) Allina Health Cancer Institute Mercy Pharmacy,PH,266297,Active,03/03/2021,06/30/2026,11850 Blackfoot St NW,,Coon Rapids,Anoka,MN,55433,stacey.rewitzer@allina.com
Allina Health System (dba) Allina Health Compounding Pharmacy,PH,267170,Active,07/22/2025,06/30/2026,2800 10th Ave South,Suite 2500,Minneapolis,Hennepin,MN,55407,jay.dahlstrom@allina.com
Allina Health System (dba) Allina Health Coon Rapids Pharmacy,PH,267136,Active,05/29/2025,06/30/2026,9055 Springbrook Dr NW,Suite 100,Coon Rapids,Anoka,MN,55433,jason.meier@allina.com
Allina Health System (dba) Allina Health Cottage Grove Pharmacy,PH,261406,Active,01/20/1997,06/30/2026,8611 W Pt Douglas Rd S,,Cottage Grove,Washington,MN,55016,elizabeth.johnson5@allina.com
Allina Health System (dba) Allina Health Faribault Medical Center,PH,264615,Active,01/01/2015,06/30/2026,200 State Avenue,,Faribault,Rice,MN,55021,lisa.jackson@allina.com
Allina Health System (dba) Allina Health Faribault Pharmacy ,PH,264602,Active,01/01/2015,06/30/2026,200 State Ave,,Faribault,Rice,MN,55021,amanda.volden@allina.com
Allina Health System (dba) Allina Health Heart Hospital Pharmacy,PH,267023,Active,10/17/2024,06/30/2026,920 East 28th Street,Ste H1254,Minneapolis,Hennepin,MN,55407,jason.meier@allina.com
Allina Health System (dba) Allina Health Mercy Pharmacy ,PH,260412,Active,03/15/1987,06/30/2026,11850 Blackfoot St NW Suite 190,,Coon Rapids,Anoka,MN,55433,emma.lindberg@allina.com
Allina Health System (dba) Allina Health Minneapolis Pharmacy,PH,267171,Active,07/22/2025,06/30/2026,"2800 10 Ave South, Suite 2600",,Minneapolis,Hennepin,MN,55407,marcus.arneson@allina.com
Allina Health System (dba) Allina Health New Ulm Pharmacy  ,PH,264279,Active,12/19/2013,06/30/2026,1217 8th Street North Suite 1010,,New Ulm,Brown,MN,56073,jenifer.kalis@allina.com
Allina Health System (dba) Allina Health Piper Building Pharmacy,PH,261119,Active,07/25/1994,06/30/2026,"1st Floor, Piper Bldg.",913 E 26th St,Minneapolis,Hennepin,MN,55404,holly.drayfahl@allina.com
Allina Health System (dba) Allina Health St. Francis Pharmacy,PH,265156,Active,09/19/2016,06/30/2026,"1455 St Francis Ave, Suite 100",,Shakopee,Scott,MN,55379,melissa.aman@allina.com
Allina Health System (dba) Allina Health United Pharmacy,PH,260524,Active,08/01/1988,06/30/2026,333 Smith Ave N,,St Paul,Ramsey,MN,55102,gregory.arnold@allina.com
Allina Health System (dba) Allina Health Unity Pharmacy,PH,260415,Active,04/01/1987,06/30/2026,550 Osborne Road,,Fridley,Anoka,MN,55432,lori.borchardt@allina.com
Allina Health System (dba) Allina Health WestHealth Pharmacy,PH,261148,Active,09/26/1994,06/30/2026,2855 Campus Drive Suite 180,,Plymouth,Hennepin,MN,55441,lisa.thelen-bachmeier@allina.com
Allina Health System (dba) Allina Health Woodbury Pharmacy,PH,261749,Active,10/01/1999,06/30/2026,8675 Valley Creek Road,,Woodbury,Dakota,MN,55125,colette.o'shea@allina.com
Allina Health System (dba) Cambridge Medical Center,PH,200635,Active,06/26/1975,06/30/2026,701 South Dellwood Street,,Cambridge,Isanti,MN,55008,thomas.caza@allina.com
Allina Health System (dba) Mercy Hospital,PH,260411,Active,03/15/1987,06/30/2026,4050 Coon Rapids Blvd,,Coon Rapids,Anoka,MN,55433,daniel.niznick@allina.com
Allina Health System (dba) Mercy Hospital-Unity Campus; Unity Hospital,PH,260414,Active,04/01/1987,06/30/2026,550 Osborne Road,,Fridley,Anoka,MN,55432,megan.nelson@allina.com
Allina Health System (dba) New Ulm Medical Center; Allina Health System,PH,260416,Active,03/13/1987,06/30/2026,1324 North 5th Street,,New Ulm,Brown,MN,56073,charles.sieberg@allina.com
Allina Health System (dba) Owatonna Hospital,PH,260447,Active,05/01/1987,06/30/2026,2250 NW 26th St,,Owatonna,Steele,MN,55060,john.sanford@allina.com
Allina Health System (dba) Regina Hospital,PH,264271,Active,12/10/2013,06/30/2026,1175 Nininger Rd,,Hastings,Dakota,MN,55033,Rachele.paul@allina.com
"Allina Health System, Inc. (dba) Buffalo Hospital Pharmacy",PH,200454,Active,06/19/1975,06/30/2026,303 Catlin Street,,Buffalo,Wright,MN,55313,dawn.hagen@allina.com
Almac Clinical Services LLC,PH,266327,Active,05/14/2021,06/30/2026,4204 Technology Drive,Room 265,Durham,,NC,27704,acslicensing@almacgroup.com
Almac Clinical Services LLC,PH,266341,Active,05/26/2021,06/30/2026,25 Fretz Road,Room 2182,Souderton,,PA,18964,kristi.tribuiani@almacgroup.com
Alomere Health (dba) Alomere Health,PH,267303,Active,12/11/2025,06/30/2026,111 17th Ave East,,Alexandria,Douglas,MN,56308,jschock@alomerehealth.com
Alto Pharmacy LLC (dba) Alto Pharmacy,PH,267324,Active,01/12/2026,06/30/2026,475 State Highway 121 Bypass,Suite 150,Lewisville,,TX,75067,pharmacycompliance@alto.com
Alto Pharmacy LLC (dba) Alto Pharmacy,PH,266288,Active,02/19/2021,06/30/2026,929 Broadway,,Denver,,CO,80203,andrew.storjohann@alto.com
Alto Pharmacy LLC (dba) Alto Specialty Pharmacy; Alto Pharmacy,PH,266995,Active,08/30/2024,06/30/2026,4175 Freidrich Lane,Suite 202,Austin,,TX,78744,pharmacycompliance@alto.com
Altru Clinic Pharmacy Family Medicine Center Inc. (dba) Altru Clinic Pharmacy Family Medicine Center,PH,264525,Active,08/04/2014,06/30/2026,1380 S Columbia Rd,,Grand Forks,,ND,58201,altruclinicpharmacy@gmail.com
Altru Health System (dba) Altru Health System Pharmacy,PH,261742,Active,09/03/1999,06/30/2026,1200 South Columbia Road,,Grand Forks,,ND,58201,mafsharimehr@altru.org
Altru Health System (dba) Family Medicine Residency Pharmacy,PH,260836,Active,08/01/1991,06/30/2026,725 Hamline Street,,Grand Forks,,ND,58203,rkalenze@altru.org
Amber Enterprises Inc. (dba) Amber Specialty Pharmacy,PH,264482,Active,06/24/2014,06/30/2026,10004 S 152nd St,Suite A,Omaha,,NE,68138,licensure@amberpharmacy.com
America's Best Care Plus Inc.,PH,263049,Active,07/12/2007,06/30/2026,1825 Everett Drive West,,Fort Payne,,AL,35968,pharmacy@abcplus.net
American Life Pharmacy LLC,PH,267217,Active,09/29/2025,06/30/2026,1812 Middlebelt Road,,Garden City,,MI,48135,americanlifepharmacy@gmail.com
"American Mail Order Pharmacy, Inc (dba) AMOP Pharmacy",PH,264149,Active,07/02/2013,06/30/2026,23290 Schoenherr Rd,,Warren,,MI,48089,amoprx@comcast.net
American Outcomes Management LP (dba) AOM Infusion,PH,267045,Active,11/18/2024,06/30/2026,230 Westway Place,Suite 101,Arlington,,TX,76018,mfadeyi@aominfusionrx.com
AMERICAN SERVICE AND PRODUCT INC (DBA) ASAP PHARMACY,PH,267114,Active,03/25/2025,06/30/2026,16612 107th Court,,Orland Park,,IL,60467,ASAPPHARMACY@WECAREASAP.COM
Ameripharm Inc (dba) Medvantx Pharmacy Services,PH,262493,Active,08/05/2004,06/30/2026,2503 East 54th Street North,,Sioux Falls,,SD,57104,sean.harms@medvantx.com
"Ameripharm, Inc. (dba) Medvantx Specialty Pharmacy",PH,264628,Active,01/28/2015,06/30/2026,"1860 Outer Loop, Suite 348",,Louisville,,KY,40219,PIC-KY@medvantx.com
"Amerita, Inc.",PH,266300,Active,03/11/2021,06/30/2026,"14000 N Portland Ave, Ste 205",,Oklahoma City,,OK,73134,compliance@pharmerica.com
AMRx LLC,PH,267142,Active,06/17/2025,06/30/2026,2925 Country Club Rd,Suite # 103,Denton,,TX,76210,info@allmyrxs.com
Angel Care Pharmacy LLC (dba) Angel Care Pharmacy,PH,267266,Active,11/03/2025,06/30/2026,7223A Rising Sun Ave,,Philadelphia,,PA,19111,oxt01@angelcarepharmacy.com
"Animal Health International, Inc.",PH,265020,Active,03/15/2016,06/30/2026,4305 North Westport Ave,,Sioux Falls,,SD,57107,FacilityLicensing@pattersoncompanies.com
"Animal Health International, Inc.",PH,265019,Active,03/15/2016,06/30/2026,1117 West Main St.,,Manchester,,IA,52057,AHILlcensing@AnimalHealthlnternational.com
Animart LLC ,PH,264765,Active,06/22/2015,06/30/2026,1240 Green Valley Rd,,Beaver Dam,,WI,53916,pharmacy@vsi.cc
Anoka-Metro Regional Treatment Center,PH,267276,Active,11/07/2025,06/30/2026,3301 7th Ave,Suite A2131,Anoka,Anoka,MN,55303,DHS.AMRTC.PharmacyRequests@State.mn.us
"AnovoRx Group, LLC",PH,266036,Active,03/24/2020,06/30/2026,1710 N Shelby Oaks Dr,Suite 1,Memphis,,TN,38134,officialcontact@anovorx.com
"AnovoRx Group, LLC",PH,266060,Active,04/24/2020,06/30/2026,1710 N Shelby Oaks Dr.,Suite 5,Memphis,,TN,38134,OfficialContact@anovorx.com
"AnovoRx Group, LLC",PH,266737,Active,06/12/2023,06/30/2027,17500 South 40th Street,"Building B, Suite B600A",Chandler,,AZ,85226,officialcontact@anovorx.com
"AON Pharmacy, LLC",PH,266225,Active,11/05/2020,06/30/2026,14543 Global Parkway,Suite 110,Fort Myers,,FL,33913,complianceaonpharm@aoncology.com
AP Max Incorporated (dba) Southend Pharmacy,PH,267341,Active,01/29/2026,06/30/2026,4802 North Sam Houston Pkwy W,#100,Houston,,TX,77086,licensing@southendpharmacystore.com
Apostrophe Pharmacy LLC,PH,267131,Active,05/27/2025,06/30/2026,1440 N Fiesta Blvd,Suite 100,Gilbert,,AZ,85233,khundt@apostrophe.com
Apotheco Pharmacy Minnetonka LLC,PH,267133,Active,05/27/2025,06/30/2026,13005 Ridgedale Dr,,Minnetonka,Hennepin,MN,55305,minnetonka@apothecopharmacy.com
Apotheco Pharmacy Naperville LLC,PH,267307,Active,12/19/2025,06/30/2026,2155 City Gate Lane,Suite 127,Naperville,,IL,60563,naperville@apothepharmacy.com
Appleton Area Health,PH,266166,Active,08/25/2020,06/30/2026,30 South Behl Street,,Appleton,Swift,MN,56208,tlee@aah-mn.org
"Appling Enterprises, LLC (dba) Carie Boyd Pharmaceuticals",PH,265747,Active,02/01/2019,06/30/2026,2501 W. Oak St.,Ste 100,Denton,,TX,76201,licensing@dentonprescription.com
Apria Healthcare LLC (dba) Star Medical RX,PH,267066,Active,12/26/2024,06/30/2026,2612 NE Industrial Dr.,,Kansas City,,MO,64117,Jon.Brownsberger@Apria.com
Apteek Rx LLC (dba) Beaker Pharmacy,PH,266009,Active,01/28/2020,06/30/2026,7810 Eldorado Pkwy,Suite 200,Mckinney,,TX,75070,david@beakerpharmacy.com
Archangel Pharmacy LLC (dba) Angel Pharmacy,PH,267213,Active,09/29/2025,06/30/2026,"7306 SR 52, Suite #4",,Hudson,,FL,34667,management@angelpharmacy.org
"Ardon Health, LLC",PH,265390,Active,07/31/2017,06/30/2026,11835 NE Glenn Widing Dr,,Portland,,OR,97220,licensing@ardonhealth.com
"Aristacare Health, Inc.",PH,266192,Active,09/25/2020,06/30/2026,1056 W Golf Road,,Hoffman Estates,,IL,60169,spatel@aristach.com
"ARJ Infusion Services, LLC",PH,266499,Active,12/23/2021,06/30/2026,1847 First Ave SE,Ste 100,Cedar Rapids,,IA,52402,info@arjinfusion.com
"ARJ Infusion Services, LLC",PH,266498,Active,12/23/2021,06/30/2027,7930 Marshall Dr,,Lenexa,,KS,66214,info@arjinfusion.com
"Artisan Drug, Inc. (dba) Rush Pharmacy TX01",PH,267297,Active,12/05/2025,06/30/2026,"4690 McDermott Rd., Ste. 177",,Plano,,TX,75024,licensing@artisandrug.com
"ARx Patient Solutions Pharmacy, LLC (dba) ARX Patient Solutions Pharmacy",PH,266889,Active,03/08/2024,06/30/2026,4500 West 107th Street,,Overland Park,,KS,66207,ann.davis@assistrx.com
"Ascension Pharmacy Services, LLC (dba) Ascension Rx 1001",PH,266653,Active,10/12/2022,06/30/2026,7701 Metropolis Drive,Suite 200B,Austin,,TX,78744,liv.gamble@ascension.org
"Ascension Pharmacy Services, LLC (dba) Ascension Rx 1303",PH,266173,Active,09/01/2020,06/30/2026,30055 Northwestern Highway,Suite 225,Farmington Hills,,MI,48334,specialtypharmacy@ascension.org
"ASM Pharmacy, LLC (dba) ASM Home Delivery",PH,267166,Active,07/16/2025,06/30/2026,7041 Girls School Ave,,Indianapolis,,IN,46241,krystal.linley@a-smeds.com
"ASM Pharmacy-Tennessee, LLC (dba) Care4Us Pharmacy ",PH,266669,Active,11/04/2022,06/30/2026,7665 US Highway 70,Suite 102,Bartlett,,TN,38133,lethel.dillard@care4uspharmacy.com
"Aspirus Rhinelander & Tomahawk Hospitals & Clinics, Inc. (dba) Aspirus Pharmacy - Westwood Wausau",PH,267120,Active,04/18/2025,06/30/2026,1901 Westwood Center Blvd.,,Wausau,,WI,54401,Zachary.Miller@Aspirus.org
Astera Health,PH,266698,Active,01/23/2023,06/30/2026,421 11th Street NW,,Wadena,Wadena,MN,56482,aaron.miller@asterahealth.org
"Astrup Drug, Inc (dba) Corner Drug",PH,265662,Active,10/01/2018,06/30/2026,101 S Main St,Suite 115,Le Sueur,Le Sueur,MN,56058,michelle.steiger@yoursterlingpharmacy.com
"Astrup Drug, Inc (dba) Kennedy Drug",PH,265838,Active,06/12/2019,06/30/2026,223 S. Lakeshore Drive,,Lake City,Wabasha,MN,55041,megan.ahrens@yoursterlingpharmacy.com
"Astrup Drug, Inc (dba) Sterling Drug",PH,266593,Active,06/14/2022,06/30/2026,115 West Jessie St,Ste B,Rushford,Fillmore,MN,55071,sherwood.peterson@sterlingltcrx.com
"Astrup Drug, Inc (dba) Sterling Drug",PH,264419,Active,06/07/2014,06/30/2026,"209 Main Ave, Suite 105",,Adrian,Nobles,MN,56110,amanda.schmitz@astrupcompanies.com
"Astrup Drug, Inc (dba) Sterling Drug",PH,264425,Active,06/07/2014,06/30/2026,511 10th St,,Worthington,Nobles,MN,56187,tina.miller@astrupcompanies.com
"Astrup Drug, Inc (dba) Sterling Drug",PH,264428,Active,06/07/2014,06/30/2026,115 W Jessie St,P.O. Box 370,Rushford,Fillmore,MN,55971,tina.miller@astrupcompanies.com
"Astrup Drug, Inc (dba) Sterling Drug",PH,264433,Active,06/08/2014,06/30/2026,306 Main St,Suite 103,LaCrescent,Houston,MN,55947,scott.kinninger@yoursterlingpharmacy.com
"Astrup Drug, Inc (dba) Sterling Drug",PH,264429,Active,06/07/2014,06/30/2026,700 Division St S,,Northfield,Rice,MN,55057,suzanne.anderson@yoursterlingpharmacy.com
"Astrup Drug, Inc (dba) Sterling Drug",PH,264431,Active,06/08/2014,06/30/2026,1601 State Ave NW,,Owatonna,Steele,MN,55060,kortney.delaney@sterlingltcrx.com
"Astrup Drug, Inc (dba) Sterling Drug",PH,264423,Active,06/07/2014,06/30/2026,615 W Esch Dr,,Caledonia,Houston,MN,55921,amanda.schuttemeier@yoursterlingpharmacy.com
"Astrup Drug, Inc (dba) Sterling Drug #4",PH,264421,Active,06/07/2014,06/30/2026,400 South State St. Ste 50,,Fairmont,Martin,MN,56031,jake.reuter@sterlingdrug.com
"Astrup Drug, Inc (dba) Sterling Drug #5",PH,264432,Active,06/08/2014,06/30/2026,410 Hoffman Drive,,Owatonna,Steele,MN,55060,tina.miller@yoursterlingpharmacy.com
"Astrup Drug, Inc. (dba) Sterling LTC #36",PH,267271,Active,11/04/2025,06/30/2026,1408 Northland Dr.,Suite 204,Mendota Heights,Dakota,MN,55120,rachel.werner@sterlingltcrx.com
"Astrup Drug, Inc. (dba) Sterling LTC Pharmacy #32",PH,267039,Active,11/01/2024,06/30/2026,511 10th Street,Suite B,Worthington,Nobles,MN,56187,amy.paradis@sterlingltcrx.com
"Astrup Drug, Inc. (dba) Sterling Pharmacy",PH,267019,Active,10/15/2024,06/30/2026,1109 W Oakland Ave,,Austin,Mower,MN,55912,dave.brooks@sterlingdrug.com
"Atlas Rx, LLC (dba) Atlas Rx",PH,266880,Active,02/05/2024,06/30/2026,11923 Pacific St,Suite A,Omaha,,NE,68154,scripts@atlaspharmacyrx.com
Aum Pharmaceuticals Inc.,PH,265637,Active,08/17/2018,06/30/2026,710 N Euclid St. Unit 103,,Anaheim,,CA,92801,licensing@aumrx.com
Auro Pharmacies Inc. (dba) Central Drugs,PH,264059,Active,03/05/2013,06/30/2026,520 W La Habra Blvd.,,La Habra,,CA,90631,ashwin@centraldrugsrx.com
"Aurora Pharmacy, Inc. (dba) Aurora Specialty Pharmacy",PH,265421,Active,09/29/2017,06/30/2026,N93 W14575 Whittaker Way,,Menomonee Falls,,WI,53051,brittany.plutchak@aah.org
"AvaCare, Inc.",PH,265391,Active,08/01/2017,06/30/2026,"7355 West Friendly Ave, Suite E",,Greensboro,,NC,27410,erind@avacare.biz
"Avel eCare, LLC (dba) Avel eCare Pharmacy",PH,267056,Active,12/09/2024,06/30/2026,"4103 N Loop 1604 W, Suite 202",,San Antonio,,TX,78249,andrea.darr@avelecare.com
"Avel eCare, LLC (dba) Avel eCare Pharmacy",PH,266383,Active,06/30/2021,06/30/2026,"Avel Ecare, Llc",4500 N Lewis Ave,Sioux Falls,,SD,57104,andrea.darr@avelecare.com
Avera Granite Falls,PH,265988,Active,12/24/2019,06/30/2026,345 10th Ave,,Granite Falls,Yellow Medicine,MN,56241,abigail.passe@avera.org
Avera Marshall (dba) Avera Marshall Regional Medical Center,PH,200532,Active,06/26/1975,06/30/2026,300 South Bruce Street,,Marshall,Lyon,MN,56258,brittany.geihl@avera.org
Avera McKennan (dba) Avera 69th Street Pharmacy,PH,264333,Active,02/12/2014,06/30/2026,"4400 W 69th St, Suite 300",,Sioux Falls,,SD,57108,amanda.funkeplaetz@avera.org
Avera McKennan (dba) Avera 7th Avenue Pharmacy,PH,265554,Active,04/26/2018,06/30/2026,1200 S. 7th Ave. Ste 101,,Sioux Falls,,SD,57105,matthew.toennies@avera.org
Avera McKennan (dba) Avera Compounding Pharmacy,PH,267298,Active,12/05/2025,06/30/2026,4101 W Memory Circle,Suite 115,Sioux Falls,,SD,57107,karen.hoffman@avera.org
Avera McKennan (dba) Avera Dermatology Pharmacy,PH,265029,Active,03/31/2016,06/30/2026,6701 S Minnesota Ave,,Sioux Falls,,SD,57108,taylor.becker@avera.org
Avera McKennan (dba) Avera Long-Term Care Pharmacy,PH,267159,Active,07/15/2025,06/30/2026,4101 W Memory Circle,Suite 120,Sioux Falls,,SD,57107,erin.mcmartin@avera.org
Avera McKennan (dba) Avera McKennan Campus Pharmacy,PH,265030,Active,03/31/2016,06/30/2026,"1325 S Cliff Ave, Suite Cp",,Sioux Falls,,SD,57105,mariah.fickbohm@avera.org
Avera Mckennan (dba) Avera McKennan Home Infusion,PH,267224,Active,10/02/2025,06/30/2026,4101 W Memory Circle,Ste 110,Sioux Falls,,SD,57107,obadiah.scheich@avera.org
Avera McKennan (dba) Avera on Louise Pharmacy,PH,265981,Active,12/06/2019,06/30/2026,6100 S. Louise Ave,Ste 1100,Sioux Falls,,SD,57108,darrel.mutchler@avera.org
Avera McKennan (dba) Avera Specialty Pharmacy,PH,267196,Active,09/15/2025,06/30/2026,4101 W Memory Cr,Ste 135,Sioux Falls,,SD,57107,amy.ross@avera.org
Avera St. Luke's (dba) Avera State Street Pharmacy,PH,266675,Active,11/16/2022,06/30/2026,105 S. State Street,Suite 101,Aberdeen,,SD,57401,darrel.mutchler@avera.org
Avera Tyler,PH,265016,Active,03/15/2016,06/30/2026,240 Willow St,,Tyler,Lincoln,MN,56178,Holly.Rock@avera.org
"Avita Drugs, LLC (dba) Avita Pharmacy 1040",PH,266939,Active,07/01/2024,06/30/2026,"6100 Corporate Blvd., Suite 250",,Baton Rouge,,LA,70808-2723,AVITAPHARMACY1040NOTICES@AVITAPHARMACY.COM
Axis Clinicals LLC,PH,264508,Active,07/15/2014,06/30/2026,1711 Center Ave W,,Dilworth,Clay,MN,56529,l.odegaard@axisclinicals.com
Axtell Rite Value Pharmacy Inc,PH,267330,Active,01/21/2026,06/30/2026,304 1/2 Charlie Dr,,Whitesboro,,TX,76273,accounting@arvpharmacy.com
AZ Pharmacy LLC (dba) Amazon Pharmacy #002,PH,265742,Active,01/28/2019,06/30/2026,3809 E Watkins St,,Phoenix,,AZ,85034,ppx1-facilitypermits@pillpack.com
"B.E. Drug, Inc. (dba) Blue Earth Drug",PH,267290,Active,11/26/2025,06/30/2026,125 S Grove St,,Blue Earth,Faribault,MN,56013,blueearthdrug@bevcomm.net
"B.E. Drug, Inc. (dba) Blue Earth Drug",PH,264466,Active (Conditioned),06/18/2014,01/01/2026,"125 South Grove St, Suite 1",,Blue Earth,Faribault,MN,56013,Blueearthdrug@bevcomm.net
"Babcock Pharmacy, LLC (dba) Premier Pharmacy",PH,266997,Active,09/03/2024,06/30/2026,2425 Babcock Rd Ste. 108A,,San Antonio,,TX,78229,info@premierrxsa.com
Badger Acquisition Of Minnesota LLC (dba) Omnicare of Minnesota,PH,261366,Active,05/01/1996,06/30/2026,4001 Lake Breeze Ave,,Brooklyn Center,Hennepin,MN,55429,permitinfo@cvshealth.com
"Bala Ganapati, Inc. (DBA) Bergen Pharmacy",PH,266857,Active,12/12/2023,06/30/2026,39 E Mount Pleasant Avenue ,,Livingston,,NJ,07039,pharmacist@bergenrx.com
Bamabata Holdings LLC (dba) Aspire Compounding Pharmacy,PH,267165,Active,07/16/2025,06/30/2026,1730 Williams Trace Blvd,STE K,Sugar Land,,TX,77478,pharmacy@aspirecompounding.com
Barakah Business Group Inc. (dba) Darsan Pharmacy,PH,267014,Active,09/24/2024,06/30/2026,"912 E 24th St., Suite B102",,Minneapolis,Hennepin,MN,55404,Darsanpharmacy@gmail.com
Barnesville Drug & Hardware Inc. (dba) Barnesville Drug & Hardware,PH,265010,Active,03/11/2016,06/30/2026,"117 Front St S, Box 542",,Barnesville,Clay,MN,56514,barnesvilledrug@outlook.com
"Basic Home Infusion, LLC",PH,266627,Active,08/30/2022,06/30/2026,1401 Valley Road,4th Floor,Wayne,,NJ,07470,BHI2@slsny.com
"Bayvrio Pharmacy, LLC (dba) Bayvrio Pharmacy",PH,267025,Active,10/18/2024,06/30/2026,7402 N 56th St,Ste 907,Tampa,,FL,33617,ari@bayvrio.com
"Bellicose International, Inc. (dba) Wood River Pharmacy",PH,267072,Active,01/08/2025,06/30/2026,122 W Madison Ave,,Grantsburg,,WI,54840,jill.garrison@onerorx.com
"Belmar Pharmacy Florida, LLC (dba) Belmar Pharmacy",PH,266942,Active,07/12/2024,06/30/2026,2500 Lakepointe Parkway,,Odessa,,FL,33556,Jessica.Michieli@belmarpharma.com
"Benecard Central Fill of FL, LLC",PH,266516,Active,03/01/2022,06/30/2026,27090 Bay Landing Dr,,Bonita Springs,,FL,34135,bcf_licensing@benecard.com
"Benecard Central Fill of PA, LLC (dba) Benecard Central Fill",PH,263424,Active,09/17/2009,06/30/2026,5040 Ritter Road,,Mechanicsburg,,PA,17055,BCF_Licensing@benecard.com
"Best Pet Rx, Inc.",PH,266668,Active,11/04/2022,06/30/2026,10110 Battleview Parkway,Suite 100,Manassas,,VA,20109,vascripts@bestpetrx.com
"Best Veterinary Solutions, Inc. (dba) Best Vet Pharmacy",PH,267326,Active,01/14/2026,06/30/2026,1716 Detoit St.,Suite A,Ellsworth,,IA,50075,bestvetpharmacy@bestvetsolutions.com
Bet Pharm LLC,PH,262567,Active,12/16/2004,06/30/2026,1501 Bull Lea Road,Suite 102B,Lexington,,KY,40511,betpharm@betpharm.com
"Beth Israel Lahey Health Pharmacy, Inc. (dba) BILH Pharmacy Direct",PH,266360,Active,06/11/2021,06/30/2026,Beth Israel Lahey Health Pharmacy Inc.,80 Wilson Way Suite A,Westwood,,MA,02090,bilhpharmacyinc@bilh.org
"Beth Israel Lahey Health Pharmacy, Inc. (dba) BILH Specialty Pharmacy",PH,266361,Active,06/11/2021,06/30/2026,Beth Israel Lahey Health Pharmacy Inc.,80 Wilson Way Suite B,Westwood,,MA,02090,lcattane@bidmc.harvard.edu
Bigfork Valley Hospital Pharmacy,PH,261307,Active,03/12/1996,06/30/2026,258 Pine Tree Drive,P.O. Box 258,Bigfork,Itasca,MN,56628,selioff@bigforkvalley.org
Biologics By McKesson,PH,266444,Active,10/21/2021,06/30/2026,13501 Park Vista Blvd,Suite 150,Fort Worth,,TX,76177,pharmacists@mckesson.com
"Biologics, Inc. (dba) Biologics by McKesson",PH,266704,Active,02/16/2023,06/30/2026,11800 Weston Parkway,,Cary,,NC,27513,mckessonlicensing@mckesson.com
"Biologics, Inc. (dba) Biologics by McKesson",PH,267292,Active,11/26/2025,06/30/2026,"170 Clermont Road, Suite D",,Shepherdsville,,KY,40165,mckessonlicensing@mckesson.com
"BioPlus Specialty Infusion CA, LLC (dba) BioPlus Specialty Infusion CA",PH,265271,Active,02/13/2017,06/30/2026,19110 Van Ness Ave,,Torrance,,CA,90501,compliance@krogerhealth.com
"BioPlus Specialty Pharmacy Services, LLC",PH,267046,Active,11/18/2024,06/30/2026,4900 Prospectus Dr,STE 300,Durham,,NC,27713,License@bioplusrx.com
"BioPlus Specialty Pharmacy Services, LLC",PH,266867,Active,01/02/2024,06/30/2026,4740 Victory Lane,Suite C,Indianapolis,,IN,46203,License@bioplusrx.com
"BioPlus Specialty Pharmacy Services, LLC",PH,266849,Active,11/15/2023,06/30/2026,145 S. 79th St.,Suite 70,Chandler,,AZ,85226,license@BioPlusrx.com
"BioPlus Specialty Pharmacy Services, LLC",PH,266085,Active,05/28/2020,06/30/2026,376 Northlake Blvd,,Altamonte Spring,,FL,32701,license@bioplusrx.com
"Bioplus Specialty Pharmacy, Inc",PH,264195,Active,08/20/2013,06/30/2026,"3200 Lake Emma Rd, Suite 1000",,Lake Mary,,FL,32746,compliance@krogerhealth.com
Biotek Remedys Inc,PH,265352,Active,07/01/2017,06/30/2026,2 Penns Way Suite 404,,New Castle,,DE,19720,credentialing@biotekrx.com
Birdi Inc,PH,267357,Active,03/04/2026,06/30/2026,7970 S. Kyrene Rd.,,Tempe,,AZ,85284,Pharmlicense@birdirx.com
"Birdi, Inc.",PH,266877,Active,02/01/2024,06/30/2026,7835 Freedom Avenue NW,,North Canton,,OH,44720,pharmlicense@birdirx.com
"Birdi, Inc.",PH,266893,Active,03/15/2024,06/30/2026,43811 Plymouth Oaks Blvd,,Plymouth,,MI,48170,pharmlicense@birdirx.com
"Black Forest Pharmacy Services, LTD (dba) GuidePoint Pharmacy #101",PH,261373,Active,07/01/1996,06/30/2026,"108 S 6th Street, Suite 1",,Brainerd,Crow Wing,MN,56401,mike.brd@guidepointpharmacy.com
"Blend Labs Rx, LLC",PH,266829,Active,09/29/2023,06/30/2026,115-02 Liberty Ave,Suite 200,South Richmond Hill,,NY,11419,info@blendlabsrx.com
Blink Health Pharmacy LLC (dba) BlinkRx PGH,PH,266564,Active,05/05/2022,06/30/2026,5 Penn Center West,Suite 200 & 500,Pittsburgh,,PA,15276,heather.condon@blinkhealth.com
"Blink Health Pharmacy, LLC",PH,267065,Active,12/20/2024,06/30/2026,400 S. Woods Mill Road,Suite 100,Chesterfield,,MO,63017,licensing@blinkhealth.com
Blondell Rx NY LLC,PH,265392,Active,08/04/2017,06/30/2026,1642 Eastchester Road,,Bronx,,NY,10461,quickrxblondell@qrgroup.com
Blondell Rx NY LLC (dba) Quick Rx,PH,266623,Active,08/19/2022,06/30/2026,1047 Surf Avenue,2nd Fl,Brooklyn,,NY,11224,blondell-ltc@qrpgroup.com
Bloomington Drug Co.,PH,265507,Active,02/21/2018,06/30/2026,509 West 98th St,,Bloomington,Hennepin,MN,55420,jeff@bloomingtondrug.com
"Blue Door Pharmacies, LLC (dba) Shady Grove Pharmacy",PH,267128,Active,05/12/2025,06/30/2026,15225 Shady Grove Rd,Suite 101,Rockville,,MD,20850,sheila@shadygroverx.com
"Blue Stone 4 Pharmacy, LLC (dba) Green Stone Rx",PH,267278,Active,11/12/2025,06/30/2026,"861 SW 8th St., #101",,Miami,,FL,33130,pharmacylicenses@greenstonerx.com
"Boa Vida Hospital of Aberdeen, MS, LLC (dba) Monroe Regional Hospital or MRH Outpatient Pharmacy",PH,267062,Active,12/17/2024,06/30/2026,502 Jackson St,Ste 1,Aberdeen,,MS,39730,pharmacy@monroeregionalhospital.com
Bois Forte Reservation Tribal Government (dba) Bois Forte Medical Clinic Pharmacy,PH,261489,Active,09/17/1997,06/30/2026,5219 St John's Drive,,Nett Lake,Koochiching,MN,55771,julie.skoglund@boisforte-nsn.gov
Bois Forte Reservation Tribal Government (dba) Vermilion Pharmacy,PH,265249,Active,01/13/2017,06/30/2026,1613 Farm Rd S,,Tower,St Louis,MN,55790,megan.henderson@boisforte-nsn.gov
"Bond Pharmacy, Inc. (dba) Advanced Infusion Solutions",PH,266012,Active,02/14/2020,06/30/2026,18451 Dallas Parkway,Suite 125,Dallas,,TX,75287,licensingdalit@aiscaregroup.com
"Bond Pharmacy, Inc. (dba) Advanced Infusion Solutions",PH,265874,Active,06/25/2019,06/30/2026,623 Highland Colony Parkway,Suite 100,Ridgeland,,MS,39157,licensingrdg@aiscaregroup.com
Boston Medical Center Corporation (dba) Cornerstone Health Solutions,PH,265892,Active,07/03/2019,06/30/2026,41 Teed Drive,,Randolph,,MA,02368,estefania.lewis@bmc.org
"Boswell Pharmacy Services, LLC",PH,263516,Active,04/27/2010,06/30/2026,131 Schoolhouse Road,,Jennerstown,,PA,15547,jmartella@boswellpharmacy.com
"BPoint Pharmacy Services, LTD (dba) GuidePoint Pharmacy",PH,265767,Active,04/01/2019,06/30/2026,"30833 North Star Dr, Ste 2",,Breezy Point,Crow Wing,MN,56472,mike.bp@guidepointpharmacy.com
"Brainerd Medical Center, Inc. (dba) Essentia Health Baxter Pharmacy",PH,263792,Active,11/18/2011,06/30/2026,13060 Isle Dr,,Baxter,Crow Wing,MN,56425,AmbulatoryPharmacyServices@EssentiaHealth.org
"Brainerd Medical Center, Inc. (dba) Essentia Health Brainerd Pharmacy",PH,262949,Active,01/03/2007,06/30/2026,2024 South 6th Street,,Brainerd,Crow Wing,MN,56401,AmbulatoryPharmacyServices@EssentiaHealth.org
"Brainerd Medical Center, Inc. (dba) Essentia Health Brainerd St. Joseph's Pharmacy",PH,266526,Active,03/07/2022,06/30/2026,523 N 3rd Street,Ste 1224,Brainerd,Crow Wing,MN,56401,AmbulatoryPharmacyServices@essentiahealth.org
"Brainerd Medical Center, Inc. (dba) Essentia Health Deerwood Pharmacy",PH,266725,Active,05/02/2023,06/30/2026,24087 Cuyuna St.,Suite 100,Deerwood,Crow Wing,MN,56444,AmbulatoryPharmacyServices@EssentiaHealth.org
"Brainerd Medical Center, Inc. (dba) Essentia Health Pequot Lakes Pharmacy",PH,265816,Active,06/28/2019,06/30/2026,30581 Patriot Avenue Suite A,,Pequot Lakes,Crow Wing,MN,56472,AmbulatoryPharmacyServices@EssentiaHealth.org
"Brainerd Medical Center, Inc. (dba) Essentia Health Pine River Pharmacy",PH,265817,Active,06/28/2019,06/30/2026,280 Barclay Avenue West,Suite 1100,Pine River,Cass,MN,56474,AmbulatoryPharmacyServices@EssentiaHealth.org
"Brainerd Medical Center, Inc. (dba) Essentia Health Staples Pharmacy",PH,266946,Active,07/16/2024,06/30/2026,"301 2nd Avenue NW, Suite 1010",,Staples,Wadena,MN,56479,AmbulatoryPharmacyServices@EssentiaHealth.org
"Braun Pharma, LLC (dba) Braun Pharmacare",PH,266078,Active,05/12/2020,06/30/2026,1919 N Clybourn Ave,,Chicago,,IL,60614,Alissa@braunrx.com
Breckenridge Drug P.A. (dba) Breckenridge Drug,PH,266280,Active,02/04/2021,06/30/2026,116 N 5th St,,Breckenridge,Wilkin,MN,56520,markb@702com.net
Bridges Medical Center (dba) Essentia Health Ada,PH,264875,Active,12/10/2015,06/30/2026,201 Ninth St West,,Ada,Norman,MN,56510,janna.engel@essentiahealth.org
"Brightly Pharmacy Care, Inc.",PH,264721,Active,06/01/2015,06/30/2026,"1239 Payne Ave, Suite 202",,St Paul,Ramsey,MN,55130,brightlypharmacy@gmail.com
"Bronson Village Drug, Inc. (dba) Aurora Long Term Care",PH,266688,Active,12/13/2022,06/30/2026,25344 Red Arrow Hwy,,Mattawan,,MI,49071,admin@auroraltc.com
"Buderer Drug Company, Inc. (dba) Buderer Drug Co.",PH,265625,Active,07/23/2018,06/30/2026,633 Hancock Street,,Sandusky,,OH,44870,matt@BudererDrug.com
"Bux Healthcare, Inc. (dba) Family Pharmacy",PH,266396,Active,07/21/2021,06/30/2026,17510 N Us Highway 41,,Lutz,,FL,33549,license@buxhealthcare.com
By Blend LLC,PH,267231,Active,10/10/2025,06/30/2026,6171 Huntley Rd,STE J,Columbus,,OH,43229,pharmacy@blendpharmacy.com
"Byram Healthcare Centers, Inc.",PH,266958,Active,07/22/2024,06/30/2026,1340 Storm Parkway,,Los Angeles,,CA,90501,credentialing@byramhealthcare.com
"Byram Healthcare Centers, Inc.",PH,265011,Active,03/11/2016,06/30/2026,3793 S State St,,Salt Lake City,,UT,84115,areece@byramhealthcare.com
"C3 HealthcareRx, LLC (dba) C3 HealthcareRx",PH,266804,Active,08/21/2023,06/30/2026,909 Aviation Parkway,Ste 400,Morrisville,,NC,27560,svoos@c3healthcarerx.com
Cadre Labs LLC,PH,267209,Active,09/23/2025,06/30/2026,1911 Church St,,Nashville,,TN,37203,pharmacist@cadre-labs.com
California Pet Pharmacy (dba) CPP Health,PH,263731,Active,07/01/2011,06/30/2026,3157 Corporate Pl,,Hayward,,CA,94545,cpprxpic@yahoo.com
"Cameron Medical Outreach, Inc. (dba) Cameron Retail Pharmacy",PH,267132,Active,05/27/2025,06/30/2026,306 E Maumee St, Suite 106,Angola,,IN,46703,hdenney@cameronmch.com
"Canby Drug & Gift, Inc.",PH,260659,Active,01/01/1990,06/30/2026,130 St. Olaf Avenue North,,Canby,Yellow Medicine,MN,56220,CANBYRX@FRONTIERNET.NET
"CAP RX, Inc. (dba) Central Avenue Pharmacy",PH,264301,Active,01/16/2014,06/30/2026,133 15th St,,Pacific Grove,,CA,93950,compliance@caprx.com
Capsule Idaho LLC,PH,267185,Active,08/26/2025,06/30/2026,"9050 W. Overland Rd., Suite 245",,Boise,,ID,83709,licensing@capsule.com
Capsule Minneapolis LLC (dba) Capsule Pharmacy,PH,265955,Active,10/30/2019,06/30/2026,"117 Washington Ave N, Suite 100",,Minneapolis,Hennepin,MN,55401,licensing@capsule.com
"Cardinal Health 128, LLC (dba) MMS Solutions",PH,266143,Active,07/23/2020,06/30/2026,239 Mason Road,,Lavergne,,TN,37086,licensure@cardinalhealth.com
"Cardinal Health 414, LLC",PH,264604,Active,12/03/2014,06/30/2026,"7920 Georgetown Rd, Suite 100",,Indianapolis,,IN,46268,keith.koontz@cardinalhealth.com
"Cardinal Health 414, LLC",PH,264133,Active,06/19/2013,06/30/2026,1603 N. C Avenue,,Sioux Falls,,SD,57104,Nick.Bettinger@cardinalhealth.com
"Cardinal Health 414, LLC",PH,264073,Active,03/21/2013,06/30/2026,"10400 E 48th Ave, Suite C",,Denver,,CO,80238,Brad.Stoltz@cardinalhealth.com
"Cardinal Health 414, LLC",PH,262236,Active,01/15/2003,06/30/2026,"1933 West County Rd C2, Suite 100",,Roseville,Ramsey,MN,55113,evan.mcallister@cardinalhealth.com
"Cardinal Health 414, LLC",PH,262239,Active,11/19/2002,06/30/2026,1610 30th Avenue South,,Moorhead,Clay,MN,56560,daniel.bohmer@cardinalhealth.com
"Cardinal Health 414, LLC (dba) Cardinal Health",PH,266649,Active,10/11/2022,06/30/2026,30 Murray Hill Parkway,Suite 400,East Rutherford,,NJ,07073,rebecca.huachan@cardinalhealth.com
"Cardinal Health Pharmacy Services, LLC",PH,266708,Active,02/22/2023,06/30/2026,7000 Cardinal Place,Suite 1D,Dublin,,OH,43017,thomas.deeds@cardinalhealth.com
Care Direct Rx LLC,PH,266206,Active,10/09/2020,06/30/2026,7895 Highway 119,Suite 1,Alabaster,,AL,35007,info@caredirectrx.com
"Care-Fill LTC, Inc. (dba) Care-Fill LTC",PH,266860,Active,12/18/2023,06/30/2026,28 Conneaut Lake Rd,,Greenville,,PA,16125,mshellenbarger@wfprx.com
"CareCenter Pharmacy, LLC (dba) CarePlus CVS/pharmacy #2937",PH,263239,Active,09/11/2008,06/30/2026,3M Center Bldg. 222-1N1,,St Paul,Ramsey,MN,55144,rx02937@cvshealth.com
CareFirst Specialty Pharmacy LLC,PH,267117,Active,04/08/2025,06/30/2026,400 Fellowship Rd,Ste 100,Mount Laurel,,NJ,08054,info@cfspharmacy.com
"CarelonRx Pharmacy, Inc",PH,266808,Active,09/12/2023,06/30/2026,4821 North Stone Ave.,Suite C,Tucson,,AZ,85704,parixit.modi@carelon.com
"Caremark Arizona Specialty Pharmacy, LLC (dba) CVS/specialty",PH,266238,Active,12/01/2020,06/30/2026,"2700 West Frye Road, Suite 200",,Chandler,,AZ,85224,permitinfo@cvshealth.com
"Caremark North Carolina Specialty Pharmacy, LLC (dba) CVS/Specialty",PH,266116,Active,06/24/2020,06/30/2026,10700 World Trade Blvd,Suite 110,Raleigh,,NC,27617,permitinfo@cvshealth.com
"Caremark, L.L.C (dba) CVS Specialty #48640",PH,266246,Active,12/07/2020,06/30/2026,"Caremark, Llc",10302 W Emerald Street,Boise,,ID,83704,permitinfo@cvshealth.com
"Caremark, L.L.C. (dba) CVS/Caremark",PH,262564,Active,10/27/2004,06/30/2026,7034 Alamo Downs Parkway,,San Antonio,,TX,78238,permitinfo@cvshealth.com
"Caremark, L.L.C. (dba) CVS/caremark",PH,262393,Active,12/31/2003,06/30/2026,"9310 South Park Center Loop, Suite 200",,Orlando,,FL,32819,permitinfo@cvshealth.com
"Caremark, L.L.C. (dba) CVS/Caremark 48067",PH,263950,Active,08/28/2012,06/30/2026,1780 Wall St,,Mt Prospect,,IL,60056,permitinfo@cvshealth.com
"Caremark, L.L.C. (dba) CVS/Specialty",PH,263817,Active,12/20/2011,06/30/2026,7930 Woodland Center Blvd,Suite 500,Tampa,,FL,33614,permitinfo@cvshealth.com
"Caremark, L.L.C. (dba) CVS/Specialty",PH,263045,Active,07/05/2007,06/30/2026,1127 Bryn Mawr Avenue Suite A,,Redlands,,CA,92374,permitinfo@cvshealth.com
"Caremark, L.L.C. (dba) CVS/Specialty",PH,262938,Active,11/17/2006,06/30/2026,800 Biermann Court,Suite B,Mt. Prospect,,IL,60056,permitinfo@cvshealth.com
"Caremark, L.L.C. (dba) CVS/Specialty",PH,266011,Active,01/30/2020,06/30/2026,"Caremark, Llc",7251 S Eastern Ave,Las Vegas,,NV,89119,permitinfo@cvshealth.com
"Caremark, L.L.C. (dba) CVS/Specialty",PH,265823,Active,04/25/2019,06/30/2026,8370 Wolf Lake Dr. Ste 107,,Bartlett,,TN,38133,permitinfo@cvshealth.com
"Caremark, L.L.C. (dba) CVS/Specialty #48604",PH,265445,Active,11/20/2017,06/30/2026,"1001 Spinks Road, Ste 280",,Flower Mound,,TX,75028,permitinfo@cvshealth.com
"Caremark, L.L.C. (dba) CVS/specialty or CarelonRx Specialty Pharmacy",PH,263634,Active,12/29/2010,06/30/2026,180 Passaic Ave,,Fairfield,,NJ,07004,permitinfo@cvshealth.com
"Caremark, L.L.C. (dba) CVS/Specialty or CarelonRx Specialty Pharmacy",PH,261925,Active,07/19/2000,06/30/2026,11162 Renner Boulevard,,Lenexa,,KS,66219,permitinfo@cvshealth.com
"Caremark, L.L.C. (dba) CVS/Specialty or CarelonRx Specialty Pharmacy",PH,266095,Active,06/12/2020,06/30/2026,"25 Birch St, Bldg B",Ste 100,Milford,,MA,01757,permitinfo@cvshealth.com
"Caremark, L.L.C. (dba) CVS/Specialty or CarelonRx Specialty Pharmacy",PH,266109,Active,06/24/2020,06/30/2026,1307-H Allen Dr.,,Troy,,MI,48083,permitinfo@cvshealth.com
"CaremarkPCS Pennsylvania Mail Pharmacy, LLC (dba) CVS/Caremark or CF#11506",PH,262621,Active,04/06/2005,06/30/2026,One Great Valley Blvd.,,Wilkes Barrie,,PA,18706,permitinfo@cvshealth.com
CarePartners Pharmacy LLC,PH,265927,Active,10/02/2019,06/30/2026,326 Peterson Road,,Libertyville,,IL,60048,Kamg@carepartnersrx.com
Carepoint Healthcare LLC (dba) Carepoint Pharmacy,PH,264005,Active,12/14/2012,06/30/2026,9 E. Commerce Drive,,Schaumburg,,IL,60173,CPIL@carepointrx.com
"Carlisle Medical, Inc.",PH,267151,Active,06/27/2025,06/30/2026,509 Blvd Park E,,Mobile,,AL,36609,pharmacy@carlislemedical.com
"Carlson Drug, Inc.",PH,262145,Active,02/22/2002,06/30/2026,147 NW 2nd Street,,Ortonville,Big Stone,MN,56278,carlsondrug@midconetwork.com
"Carris Health - Redwood, LLC",PH,266287,Active,02/18/2021,06/30/2026,101 Caring Way,,Redwood Falls,Redwood,MN,56283,carnie.allex@centracare.com
Carris Health LLC (dba) Rice Memorial Hospital Pharmacy,PH,265465,Active,01/01/2018,06/30/2026,301 Becker Ave SW,,Willmar,Kandiyohi,MN,56201,scott.forby@carrishealth.com
Cary Rx Incorporated,PH,266153,Active,08/12/2020,06/30/2026,1300 7th St NW,Suite 200,Washington,,DC,20001,an@caryrx.com
Cascade Specialty Pharmacy LLC,PH,267073,Active,01/09/2025,06/30/2026,19062 State Highway 305 NE,,Poulsbo,,WA,98370,CascadeLicensing@revelationpharma.com
Casey Drug-A Inc. (dba) Casey Drug,PH,266465,Active,04/01/2022,06/30/2026,121 W Lake St,,Chisholm,St Louis,MN,55719,caseydrug@mchsi.com
Castleton Pharmacy Corp (dba) Enexia Specialty,PH,265563,Active,12/04/2023,06/30/2026,252 Port Richmond Avenue,,Staten Island,,NY,10302,bnatezon@enexiaspecialty.com
"Catalent Pharma Solutions, LLC (dba) Catalent Pharmacy Services (PHL)",PH,265964,Active,11/13/2019,06/30/2026,3031 Red Lion Road,Room 4043,Philadelphia,,PA,19114,Michelle.Giovannucci@catalent.com
CCM Health,PH,200776,Active,06/26/1975,06/30/2026,824 North 11Th Street,,Montevideo,Chippewa,MN,56265,jamie.malstrom@ccmhealthmn.com
"CCN America, LP (dba) Coordinated Care Network Pharmacy",PH,264536,Active,08/13/2014,06/30/2026,"300 Penn Center Blvd, Suite 405",,Pittsburgh,,PA,15235,contracting@coordinatedcarenetwork.com
CD Pharmacy LLC (dba) Red Rock Pharmacy Ste 101,PH,266148,Active,08/06/2020,06/30/2026,"863 W 450 S, Ste 101",,Springville,,UT,84663,home@redrockrx.com
CDE LLC (dba) City Drug,PH,267063,Active,12/17/2024,06/30/2026,131 10th St,,Evanston,,WY,82930,jules.citydrug@gmail.com
Cedar Pharmacy Inc.,PH,266407,Active,10/21/2021,06/30/2026,417 Cedar Ave S,,Minneapolis,Hennepin,MN,55454,cedarpharmacy@yahoo.com
"Center City Pharmacy, LLC",PH,267254,Active,10/20/2025,06/30/2026,416 Clematis St,,West Palm Beach,,FL,33401,nicholl@centercityrx503a.com
"CenterWell Pharmacy, Inc. ",PH,266717,Active,03/28/2023,06/30/2026,11010 Florida Crown Drive,Suite 200,Orlando,,FL,32824,taddington@humana.com
"CenterWell Pharmacy, Inc.",PH,263235,Active,09/08/2008,06/30/2026,9843 Windisch Road,,West Chester,,OH,45069,pharder@humana.com
"CenterWell Pharmacy, Inc.",PH,262768,Active,04/25/2006,06/30/2026,4302 West Buckeye Road,,Phoenix,,AZ,85043,nhunnell@humana.com
"CentraCare Health - Benson, LLC",PH,266678,Active,11/29/2022,06/30/2026,1815 Wisconsin Ave,,Benson,Swift,MN,56215,spayne@centracare.com
CentraCare Health - Long Prairie,PH,261653,Active,01/01/1999,06/30/2026,50 Centracare Dr,,Long Prairie,Todd,MN,56347,hagenc@centracare.com
CentraCare Health - Paynesville LLC,PH,264213,Active,09/30/2013,06/30/2026,200 First St W,,Paynesville,Stearns,MN,56362,jennifer.klocker@centracare.com
CentraCare Health - Sauk Centre,PH,264009,Active,12/19/2012,06/30/2026,425 Elm St N,,Sauk Centre,Stearns,MN,56378,heinende@centracare.com
CentraCare Health System - Melrose (dba) CentraCare - Melrose Hospital,PH,201003,Active,07/10/1975,06/30/2026,525 Main St W,,Melrose,Stearns,MN,56352,jody.lavoi@centracare.com
"CentraCare Health System - NR, LLC (dba) Centracare - Monticello",PH,264079,Active,03/25/2013,06/30/2026,1013 Hart Blvd,,Monticello,Wright,MN,55362,kaitlyn.stenberg@centracare.com
CentraCare Pharmacy Services LLC (dba) CentraCare -Northway Pharmacy,PH,261081,Active,03/14/1994,06/30/2026,"1555 Northway Drive, Suite 150",,St Cloud,Stearns,MN,56303,karskyk@centracare.com
"Central Rx Services, LLC (dba) CVS/Specialty or CarelonRx Specialty",PH,265947,Active,10/11/2019,06/30/2026,1451 Center Crossing Rd,,Las Vegas,,NV,89144,permitinfo@cvshealth.com
"Charleston Area Medical Center, Inc (dba) CAMC Pharmacy #5",PH,267118,Active,04/18/2025,06/30/2026,400 Association Drive,,Charleston,,WV,25311,kortney.browning@vandaliahealth.org
"Chartwell Midwest Wisconsin, LLC (dba) UW Health Care Direct",PH,266042,Active,04/01/2020,06/30/2026,1345 Deming Way,Ste 100,Middleton,,WI,53562,caredirect@uwhealthcaredirect.com
"Chartwell Pennsylvania, LP",PH,266699,Active,02/09/2023,06/30/2026,1001 Oakdale Road,,Oakdale,,PA,15071,praneetha.kadari@carepathrxllc.com
"Chen Shwezin, Inc. (dba)Park Compounding Pharmacy",PH,266539,Active,03/25/2022,06/30/2026,4333 Park Terrace Dr,Suite 160,Westlake Village,,CA,91361,compoundrxjustin@yahoo.com
"Chewy Pharmacy DFW8, LLC.",PH,266962,Active,07/31/2024,06/30/2026,7243 Grady Niblo Road,Suite 100,Dallas,,TX,75236,pharmacylicensing@chewy.com
"Chewy Pharmacy MCO4, LLC",PH,267010,Active,09/13/2024,06/30/2026,3376 NW 35th Avenue Road,,Ocala,,FL,34475,pharmacylicensing@chewy.com
"Chewy Pharmacy, LLC",PH,266537,Active,03/23/2022,06/30/2026,360 Research Drive,,Pittston,,PA,18640,PharmacyLicensing@chewy.com
"Chewy Pharmacy, LLC",PH,265907,Active,07/19/2019,06/30/2026,"11403 Bluegrass Parkway, Suite 650",,Louisville,,KY,40299,SDF4@chewy.com
"Chewy Pharmacy, LLC",PH,265821,Active,04/25/2019,06/30/2026,255 South 143rd Ave Ste B,,Goodyear,,AZ,85338,pharmacylicensing@chewy.com
Children's Health Care,PH,262015,Active,07/09/2001,06/30/2026,2530 Chicago Ave S,,Minneapolis,Hennepin,MN,55404,wendy.zuniga@childrensmn.org
Children's Health Care (dba) Children's Hospitals & Clinics of Minnesota ,PH,261994,Active,02/06/2001,06/30/2026,345 North Smith Avenue,,St Paul,Ramsey,MN,55102,bill.bunzli@childrensmn.org
Children's Health Care (dba) Children's Hospitals And Clinics of Minnesota,PH,263375,Active,05/20/2009,06/30/2026,2530 Chicago Ave S,,Minneapolis,Hennepin,MN,55404,mary.laplant@childrensmn.org
Children`s Health Care (dba) Children's Minnesota,PH,200991,Active,07/10/1975,06/30/2026,2525 Chicago Ave S Ms 32-1667,,Minneapolis,Hennepin,MN,55404,megan.matack@childrensmn.org
"CHS Pharmacy Services, Inc. (dba) CarolinaCARE",PH,266506,Active,02/14/2022,06/30/2026,4400 Golf Acres Dr,"Bldg J, Suite C",Charlotte,,NC,28208,frank.mccree@atriumhealth.org
CI Pharmacy Services LTD (dba) GuidePoint Pharmacy #106,PH,263734,Active,07/26/2011,06/30/2026,20 W Main St,,Crosby,Crow Wing,MN,56441,mike.ci@guidepointpharmacy.com
Civic Center Pharmacy LLC,PH,267143,Active,06/17/2025,06/30/2026,7331 E Osborn Dr,Suite 208,Scottsdale,,AZ,85251,licensing@chemistryrx.com
"Clark's Specialty Pharmacy, LLC (dba) Big Country Dermatology Pharmacy",PH,267351,Active,02/20/2026,06/30/2026,17 Windmill Circle,Ste B,Abilene,,TX,79606,lighthouseai-tx@bigcountrypharmacy.com
"ClearMedix Pharmacy, LLC (dba) ClearMedix Pharmacy",PH,267116,Active,04/01/2025,06/30/2026,"510 E Wilson Bridge Rd., Suite D",,Worthington,,OH,43085,info@clearmedixpharmacy.com
"Clinical Solutions, LLC",PH,265512,Active,07/01/2018,06/30/2026,416 Mary Lindsay Polk Dr. Ste 515,,Franklin,,TN,37067,christi@cspmeds.com
"Clinical Specialties, Inc.",PH,266817,Active,09/26/2023,06/30/2026,6288 Hudson Crossing Pkwy,,Hudson,,OH,44236,oc-peandl@optioncare.com
"Clinical Specialty Infusions of Dallas, LLC (dba)  CSI Pharmacy",PH,266553,Active,04/19/2022,06/30/2026,459 E. New Boston Rd.,,Nash,,TX,75569,alisha.smith@csipharmacy.com
"Clinical Specialty Infusions of Dallas, LLC (dba) CSI Pharmacy - OH",PH,266718,Active,03/28/2023,06/30/2026,8868 Beckett Road,Suite B,West Chester,,OH,45069,John.payne@csipharmacy.com
"CoAssist Pharmacy, LLC",PH,266915,Active,05/22/2024,06/30/2026,2400 Sand Lake Road,Suite 200,Orlando,,FL,32809,CoAssist.pharmacy@assistrx.com
Coborn's Incorporated,PH,260962,Active,12/07/1992,06/30/2026,495 West North Street,,Owatonna,Steele,MN,55060,chris.leko@cobornsinc.com
Coborn's Incorporated (dba) Cash Wise Pharmacy #3015,PH,261581,Active,10/01/1998,06/30/2026,3300 Highway 10 East,,Moorhead,Clay,MN,56560,chris.leko@cobornsinc.com
Coborn's Incorporated (dba) Coborn's Central Support Pharmacy #9942,PH,265841,Active,05/16/2019,06/30/2026,"110 1st St S, Suite C",,Sauk Rapids,Benton,MN,56379,chris.leko@cobornsinc.com
Coborn's Incorporated (dba) Coborn's Pharmacy #2001,PH,261025,Active,11/09/1993,06/30/2026,"110 First Street South, Suite A",,Sauk Rapids,Benton,MN,56379,chris.leko@cobornsinc.com
Coborn's Incorporated (dba) Coborn's Pharmacy #2048,PH,266433,Active,11/01/2021,06/30/2026,630 Ryan's Way,,Buffalo,Wright,MN,55313,chris.leko@cobornsinc.com
"Coborn's, Incorporated (dba) Coborn's Specialty Pharmacy",PH,266794,Active,08/11/2023,06/30/2026,110 First Street South,Suite D,Sauk Rapids,Benton,MN,56379,specialtyrx@cobornsinc.com
Coborn’s Incorporated (dba) Cash Wise Pharmacy #3004,PH,260556,Active,07/01/1989,06/30/2026,1300 5th Street Se,,Willmar,Kandiyohi,MN,56201,chris.leko@cobornsinc.com
Coborn’s Incorporated (dba) Cash Wise Pharmacy #3009,PH,260398,Active,04/15/1987,06/30/2026,113 South Waite Avenue,,Waite Park,Stearns,MN,56387,chris.leko@cobornsinc.com
Coborn’s Incorporated (dba) Cash Wise Pharmacy #3011,PH,261002,Active,04/05/1993,06/30/2026,1020 Highway 15 South,,Hutchinson,McLeod,MN,55350,chris.leko@cobornsinc.com
Coborn’s Incorporated (dba) Coborn's Pharmacy,PH,261254,Active,03/15/1995,06/30/2026,1105 2nd Avenue Ne,,Little Falls,Morrison,MN,56345,chris.leko@cobornsinc.com
Coborn’s Incorporated (dba) Coborn's Pharmacy #2002,PH,261544,Active,05/11/1998,06/30/2026,161 Glen Street,,Foley,Benton,MN,56329,chris.leko@cobornsinc.com
Coborn’s Incorporated (dba) Coborn's Pharmacy #2007,PH,261225,Active,04/10/1995,06/30/2026,707 1st Avenue North,,Sartell,Stearns,MN,56377,chris.leko@cobornsinc.com
Coborn’s Incorporated (dba) Coborn's Pharmacy #2008,PH,262607,Active,06/13/2005,06/30/2026,705 County Road 75 NW,,Clearwater,Wright,MN,55320,chris.leko@cobornsinc.com
Coborn’s Incorporated (dba) Coborn's Pharmacy #2016,PH,262402,Active,04/29/2004,06/30/2026,645 Lake Street South,,Long Prairie,Todd,MN,56347,chris.leko@cobornsinc.com
Coborn’s Incorporated (dba) Coborn's Pharmacy #2017,PH,261446,Active,06/30/1997,06/30/2026,710 Frankie Lane,,Mora,Kanabec,MN,55051,chris.leko@cobornsinc.com
Coborn’s Incorporated (dba) Coborn's Pharmacy #2019,PH,261545,Active,07/26/1998,06/30/2026,1100 7th Avenue South,,Princeton,Mille Lacs,MN,55371,chris.leko@cobornsinc.com
Coborn’s Incorporated (dba) Coborn's Pharmacy #2022,PH,261579,Active,11/24/1998,06/30/2026,214 12th St S,,Sauk Centre,Stearns,MN,56378,chris.leko@cobornsinc.com
Coborn’s Incorporated (dba) Coborn's Pharmacy #2023,PH,261580,Active,08/01/1998,06/30/2026,19425 Evans Street NW,,Elk River,Sherburne,MN,55330,chris.leko@cobornsinc.com
Coborn’s Incorporated (dba) Coborn's Pharmacy #2024,PH,266059,Active,04/24/2020,06/30/2026,2150 Dakota Ave S,,Huron,,SD,57350,chris.leko@cobornsinc.com
Coborn’s Incorporated (dba) Coborn's Pharmacy #2027,PH,262764,Active,06/05/2006,06/30/2026,2211 11Th Street East,,Glencoe,McLeod,MN,55336,chris.leko@cobornsinc.com
Coborn’s Incorporated (dba) Coborn's Pharmacy #2028,PH,262087,Active,11/30/2001,06/30/2026,1400 Babcock Blvd. East,,Delano,Wright,MN,55328,chris.leko@cobornsinc.com
Coborn’s Incorporated (dba) Coborn's Pharmacy #2029,PH,262195,Active,11/06/2002,06/30/2026,5698 Lacentre Avenue Northeast,,Albertville,Wright,MN,55301,chris.leko@cobornsinc.com
Coborn’s Incorporated (dba) Coborn's Pharmacy #2031,PH,262331,Active,07/09/2003,06/30/2026,711 Rose Drive,,Big Lake,Sherburne,MN,55309,chris.leko@cobornsinc.com
Coborn’s Incorporated (dba) Coborn's Pharmacy #2032,PH,262462,Active,07/30/2004,06/30/2026,1725 Pinecone Road South,,Sartell,Stearns,MN,56377,chris.leko@cobornsinc.com
Coborn’s Incorporated (dba) Coborn's Pharmacy #2033,PH,262641,Active,09/01/2005,06/30/2026,7900 Sunwood Drive NW,,Ramsey,Anoka,MN,55303,chris.leko@cobornsinc.com
Coborn’s Incorporated (dba) Coborn's Pharmacy #2034,PH,263895,Active,07/01/2012,06/30/2026,1106 8th St SW,,Pipestone,Pipestone,MN,56164,chris.leko@cobornsinc.com
Coborn’s Incorporated (dba) Coborn's Pharmacy #2035,PH,260986,Active,01/25/1993,06/30/2026,900 Cooper Ave S,,St Cloud,Stearns,MN,56301,chris.leko@cobornsinc.com
Coborn’s Incorporated (dba) Coborn's Pharmacy #2037,PH,263092,Active,09/26/2007,06/30/2026,225 33rd Street West,,Hastings,Dakota,MN,55033,chris.leko@cobornsinc.com
Coborn’s Incorporated (dba) Coborn's Pharmacy #2038,PH,263169,Active,04/08/2008,06/30/2026,200 Alton Ave Se,,New Prague,Le Sueur,MN,56071,chris.leko@cobornsinc.com
Coborn’s Incorporated (dba) Coborn's Pharmacy #2039,PH,263274,Active,12/10/2008,06/30/2026,1500 Elm Street E,,St Joseph,Stearns,MN,56374,chris.leko@cobornsinc.com
Coborn’s Incorporated (dba) Coborn's Pharmacy #2042,PH,263605,Active,10/29/2010,06/30/2026,1010 E Enterprise Drive,,Belle Plaine,Scott,MN,56011,chris.leko@cobornsinc.com
Coborn’s Incorporated (dba) Coborn's Pharmacy #2043,PH,263799,Active,12/13/2011,06/30/2026,105 E Main St,,Melrose,Stearns,MN,56352,chris.leko@cobornsinc.com
Coborn’s Incorporated (dba) Coborn's Pharmacy #2046,PH,265103,Active,08/17/2016,06/30/2026,209 6th Ave NE,,Isanti,Isanti,MN,55040,chris.leko@cobornsinc.com
Cokato Drug LLC (dba) Cokato Keaveny Drug,PH,265786,Active,03/11/2019,06/30/2026,205 Broadway Ave. S,,Cokato,Wright,MN,55321,license@nucara.com
College Pharmacy Inc.,PH,263133,Active,01/03/2008,06/30/2026,3505 Austin Bluffs Parkway,Suite 101,Colorado Springs,,CO,80918,jerry@collegepharmacy.com
CommonSpirit Health (dba) ePharmacist Direct,PH,264443,Active,07/01/2014,06/30/2026,2400 St. Francis Dr,Suite: Railways 768,Breckenridge,Wilkin,MN,56520,karen.finck@commonspirit.org
CommonSpirit Health (dba) ePharmacist Direct,PH,266508,Active,02/25/2022,06/30/2026,4265 45th St S,Suite 200,Fargo,,ND,58104,karen.finck@commonspirit.org
Community Memorial Hospital Association,PH,200999,Active,07/10/1975,06/30/2026,512 Skyline Boulevard,,Cloquet,Carlton,MN,55720,mhoeffling@cmhmn.org
"Community Pharmacy Services, LLC (dba) Consonus Pharmacy Ankeny",PH,266682,Active,11/30/2022,06/30/2026,2501 SE Tones Dr,Ste 200,Ankeny,,IA,50021,bldondlinger@consonushealth.com
"Community Pharmacy Services, LLC (dba) Consonus Pharmacy Gretna",PH,266807,Active,08/30/2023,06/30/2026,21689 Northstar Dr.,,Gretna,,NE,68028,wphoefer@consonushealth.com
Como Pharmacy,PH,264601,Active,11/25/2014,06/30/2026,"217 Como Ave, Suite 107",,St Paul,Ramsey,MN,55103,comopharmacy@gmail.com
"Compound Pharmaceutical Technologies, Inc",PH,263404,Active,07/30/2009,06/30/2026,1048 Stanton Road,Suite B,Daphne,,AL,36526,sarah@cptinc.org
"Compounding Pharmacies of Louisiana, Inc. (dba) Professional Arts Pharmacy",PH,265986,Active,12/27/2019,06/30/2026,128 Curran Ln,,Lafayette,,LA,70506,davidm@professionalarts.com
"Consana Health Services, LLC",PH,266862,Active,01/02/2024,06/30/2026,1010 E. Arapaho Road,Suite 102,Richardson,,TX,75081,info@consanahealth.com
"Consonus Pharmacy Services Minnesota, LLC (dba) Consonus Pharmacy Minnesota",PH,266790,Active,08/04/2023,06/30/2026,2915 Commers Dr,Ste 700,Eagan,Dakota,MN,55121,kmjanssen@consonushealth.com
Cook County Hospital District (dba) North Shore Health,PH,200296,Active,06/19/1975,06/30/2026,515 Fifth Avenue West,,Grand Marais,Cook,MN,55604,kimber.wraalstad@northshorehealthgm.org
Cook's Pharmacy of Shavertown Inc. (dba) Cooks Pharmacy,PH,266510,Active,02/28/2022,06/30/2026,1909 Memorial Hwy,,Shavertown,,PA,18708,cooksrx@aol.com
Coram Alternate Site Services Inc. (dba) Coram CVS/specialty infusion services ,PH,261268,Active,04/06/1995,06/30/2026,2345 Waters Drive,,Mendota Heights,Dakota,MN,55120,permitinfo@cvshealth.com
"Coram Alternate Site Services, Inc. (dba) Coram CVS/Specialty Infusion Services",PH,267090,Active,02/11/2025,06/30/2026,12310 World Trade Drive,Suite 100,San Diego,,CA,92128,permitinfo@cvshealth.com
"Coram Alternate Site Services, Inc. (dba) Coram CVS/Specialty Infusion Services",PH,267092,Active,02/20/2025,06/30/2026,6 Spring Mill Drive,,Malvern,,PA,19355,permitinfo@cvshealth.com
Corner Drug Store of Wahpeton Inc. (dba) Corner Drug Store,PH,260580,Active,06/19/1989,06/30/2026,619 Dakota Ave,,Wahpeton,,ND,58075,cornerdrug@midconetwork.com
"Corporate Pharmacy Services, Inc.",PH,263356,Active,03/16/2009,06/30/2026,319 Broad Street,,Gadsden,,AL,35901,pharmacist@corporatepharmacy.com
"Correct Rx Pharmacy Services, Inc.",PH,262346,Active,09/03/2003,06/30/2026,1352 Charwood Road,Suite C,Hanover,,MD,21076,eyankellow@correctrxpharmacy.com
Cosmo Care LLC,PH,267293,Active,12/02/2025,06/30/2026,2218 East Lake Street,Suite C,Minneapolis,Hennepin,MN,55407,iosman@cosmocosmetics.com
Costco Wholesale Corporation (dba) Costco Pharmacy,PH,265930,Active,10/02/2019,06/30/2026,"260 Logistics Ave., Suite C",,Jeffersonville,,IN,47130,d01347phm@costco.com
Costco Wholesale Corporation (dba) Costco Pharmacy,PH,265968,Active,11/13/2019,06/30/2026,"260 Logistics Ave., Suite A",,Jeffersonville,,IN,47130,d01349phm@costco.com
Costco Wholesale Corporation (dba) Costco Pharmacy,PH,266304,Active,03/24/2021,06/30/2026,Costco Wholesale Corporation,"260 Logistics Ave, Suite B",Jeffersonville,,IN,47130,d01348phm@costco.com
Costco Wholesale Corporation (dba) Costco Pharmacy #1032/562,PH,263396,Active,07/15/2009,06/30/2026,215 Deininger Circle,,Corona,,CA,92880,d562phm@costco.com
Costco Wholesale Corporation (dba) Costco Pharmacy #1422,PH,266436,Active,10/28/2021,06/30/2026,4611 W. Arrowhead Rd,,Duluth,St Louis,MN,55811,w01422phm@costco.com
Costco Wholesale Corporation (dba) Costco Pharmacy #1646,PH,266927,Active,06/12/2024,06/30/2026,2 Oakridge Dr,,Chaska,Carver,MN,55318,pharmacylicenses@costco.com
Costco Wholesale Corporation (dba) Costco Pharmacy #1710,PH,266992,Active,08/30/2024,06/30/2026,310 Integrity Drive,Suite 105,Madison,,WI,53717,pharmacylicenses@costco.com
Costco Wholesale Corporation (dba) Costco Pharmacy #1748,PH,267146,Active,06/23/2025,06/30/2026,"6801 Seaway Blvd., Suite A-2",,Everett,,WA,98203,pharmacylicenses@costco.com
Costco Wholesale Corporation (dba) Costco Pharmacy #372,PH,262036,Active,10/23/2001,06/30/2026,12547 Riverdale Boulevard,,Coon Rapids,Anoka,MN,55433,pharmacylicenses@costco.com
Costco Wholesale Corporation (dba) Costco Pharmacy #570,PH,263455,Active,12/10/2009,06/30/2026,"215 Deininger Circle, Suite A",,Corona,,CA,92880,d570phm@costco.com
Costco Wholesale Corporation (dba) Costco Pharmacy #648,PH,262900,Active,10/19/2006,06/30/2026,11330 Fountains Drive North,,Maple Grove,Hennepin,MN,55369,w648phm@costco.com
Costco Wholesale Corporation (dba) Costco Wholesale #1021,PH,263228,Active,08/19/2008,06/30/2026,1431 Beam Ave,,Maplewood,Ramsey,MN,55109,w01021phm@costco.com
Costco Wholesale Corporation (dba) Costco Wholesale #1087,PH,263612,Active,11/12/2010,06/30/2026,14050 Burnhaven Drive,,Burnsville,Dakota,MN,55337,w01087phm@costco.com
Costco Wholesale Corporation (dba) Costco Wholesale #1122,PH,263973,Active,10/03/2012,06/30/2026,13650 Elder Dr,,Baxter,Crow Wing,MN,56425,pharmacylicenses@costco.com
Costco Wholesale Corporation (dba) Costco Wholesale #1125,PH,263982,Active,10/26/2012,06/30/2026,2020 Commerce Dr NW,,Rochester,Olmsted,MN,55901,w01125phm@costco.com
Costco Wholesale Corporation (dba) Costco Wholesale #1272,PH,265433,Active,10/24/2017,06/30/2026,7070 Tamarack Rd,,Woodbury,Dakota,MN,55125,w01272phm@costco.com
Costco Wholesale Corporation (dba) Costco Wholesale #1344,PH,265868,Active,06/29/2019,06/30/2026,3636 2nd Street South,,St Cloud,Stearns,MN,56301,w01344phm@costco.com
Costco Wholesale Corporation (dba) Costco Wholesale #1363,PH,265950,Active,10/16/2019,06/30/2026,995 Blue Gentian Road,,Eagan,Dakota,MN,55121,w01363phm@costco.com
Costco Wholesale Corporation (dba) Costco Wholesale #377,PH,261961,Active,11/10/2000,06/30/2026,5801 West 16th Street,,St Louis Park,Hennepin,MN,55416,pharmacylicenses@costco.com
Costco Wholesale Corporation (dba) Costco Wholesale #783,PH,262521,Active,11/18/2004,06/30/2026,12011 Technology Drive,,Eden Prairie,Hennepin,MN,55344,w783phm@costco.com
Cottrill's Pharmacy Inc,PH,266981,Active,08/19/2024,06/30/2026,4919 Ellicott Rd,,Orchard Park,,NY,14127,patientcare@cottrillspharmacy.com
Country Manor Campus LLC (dba) Country Store and Pharmacy,PH,262882,Active,09/18/2006,06/30/2026,520 First Street NE,Suite A,Sartell,Stearns,MN,56377,jlemm@countrymanor.org
Country Store And Pharmacy,PH,261738,Active,08/16/1999,06/30/2026,520 First Street Ne,,Sartell,Stearns,MN,56377,jlemm@countrymanorcampus.org
Countryside Pharmacy LLC (dba) Shields Pharmacy,PH,266966,Active,08/05/2024,06/30/2026,"2196 Main St, Ste. A",,Dunedin,,FL,34698,shieldspharmacy1@gmail.com
CoverMyMeds Pharmacy LLC,PH,266916,Active,05/22/2024,06/30/2026,"4971 Southridge Blvd, Ste 115",,Memphis,,TN,38141,pharmacylicensing@mckesson.com
CoverMyMeds Pharmacy LLC,PH,266910,Active,05/07/2024,06/30/2026,845 Regent Blvd,Suite 100A & 100B,Irving,,TX,75063,pharmacylicensing@covermymeds.com
CoverMyMeds Pharmacy LLC,PH,266911,Active,05/07/2024,06/30/2026,5101 Jeff Commerce Dr,Ste A,Louisville,,KY,40219,pharmacylicensing@covermymeds.com
"Covetrus North America, LLC",PH,266504,Active,02/14/2022,06/30/2026,12 Mountfort St,Unit 2,Portland,,ME,04101,cgpm-rxlicensing@covetrus.com
"Covetrus North America, LLC",PH,266571,Active,05/13/2022,06/30/2026,14800 FAA Blvd,Ste 150,Fort Worth,,TX,76155,CGPM-RxLicensing@covetrus.com
"Covetrus North America, LLC",PH,266487,Active,01/20/2022,06/30/2026,5013 S 110th St,,Omaha,,NE,68137,CGPM-RxLicensing@covetrus.com
"Covetrus North America, LLC",PH,266496,Active,01/28/2022,06/30/2026,2401 W Grandview Rd,Ste 100,Phoenix,,AZ,85023,cgpm-rxlicensing@covetrus.com
CPRX Pharmacy LP (dba) CPRX Pharmacy,PH,267288,Active,11/26/2025,06/30/2026,3811 Bee Cave Rd,Ste 100,Austin,,TX,78746,dforsmann@cedarparkpharmacy.com
"CPS Telepharmacy, Inc. (dba) CPS Telepharmacy",PH,263758,Active,09/02/2011,06/30/2026,"1751 W Diehl Rd, Suite 110",,Naperville,,IL,60563,orxpharmlic@optum.com
Creative Compounds Inc. (dba) Harbor Compounding and Home Health Care Pharmacy,PH,267164,Active,07/16/2025,06/30/2026,3500 W Lake Center Dr,Suite B,Santa Ana,,CA,92704,info@harborcompounding.com
Credena Health LLC,PH,266739,Active,06/12/2023,06/30/2026,7376 SW Durham Road,,Portland,,OR,97224,homeservices3@providence.org
Crescent Healthcare Inc.,PH,262481,Active,07/20/2004,06/30/2026,"11980 Telegraph Rd, Suite 102",,Santa Fe Springs,,CA,90670,oc-peandl@optioncare.com
"Crimson Care Pharmacy Group II, LLC (dba) Cody Drug",PH,267283,Active,11/19/2025,06/30/2026,1505 S Broadway Street,,Sulphur Springs,,TX,75482,codydrugrx@gmail.com
"Crosswind Pharmaceuticals, LLC (dba) Northwind Pharmacy",PH,266281,Active,02/11/2021,06/30/2026,"Crosswind Pharmaceuticals, Llc",4838 Fletcher Ave Suite 2000,Indianapolis,,IN,46203,compliance@nwpharma.com
"CRx Specialty Solution Pharmacy, LLC (dba) CRx Specialty Solution Pharmacy",PH,266217,Active,11/02/2020,06/30/2026,407 Bienville St,,Natchitoches,,LA,71457,robbie.chambliss@crxspecialty.com
"CSR/AVP Holdings, LLC (dba) PETPAWSRX",PH,266283,Active,02/11/2021,06/30/2026,"11701 Centennial Rd, Suites 2 And 3",,Lavista,,NE,68128,sremington@csrcoinc.com
"CTCA RX, LLC (dba) City of Hope Pharmacy",PH,265622,Active,07/23/2018,06/30/2026,"Ctca Rx, Llc",610 Celebrate Life Parkway,Newnan,,GA,30265,licensing@maxor.com
"Curant Health Florida, LLC",PH,264239,Active,10/21/2013,06/30/2026,11001 Roosevelt Blvd N,Suite 1400,St. Petersburg,,FL,33716,gcerio@curanthealth.com
Curant Health Georgia LLC,PH,263810,Active,12/20/2011,06/30/2026,200 Technology Ct SE,Bldg. 200 Suite B,Smyrna,,GA,30082,dcarver@curanthealth.com
"Curative Pharmacy, LLC",PH,266858,Active,12/12/2023,06/30/2026,2800 Longhorn Blvd,Suite 102,Austin,,TX,78758-7624,pharmacy@curative.com
"Cure Stat Rx Home Infusion and Specialty Pharmacy, Inc.",PH,266835,Active,10/17/2023,06/30/2026,6725 Mesa Ridge Rd.,Suite 202 & 230,San Diego,,CA,92121,pharmacy@curestatrx.com
"Curexa - East, LLC (dba) Curexa",PH,266455,Active,11/17/2021,06/30/2026,3007 Ocean Heights Ave,,Egg Harbor Township,,NJ,08234,compliance@curexa.com
"Curexa - West, LLC (dba) Curexa",PH,266826,Active,09/28/2023,06/30/2026,1343 North Colorado St.,Suite 109,Gilbert,,AZ,85233,Licensing@curexa.com
"Curexa East II, LLC (dba) Curexa",PH,266543,Active,04/07/2022,06/30/2026,236 E Jimmie Leeds Rd,Suite C,Galloway,,NJ,08205,compliance@curexa.com
Custom Medicine Pharmacenter,PH,267059,Active,12/17/2024,06/30/2026,140 Rantoul Street,Retail #1,Beverly,,MA,01915,info@custommedicine.com
"Custom Rx, LLC (dba) Belmar Pharmacy",PH,266641,Active,09/26/2022,06/30/2026,3510 North Ridge Road,Suite 900,Wichita,,KS,67205,michelle.violi@belmarpharma.com
Cuyuna Lakes Pharmacy LLC,PH,265133,Active,08/01/2016,06/30/2026,"320 East Main St, Suite 2",,Crosby,Crow Wing,MN,56441,pharmacy@cuyunamed.org
Cuyuna Lakes Pharmacy LLC (dba) Cuyuna Lakes Pharmacy #2,PH,266624,Active,09/01/2022,06/30/2026,22418 State Hwy 6,Suite 400,Crosby,Crow Wing,MN,56441,crosby-superone-pharmacy@cuyunamed.org
Cuyuna Regional Medical Center,PH,265134,Active,08/05/2016,06/30/2026,320 East Main St,,Crosby,Crow Wing,MN,56441,justin.richards@cuyunamed.org
"CVS Rx Services, Inc. (dba) Retail Pharmacy Customer Care Center",PH,263759,Active,09/02/2011,06/30/2026,2100 Highland Corporate Park Drive,,Cumberland,,RI,02864,rhiannon.ciampanelli@cvshealth.com
"Cystic Fibrosis Services, LLC (dba) Walgreens Specialty Pharmacy #16280",PH,265286,Active,03/02/2017,06/30/2026,10530 John W Elliott Dr,Suite 200,Frisco,,TX,75033,specialtylicenses@walgreens.com
"Dakota PrecisionRx, Inc.",PH,264776,Active,06/30/2015,06/30/2026,705 E Main Ave,Suite 200,Bismarck,,ND,58501,darcy@precisionrxlabs.com
"Dania Discount Drug Inc (dba) Dania Rexall, Part B Specialists",PH,267169,Active,07/22/2025,06/30/2026,5420 NW 33 Ave,Ste 7B,Ft. Lauderdale,,FL,33309,licensingdd@daniarexall.com
Dania Rexall Pharmacy & Medical Supply Inc,PH,267167,Active,07/22/2025,06/30/2026,5420 NW 33 Ave,Ste 7A,Ft. Lauderdale,,FL,33309,licensingDR@daniarexall.com
DAS Pharmaceuticals Inc. (dba) Samuelson's Drug Store,PH,263286,Active,01/26/2009,06/30/2026,118 West 5th Street,P.O. Box 399,Starbuck,Pope,MN,56381,samsdrug@hcinet.net
Dawson Drug PLLC (dba) Dawson Drug & Gifts,PH,264280,Active,12/20/2013,06/30/2026,812 6th St,,Dawson,Lac qui Parle,MN,56232,evertolesen@dawsondrug.com
"DDCRX, LLC (dba) Exact Care Pharmacy",PH,265768,Active,02/13/2019,06/30/2026,2701 Highpoint Oaks Dr,#100,Lewisville,,TX,75067,regulatory@anewhealthrx.com
"DDP Pharmacy INC (dba) Drugco Health, Drugco Discount Pharmacy",PH,267041,Active,11/06/2024,06/30/2026,107 Smith Church Rd,,Roanoke Rapids,,NC,27870,drew@drugcopharmacy.com
"Decillion Healthcare, LLC (dba) BioMatrix Specialty Pharmacy OH",PH,265525,Active,03/16/2018,06/30/2026,270 Cramer Creek Ct.,,Dublin,,OH,43017,rachel.marchiano@biomatrixsprx.com
Deer River Healthcare Center Inc. (dba) Essentia Health Deer River,PH,204876,Active,12/13/1976,06/30/2026,115 10th Ave NE,,Deer River,Itasca,MN,56636,hannah.athman@essentiahealth.org
"DEGC Enterprises (U.S.), Inc. (dba) CCS Medical",PH,261722,Active,07/15/1999,06/30/2026,14255 49th Street North #301,,Clearwater,,FL,33762,licensing@ccsmed.com
"DEGC Enterprises (U.S.), Inc. (dba) CCS Medical",PH,261998,Active,02/14/2001,06/30/2026,3601 Thirlane Road NW Suite 4,,Roanoke,,VA,24019,licensing@ccsmed.com
"DeliverCareRx Pharmacy, LLC",PH,264707,Active,04/28/2015,06/30/2026,"1471 E Business Center Dr, Ste 200",,Mt. Prospect,,IL,60056,mcardamone@delivercarerx.com
Devron System Inc (dba) Simple Rx Pharmacy,PH,265878,Active,07/01/2019,06/30/2026,711 E. Lamar Blvd,Suite 106,Arlington,,TX,76011,simple.rx.pharm@gmail.com
DGN Pharmacy Inc. (dba) Personal RX,PH,266701,Active,02/09/2023,06/30/2026,20 Murray Hill Pkwy,Suite 210,East Rutherford,,NJ,07073,compliance@personalrx.com
"Diabetes Supply Center of the Midlands, LLC",PH,266550,Active,04/14/2022,06/30/2026,10304 Crown Point Ave,,Omaha,,NE,68134,licensing@adapthealth.com
"Diabetic Care Rx, LLC (dba) DCRX Infusion, Patient Care America",PH,267079,Active,01/24/2025,06/30/2026,3890 Park Central Blvd North,,Pompano Beach,,FL,33064,rph@pcacorp.com
"Diamond Drugs, Inc. (dba) Diamond Pharmacy Services",PH,262049,Active,08/02/2001,06/30/2026,645 Kolter Drive,,Indiana,,PA,15701,sgetty@diamondpharmacy.com
Dignity Health (dba) St Joseph's McAuley Pharmacy,PH,266209,Active,10/16/2020,06/30/2026,"500 W Thomas Rd, Ste 190",,Phoenix,,AZ,85013,erin.sharp@dignityhealth.org
Direct Meds Inc. (dba) Direct Meds Pharmacy Dept,PH,261909,Active,05/01/2000,06/30/2026,345 Grand Avenue,,Leonia,,NJ,07605,fbadin@directmedsusa.com
"Direct Pharmacy Source, Inc. (dba) DiRx",PH,266917,Active,05/22/2024,06/30/2026,3540 NW 56th Street,Suite #204,Ft. Lauderdale,,FL,33309,dirxcompliance@dirxhealth.com
"Diversified Pharmacy, Inc. (dba) Medivera Compounding Pharmacy",PH,267337,Active,01/28/2026,06/30/2026,5225 Crooks Rd,,Troy,,MI,48098,unicompoundrx@gmail.com
divvyMed LLC (dba) divvyDOSE,PH,266144,Active,07/29/2020,06/30/2026,4300 44th Ave,,Moline,,IL,61265,orxpharmlic@Divvydose.com
"Divyo Health Solutions, Inc.",PH,266568,Active,05/13/2022,06/30/2026,320 W 9th Street NE,,Rome,,GA,30165,mball@divyo.net
"DOC.COM Pharmacy, LLC",PH,267211,Active,09/23/2025,06/30/2026,69 McDowell St,,Welch,,WV,24801,rx@doc.com
Dogwood Pharmacy LLC (dba) MedScripts Medical Pharmacy,PH,266089,Active,05/31/2020,06/30/2026,1325 Miller Rd,Ste K,Greenville,,SC,29607,license@bioplusrx.com
"Dolan Central Illinois Compounding Pharmacy, LLC (dba) Preckshot Professional Pharmacy",PH,266459,Active,12/06/2021,06/30/2026,5832 N Knoxville Ave,Suite E,Peoria,,IL,61614,amy@preckshot.com
Dozak Drug LLC (dba) Wheaton Drug And Gifts,PH,265210,Active,12/27/2016,06/30/2026,1105 Broadway,,Wheaton,Traverse,MN,56296,wheatondrug@gmail.com
"Dragich & Dragich, Inc. (dba)  Village Pharmacy & Gift",PH,260501,Active,06/01/1988,06/30/2026,108 2nd Avenue South,,Sauk Rapids,Benton,MN,56379,villagepharmacy@villagemn.com
"Dragonfly Hospice Pharmacy, LLC.",PH,266947,Active,07/16/2024,06/30/2026,"100 Park Manor Drive, Suite 202",,Pittsburgh,,PA,15205,bridget.regan@deltacarerx.com
DRG Pharmacy LLC (dba) Hueneme Family Pharmacy,PH,267255,Active,10/22/2025,06/30/2026,401 N Lombard St,Ste A & B,Oxnard,,CA,93030,ContactUs@huenemefamily.com
"Drugs Are Us, Inc. (dba) Hopewell Pharmacy",PH,265683,Active,09/01/2018,06/30/2026,1 West Broad Street,,Hopewell,,NJ,08525,jhobson@hopewellrx.com
Dunklau Pharmacy Holdings LLC (dba) Midtown Express Pharmacy,PH,266416,Active,08/30/2021,06/30/2026,7123 Cockrill Bend Blvd,,Nashville,,TN,37209,info@MidtownExpressPharmacy.com
"DYL, LLC (dba) South Lake Pharmacy",PH,266810,Active,09/13/2023,06/30/2026,38101 5th Avenue,,Zephyrhills,,FL,33542,southlake.pharmacy@gmail.com
E-Rxhub LLC (dba) E-Rxhub,PH,267258,Active,10/22/2025,06/30/2026,34911 US Highway 19 N,,Palm Harbor,,FL,34684,Partners@e-rxhub.com
Eagle Pharmacy LLC (dba) Eagle Pharmacy,PH,266261,Active,01/12/2021,06/30/2026,350 Eagles Landing Drive,,Lakeland,,FL,33810,licensing@caretria.com
East Ottertail Pharmacy (dba) Perham Health Pharmacy,PH,260379,Active,01/15/1987,06/30/2026,1000 Coney St W,,Perham,Otter Tail,MN,56573,tracey.bovkoon@perhamhealth.org
"Easy Rx Pad, LLC (dba) Procure Pharmaceutical Services",PH,266982,Active,08/22/2024,06/30/2026,264 Smith Township State Road,Suite 5,Burgettstown,,PA,15021,pharmacylicenses@deltacarerx.com
"Ebenezer Management Services, Inc. (dba) Ebenezer Pharmacy",PH,267312,Active,01/02/2026,06/30/2026,1243 Red Fox Road,,Arden Hills,Ramsey,MN,55112,dan@ipsolutions.org
"Eden Pharmacy, LLC (dba) Eden",PH,267267,Active,11/03/2025,06/30/2026,8300 Carmel Ave,Suite 601,Albuquerque,,NM,87122,pharmacy.licensing@eden.health
ELA Pharmacy LLC (dba) SendRx,PH,267134,Active,05/27/2025,06/30/2026,1002 Bonaventure Drive,,Elk Grove Village,,IL,60007,info@elapharmacy.com
"Elevation Pharmacy, LLC",PH,266611,Active,07/19/2022,06/30/2026,1212 US-1 Suite A &amp; C,,North Palm Beach,,FL,33408,aj@elevationpharmacyrx.com
"ElitePharma-Rx, LLC (dba) Key Pharmacy",PH,267301,Active,12/10/2025,06/30/2026,613 Uptown Blvd,STE 105,Cedar Hill,,TX,75104,elitekeypharmacy@gmail.com
"Elko New Market Family Pharmacy, LLC",PH,266091,Active,06/04/2020,06/30/2026,117 Old Town Road,,Elko New Market,Scott,MN,55054,enmpharmacy@gmail.com
Ely Bloomenson Hospital Pharmacy,PH,200456,Active,06/19/1975,06/30/2026,328 West Conan Street,,Ely,St Louis,MN,55731,bhartshorn@ebch.org
"Empower Clinic Services, LLC (dba) Empower Pharmacy",PH,266486,Active,01/20/2022,06/30/2026,7601 N Sam Houston Parkway W,Suite 100,Houston,,TX,77064,snoorian@empowerpharmacy.com
"Empower Clinic Services, LLC (dba) Empower Pharmacy",PH,266366,Active,06/15/2021,06/30/2026,"7601 N Sam Houston Pkwy W, Ste 200",,Houston,,TX,77064,snoorian@empowerpharmacy.com
Enclara Pharmacia,PH,262167,Active,08/15/2002,06/30/2026,2525 Horizon Lake Drive,Suite 101,Memphis,,TN,38133,aScarborough@enclarapharmacia.com
Enclara Pharmacia Inc (dba) Enclara Pharmacia,PH,262699,Active,01/26/2006,06/30/2026,512 Elmwood Avenue,,Sharon Hill,,PA,19079,jfinger@ENCLARAPHARMACIA.com
EntirelyPets Pharmacy LLC,PH,264098,Active,04/21/2013,06/30/2026,34571 Seventh St,,Union City,,CA,94587,pharmacist@entirelypetspharmacy.com
Epiq Scripts LLC,PH,266680,Active,11/30/2022,06/30/2026,"465 W President George Bush HWY, Suite 240",,Richardson,,TX,75080,admin@epiqscripts.com
"Equi-Tox Pharma, LLC",PH,264853,Active,10/07/2015,06/30/2026,9818 Hwy 22,,Dresden,,TN,38225,kmatheny@equi-toxpharma.com
Equity Consulting Partners LLC (dba) Wellness Pharmacy,PH,266721,Active,04/07/2023,06/30/2026,45 10th St. W,Suite 1045,St Paul,Ramsey,MN,55102,knelson@mncare.org
Erickson's Diversified LLC (dba) Family Fare Pharmacy #3328,PH,267222,Active,10/02/2025,06/30/2026,623 Main Street,,Red Wing,Goodhue,MN,55066,snpharmacylicensing@spartannash.com
Erickson's Diversified LLC (dba) Family Fare Pharmacy #3330,PH,267221,Active,10/02/2025,06/30/2026,603 Division St. S,,Northfield,Rice,MN,55057,snpharmacylicensing@spartannash.com
Erickson's Diversified LLC (dba) Family Fare Pharmacy #3335,PH,267223,Active,10/02/2025,06/30/2026,951 East Frontage Road,,Litchfield,Meeker,MN,55355,snpharmacylicensing@spartannash.com
Erickson's Diversified LLC (dba) Family FreshMarketPharmacy,PH,267219,Active,10/02/2025,06/30/2026,612 South Minnesota Ave.,,Saint Peter,Nicollet,MN,56082,snpharmacylicensing@spartannash.com
Ericksons Diversified Corporation (dba) Family Fare Pharmacy,PH,200852,Active,07/10/1975,06/30/2026,612 South Minnesota Avenue,,St Peter,Nicollet,MN,56082,jessica.totten@spartannash.com
"ESI Mail Pharmacy Service, Inc. (dba) Express Scripts",PH,262277,Active,03/03/2003,06/30/2026,7909 South Hardy Suite 106,,Tempe,,AZ,85284,mpokorney@express-scripts.com
"ESI Mail Pharmacy Service, Inc. (dba) Express Scripts",PH,261901,Active,06/01/2000,06/30/2026,4600 North Hanley Road,,St Louis,,MO,63134,kkempf@express-scripts.com
"ESI Mail Pharmacy Service, Inc. (dba) Express Scripts",PH,264972,Active,01/22/2016,06/30/2026,4500 Alexander Blvd NE,,Albuquerque,,NM,87107,dkconnors@express-scripts.com
"ESI Mail Pharmacy Service, Inc. (dba) Express Scripts",PH,264975,Active,01/22/2016,06/30/2026,"433 River Street, Suite 800",,Troy,,NY,12180,marksp@express-scripts.com
"ESI Mail Pharmacy Service, Inc. (dba) Express Scripts",PH,266874,Active,01/26/2024,06/30/2026,"4600 North Hanley Rd., Suite D",,St. Louis,,MO,63134,CPoling@express-scripts.com
"ESI Mail Pharmacy Service, Inc. (dba) Express Scripts",PH,266681,Active,11/30/2022,06/30/2026,7909 S Hardy,Ste 111,Tempe,,AZ,85284,VDelaney@express-scripts.com
"Essentia Health Moose Lake, LLC (dba) Essentia Health Moose Lake",PH,266151,Active,08/10/2020,06/30/2026,4572 County Road 61,,Moose Lake,Carlton,MN,55767,robert.johnson@essentiahealth.org
"Essentia Health Virginia, LLC (dba) Essentia Health Virginia",PH,264001,Active,12/14/2012,06/30/2026,901 - 9th St N,,Virginia,St Louis,MN,55792,tara.parks@essentiahealth.org
"Essential Isotopes, LLC",PH,266497,Active,01/28/2022,06/30/2026,1513 Research Park Dr.,,Columbia,,MO,65211,cgrahl@radiopharmacy.com
Ethical Factor Rx LLC,PH,266114,Active,06/24/2020,06/30/2026,4213 Birney Ave,Ste 4,Avoca,,PA,18641,licensing@ethicalfactorrx.com
Eventus Rx LLC,PH,266625,Active,08/30/2022,06/30/2026,11300 Lindbergh Blvd.,Ste 107,Fort Myers,,FL,33913,compliance@pharmerica.com
Evergreen Pharmaceutical of California LLC (dba) Omnicare of Southern California ,PH,267093,Active,02/20/2025,06/30/2026,8220 Remmet Ave,,Canoga Park,,CA,91304,Permitinfo@cvshealth.com
"Eversana Life Science Services, LLC",PH,265518,Active,03/12/2018,06/30/2026,17877 Chesterfield Airport Road,,Chesterfield,,MO,63005,licensingstl@eversana.com
Everspring LLC,PH,266839,Active,10/23/2023,06/30/2026,1884 Lackland Hill Pkwy,Suite 6,Saint Louis,,MO,63146,kbrockmeyer@everspringrx.com
Evexia RX LLC (dba) Purescripts,PH,266057,Active,04/24/2020,06/30/2026,Evexia Rx Llc,5206 West 84th Street,Bloomington,Hennepin,MN,55437,stephani@purescriptsrx.com
"Evolutionary Pharmacy Solutions, LLC (dba) EPSRX",PH,267111,Active,03/17/2025,06/30/2026,"13619 Inwood Road, Suite 380",,Farmers Branch,,TX,75224,rseefried@evolutionaryrx.com
"Exact Care Pharmacy, LLC",PH,264619,Active,12/22/2014,06/30/2026,8333 Rockside Rd,,Valley View,,OH,44125,regulatory@anewhealthrx.com
Express Med Pharmaceuticals Inc. (dba) SelectRx PA,PH,266431,Active,09/30/2021,06/30/2026,3950 Brodhead Rd Suite 100,,Monaca,,PA,15061,joseph.marasco@selectrx.com
"Express Scripts Pharmacy, Inc.",PH,267192,Active,09/15/2025,06/30/2026,11000 Parker Drive,,North Huntingdon,,PA,15642,Adrienne.Baldini@evernorth.com
"Express Scripts Pharmacy, Inc. (dba) Express Scripts",PH,264492,Active,07/01/2014,06/30/2026,2040 Route 130 N,,Burlington,,NJ,08016,pcymbalski@express-scripts.com
"Express Scripts Pharmacy, Inc. (dba) Express Scripts",PH,264315,Active,01/29/2014,06/30/2026,4865 Dixie Highway,,Fairfield,,OH,45014,AJWilhelm@express-scripts.com
"Express Scripts Pharmacy, Inc. (dba) Express Scripts",PH,264321,Active,01/29/2014,06/30/2026,"13051 N Telecom Parkway, Suite 150",,Temple Terrace,,FL,33637,jennifer_backhus@express-scripts.com
"Express Scripts Pharmacy, Inc. (dba) Express Scripts",PH,264310,Active,01/29/2014,06/30/2026,4750 E 450 South,,Whitestown,,IN,46075,Robyn.Stewart@evernorth.com
"Express Scripts Specialty Distribution Services, Inc.",PH,266402,Active,07/30/2021,06/30/2026,4600 N Hanley Rd,Suite B,St. Louis,,MO,63134,Rightfax-PICLegal@express-scripts.com
F & F Pharmacies Inc (dba) Jungle Jim's Pharmacy,PH,267264,Active,10/29/2025,06/30/2026,5484 Dixie Hwy,,Fairfield,,OH,45014,licensing@junglejimrx.com
"F&F Scottsdale, LLC",PH,266937,Active,07/01/2024,06/30/2026,"17250 N Hartford Dr., Ste 115",,Scottsdale,,AZ,85255,ggw.licensing@gogomeds.com
Factor One Source Pharmacy LLC (dba) Infucare Rx of MD,PH,265752,Active,02/01/2019,06/30/2026,"Factor One Source Pharmacy, Llc",217 Glenn St. Ste 300,Cumberland,,MD,21502,licensing@infucarerx.com
Fairview Bethesda Hospital,PH,266592,Active,06/28/2022,06/30/2026,45 W 10th St. W.,Suite G400,St Paul,Ramsey,MN,55102,dept-fps-licensing@fairview.org
Fairview Bethesda Hospital (dba) HealthEast Woodwinds Hospital ,PH,261894,Active,07/06/2000,06/30/2026,1925 Woodwinds Drive,In Patient Pharmacy,Woodbury,Dakota,MN,55125,dps-fps-licensing@fairview.org
Fairview Health Services (dba) Fairview Investigational Drug Services Pharmacy,PH,267064,Active,12/19/2024,06/30/2026,2631 Territorial Rd,,St Paul,Ramsey,MN,55114,dept-fps-licensing@fairview.org
Fairview Health Services (dba) Fairview Lakes Health Services Pharmacy,PH,261510,Active,02/14/1998,06/30/2026,5200 Fairview Blvd.,,Wyoming,Chisago,MN,55092,dept-fps-licensing@fairview.org
Fairview Health Services (dba) Fairview Northland Regional Hospital Pharmacy,PH,200450,Active,06/19/1975,06/30/2026,911 Northland Drive,,Princeton,Mille Lacs,MN,55371,dept-fps-licensing@fairview.org
Fairview Health Services (dba) Fairview Ridges Hospital Pharmacy,PH,260113,Active,05/01/1984,06/30/2026,201 East Nicollet Blvd.,,Burnsville,Dakota,MN,55337,dept-fps-licensing@fairview.org
Fairview Health Services (dba) Fairview Southdale Hospital Pharmacy,PH,261547,Active,03/20/1998,06/30/2026,6401 France Avenue South,,Edina,Hennepin,MN,55435,dept-fps-licensing@fairview.org
"Fairview Health Services (dba) University of Minnesota Medical Center, Fairview Riverside Campus Pharmacy",PH,260947,Active,12/17/1991,06/30/2026,2450 Riverside Avenue,,Minneapolis,Hennepin,MN,55454,dept-fps-licensing@fairview.org
"Fairview Health Services (dba) University of Minnesota Medical Center, Fairview- East Bank",PH,261411,Active,01/01/1997,06/30/2026,500 Harvard Street SE 1-550 Mayo C-265A,Mmc 611 - Inpatient Pharmacy,Minneapolis,Hennepin,MN,55455,dept-fps-licensing@fairview.org
"Fairview Pharmacy Services, LLC (dba) Fairview Andover Pharmacy",PH,263115,Active,11/02/2007,06/30/2026,"13819 Hanson Blvd Nw, Suite 100",,Andover,Anoka,MN,55304,dept-fps-licensing@fairview.org
"Fairview Pharmacy Services, LLC (dba) Fairview Cedar Ridge Pharmacy",PH,262524,Active,01/01/2005,06/30/2026,15650 Cedar Avenue South,,Apple Valley,Dakota,MN,55124,dept-fps-licensing@fairview.org
"Fairview Pharmacy Services, LLC (dba) Fairview Compounding Pharmacy",PH,262526,Active,01/01/2005,06/30/2026,711C Kasota Avenue Se,,Minneapolis,Hennepin,MN,55414,dept-fps-licensing@fairview.org
"Fairview Pharmacy Services, LLC (dba) Fairview Compounding Pharmacy",PH,267205,Active,09/18/2025,06/30/2026,3650 Victoria St. N,Suite 500,Shoreview,Ramsey,MN,55126,dept-fps-licensing@fairview.org
"Fairview Pharmacy Services, LLC (dba) Fairview Eagan Pharmacy",PH,262527,Active,01/01/2005,06/30/2026,"3305 Central Park Village Dr, Suite 100",,Eagan,Dakota,MN,55121,dept-fps-licensing@fairview.org
"Fairview Pharmacy Services, LLC (dba) Fairview Edina Pharmacy",PH,265785,Active,02/17/2019,06/30/2026,6401 France Ave South SL-1,,Edina,Hennepin,MN,55435,dept-fps-licensing@fairview.org
"Fairview Pharmacy Services, LLC (dba) Fairview Highland Park Pharmacy",PH,266709,Active,02/23/2023,06/30/2026,2270 Ford Parkway,Suite 103,St Paul,Ramsey,MN,55116,dept-fps-licensing@fairview.org
"Fairview Pharmacy Services, LLC (dba) Fairview Home Infusion",PH,267206,Active,09/18/2025,06/30/2026,3650 Victoria St. N,Suite 600,Shoreview,Ramsey,MN,55126,dept-fps-licensing@fairview.org
"Fairview Pharmacy Services, LLC (dba) Fairview Home Infusion Duluth",PH,265582,Active,06/12/2018,06/30/2026,1527 London Road,,Duluth,St Louis,MN,55812,dept-fps-licensing@fairview.org
"Fairview Pharmacy Services, LLC (dba) Fairview Infusion Services",PH,263532,Active,05/28/2010,06/30/2026,"909 Fulton St Se, 2nd Floor",Mail Code 2121Bh,Minneapolis,Hennepin,MN,55455,dept-fps-licensing@fairview.org
"Fairview Pharmacy Services, LLC (dba) Fairview Lakes Pharmacy - Wyoming",PH,262536,Active,01/01/2005,06/30/2026,5200 Fairview Boulevard,,Wyoming,Chisago,MN,55092,dept-fps-licensing@fairview.org
"Fairview Pharmacy Services, LLC (dba) Fairview New Brighton Pharmacy",PH,263185,Active,05/21/2008,06/30/2026,1151 Silver Lake Rd,,New Brighton,Ramsey,MN,55112,dept-fps-licensing@fairview.org
"Fairview Pharmacy Services, LLC (dba) Fairview Northland Pharmacy - Elk River",PH,262541,Active,01/01/2005,06/30/2026,"290 Main Street NW, Suite 110",,Elk River,Sherburne,MN,55330,dept-fps-licensing@fairview.org
"Fairview Pharmacy Services, LLC (dba) Fairview Northland Pharmacy - Princeton",PH,262543,Active,01/01/2005,06/30/2026,919 Northland Drive,,Princeton,Mille Lacs,MN,55371,dept-fps-licensing@fairview.org
"Fairview Pharmacy Services, LLC (dba) Fairview Oncology Pharmacy Maple Grove",PH,263053,Active,07/16/2007,06/30/2026,"14500 99th Ave N, Suite 0A030",,Maple Grove,Hennepin,MN,55369,dept-fps-licensing@fairview.org
"Fairview Pharmacy Services, LLC (dba) Fairview Oxboro Pharmacy",PH,262535,Active,01/01/2005,06/30/2026,600 West 98th Street,,Bloomington,Hennepin,MN,55420,dept-fps-licensing@fairview.org
"Fairview Pharmacy Services, LLC (dba) Fairview Pharmacy Blaine",PH,263513,Active,04/23/2010,06/30/2026,10961 Club West Parkway,,Blaine,Anoka,MN,55449,dept-fps-licensing@fairview.org
"Fairview Pharmacy Services, LLC (dba) Fairview Pharmacy Burnsville SCC",PH,264554,Active,10/01/2014,06/30/2026,"14101 Fairview Dr, Suite 100",,Burnsville,Dakota,MN,55337,dept-fps-licensing@fairview.org
"Fairview Pharmacy Services, LLC (dba) Fairview Pharmacy CBCD",PH,265444,Active,11/14/2017,06/30/2026,"2512 S 7th St, Suite 105",,Minneapolis,Hennepin,MN,55454,dept-fps-licensing@fairview.org
"Fairview Pharmacy Services, LLC (dba) Fairview Pharmacy Chisago City",PH,264593,Active,11/10/2014,06/30/2026,"11725 Stinson Ave, Bldg B",,Chisago City,Chisago,MN,55013,dept-fps-licensing@fairview.org
"Fairview Pharmacy Services, LLC (dba) Fairview Pharmacy Fridley",PH,264395,Active,05/07/2014,06/30/2026,"6341 University Ave Ne, Suite 101",,Fridley,Anoka,MN,55432-4946,dept-fps-licensing@fairview.org
"Fairview Pharmacy Services, LLC (dba) Fairview Pharmacy Hugo",PH,263415,Active,08/17/2009,06/30/2026,"14712 Victor Hugo Blvd., Suite 10",,Hugo,Washington,MN,55038,Dept-fps-licensing@fairview.org
"Fairview Pharmacy Services, LLC (dba) Fairview Pharmacy Maple Grove",PH,263036,Active,06/19/2007,06/30/2026,"14500 99th Avenue North, Suite 1A029",,Maple Grove,Hennepin,MN,55369,dept-fps-licensing@fairview.org
"Fairview Pharmacy Services, LLC (dba) Fairview Pharmacy Maplewood",PH,265404,Active,08/29/2017,06/30/2026,2945 Hazelwood Street Suite 105,,Maplewood,Ramsey,MN,55109,dept-fps-licensing@fairview.org
"Fairview Pharmacy Services, LLC (dba) Fairview Pharmacy North Branch",PH,264089,Active,04/09/2013,06/30/2026,5366 386th Street,,North Branch,Chisago,MN,55056,dept-fps-licensing@fairview.org
"Fairview Pharmacy Services, LLC (dba) Fairview Pharmacy Prior Lake",PH,263697,Active,05/18/2011,06/30/2026,4151 Willowwood St Se,,Prior Lake,Scott,MN,55372,dept-fps-licensing@fairview.org
"Fairview Pharmacy Services, LLC (dba) Fairview Pharmacy Ridges Cancer Clinic",PH,264571,Active,09/26/2014,06/30/2026,"14101 Fairview Dr, Suite 200",,Burnsville,Dakota,MN,55337,dept-fps-licensing@fairview.org
"Fairview Pharmacy Services, LLC (dba) Fairview Pharmacy Rosemount",PH,264341,Active,03/31/2014,06/30/2026,15075 Cimarron Ave,,Rosemount,Dakota,MN,55068,dept-fps-licensing@fairview.org
"Fairview Pharmacy Services, LLC (dba) Fairview Pharmacy Smiley's Clinic",PH,262966,Active,02/02/2007,06/30/2026,2020 28th Street East,,Minneapolis,Hennepin,MN,55407,dept-fps-licensing@fairview.org
"Fairview Pharmacy Services, LLC (dba) Fairview Pharmacy University Village",PH,262742,Active,04/03/2006,06/30/2026,2545 University Avenue Southeast,,Minneapolis,Hennepin,MN,55414,dept-fps-licensing@fairview.org
"Fairview Pharmacy Services, LLC (dba) Fairview Riverside Pharmacy",PH,262537,Active,01/01/2005,06/30/2026,606 24th Avenue South,,Minneapolis,Hennepin,MN,55454,dept-fps-licensing@fairview.org
"Fairview Pharmacy Services, LLC (dba) Fairview Southdale Oncology Pharmacy",PH,262914,Active,11/02/2006,06/30/2026,"6363 France Avenue South, Suite 610",,Edina,Hennepin,MN,55435,dept-fps-licensing@fairview.org
"Fairview Pharmacy Services, LLC (dba) Fairview Specialty Services Pharmacy",PH,267207,Active,09/18/2025,06/30/2026,3650 Victoria St. N,Suite 300,Shoreview,Ramsey,MN,55126,dept-fps-licensing@fairview.org
"Fairview Pharmacy Services, LLC (dba) Fairview University Clinic Pharmacy",PH,262549,Active,01/01/2005,06/30/2026,"909 Fulton St Se, 1st Floor Rm1-273",Mail Code 2121AA,Minneapolis,Hennepin,MN,55455,dept-fps-licensing@fairview.org
"Fairview Pharmacy Services, LLC (dba) Fairview University Discharge Pharmacy",PH,265870,Active,06/07/2019,06/30/2026,500 Harvard St SE,"2-130K, Mmc 812",Minneapolis,Hennepin,MN,55455,dept-fps-licensing@fairview.org
"Falk's Woodland Pharmacy, Inc. (dba) Falk's Nursing Service Pharmacy",PH,260363,Active,09/19/1986,06/30/2026,221 East 14th Street,,Duluth,St Louis,MN,55811,grothm@falksrx.com
Family Fare LLC (dba) FAMILY FARE PHARMACY #115,PH,265313,Active,08/01/2017,06/30/2026,2275 Health Dr SW,,Wyoming,,MI,49519,austin.rykse@spartannash.com
FarmaKeio AR LLC,PH,266913,Active,05/15/2024,06/30/2026,1270 Don`s Lane,,Conway,,AR,76092,Justin.Graves@FarmaKeio.com
Farmvet.Com Inc.,PH,263130,Active,12/24/2007,06/30/2026,1254 Old Hillsboro Rd,,Franklin,,TN,37069,pharmacy@farmvet.com
"Fast Access Specialty Therapeutics, LLC (dba) Infucare Rx of LA",PH,265935,Active,10/02/2019,06/30/2026,2400 Veterans Memorial Blvd,Suite 480,Kenner,,LA,70062,licensing@infucarerx.com
"FBN Inputs, LLC (dba) FBN Direct",PH,266555,Active,04/22/2022,06/30/2026,1201 N 19th Ave E,Bldg 111A Ste 1/2,Newton,,IA,50208,pharmacy@farmersbusinessnetwork.com
Fergus Apothecary Inc.,PH,266730,Active,06/07/2023,06/30/2026,113 Lincoln Ave,,Fergus Falls,Otter Tail,MN,56537,fergusdrug@gmail.com
"Fertility Pharmacy Of America, LP",PH,267108,Active,03/17/2025,06/30/2026,5233 Harding Place,Suite 5259A,Nashville,,TN,37217,compliance@medipakrx.com
"FFP Acquisition II, LLC (dba) BioMatrix Specialty Pharmacy TN",PH,263875,Active,05/16/2012,06/30/2026,"8024 Stage Hills Blvd., #107",,Bartlett,,TN,38133,rachel.marchiano@biomatrixsprx.com
"FFP, LLC (dba)  BioMatrix Specialty Pharmacy FL",PH,266266,Active,01/22/2021,06/30/2026,855 SW 78th Ave Suite C-101,,Plantation,,FL,33324,rachel.marchiano@biomatrixsprx.com
FillPoint Health LLC (dba) FillPoint Health,PH,267227,Active,10/10/2025,06/30/2026,6175 Shamrock Ct.,Suite S,Dublin,,OH,43016,licensure@fillpointhealth.com
First Call Pharmacy LLC (dba) First Call Pharmacy,PH,262209,Active,08/28/2002,06/30/2026,1500 Veterans Blvd.,,Kenner,,LA,70062,douglas.west@firstcallpharmacy.net
First Care Medical Services (dba) Essentia Health Fosston,PH,200742,Active,06/26/1975,06/30/2026,900 Hilligoss Blvd. SE,,Fosston,Polk,MN,56542,ryan.laposky@essentiahealth.org
First Choice Pharmacy Inc.,PH,262566,Active,03/01/2005,06/30/2026,660 3rd Street,,Gaylord,Sibley,MN,55334,firstchoicepharmacy2013@gmail.com
First Choice Pharmacy of Jordan PC (dba) First Choice Pharmacy,PH,264513,Active,07/17/2014,06/30/2026,255 Creek Lane S,,Jordan,Scott,MN,55352,firstchoicepharmacy2013@gmail.com
Fisher Bioservices Inc.,PH,262656,Active,08/05/2005,06/30/2026,14665 Rothgeb Drive,,Rockville,,MD,20850,FBS@slsny.com
"Focused Care Pharmacy, Inc.",PH,265724,Active,12/10/2018,06/30/2026,"6040 Tarbell Rd, Suite 106",,Syracuse,,NY,13206,contactus@focusedcarerx.com
Fond Du Lac Band of Lake Superior Chippewa (dba) Fond Du Lac Cair Pharmacy,PH,260913,Active,07/01/1992,06/30/2026,221 W 4th St,,Duluth,St Louis,MN,55816,daniellewest@fdlrez.com
Fond Du Lac Band of Lake Superior Chippewa (dba) Mashkiki Waakaaigan Pharmacy,PH,263031,Active,06/06/2007,06/30/2026,2020 Bloomington Ave,,Minneapolis,Hennepin,MN,55404,daniellewest@fdlrez.com
Fond Du Lac Band of Lake Superior Chippewa (dba) Min-No-Aya-Win Clinic Pharmacy,PH,260425,Active,07/01/1987,06/30/2026,927 Trettel Lane,,Cloquet,Carlton,MN,55720,daniellewest@fdlrez.com
Foothills Professional Pharmacy,PH,266662,Active,10/26/2022,06/30/2026,2727 W Baseline Rd,Suite 1,Tempe,,AZ,85283,rx@foothillspharmacy.com
Fosston Long Term Care Pharmacy (dba) Nord's Long Term Care Pharmacy,PH,265228,Active,01/18/2017,06/30/2026,"115 Johnson Ave N, Suite A",,Fosston,Polk,MN,56542,ruth@nordrx.com
"Fosston Pharmacy & Gifts, Inc. (dba) Nord's Pharmacy & Gifts",PH,265227,Active,01/18/2017,06/30/2026,115 Johnson Ave N,,Fosston,Polk,MN,56542,ruth@nordrx.com
Foundation Care LLC,PH,267215,Active,09/29/2025,06/30/2026,111 Chesterfield Industrial Blvd,Suite115,Chesterfield,,MO,63005,licensing@acariahealth.com
Foundation Pharmacy LLC,PH,267285,Active,11/24/2025,06/30/2026,10204 NW 47th st,,Sunrise,,FL,33351,info@foundationhealthrx.com
Foundation Pharmacy LLC,PH,267347,Active,02/11/2026,06/30/2026,10204 NW 47th St.,,Sunrise,,FL,33351,support@foundationpharmacy.com
"Founder Project Rx, Inc. (dba) Encore Pharmacy #1",PH,266540,Active,03/28/2022,06/30/2026,800 8th Ave,Ste 130,Fort Worth,,TX,76104,licensure@receptrx.com
"Fountain Plaza Pharmacy, LLC (dba) FountainRx",PH,266387,Active,06/30/2021,06/30/2026,2825 W Andrew Johnson Hwy,,Morristown,,TN,37814,ryan@Fountainrx.com
"Franks Pharmacy, Incorporated",PH,267173,Active,07/22/2025,06/30/2026,120 North Hwy 53,,Cook,St Louis,MN,55723,frankspharmacy55723@gmail.com
"Fresenius Medical Care Pharmacy Services, Inc. (dba) FMC Pharmacy Servcies",PH,261589,Active,08/28/1998,06/30/2026,"11001 Danka Way N, Suite #2",,St. Petersburg,,FL,33716,fmcrxpayerrelations@fmc-na.com
"Fresenius Medical Care Rx, LLC (dba) Fresenius Medical Care Rx",PH,266174,Active,09/03/2020,06/30/2026,1000 Corporate Centre Drive,Suite 400,Franklin,,TN,37067,fmcrxpayerrelations@fmc-na.com
"Fresenius USA Manufacturing, Inc (dba) Fresenius Medical Care North America",PH,266554,Active,04/22/2022,06/30/2026,5304 East Governor John Sevier Highway,Suite 2,Knoxville,,TN,37914,Bridget.Taylor@FreseniusMedicalCare.com
"Fresenius USA Manufacturing, Inc. (dba) Fresenius Medical Care  North America",PH,261966,Active,11/06/2000,06/30/2026,"2865 Dave Lyle Blvd, Suite 101",,Rock Hill,,SC,29730,Bridget.Taylor@FreseniusMedicalCare.com
"Fresenius USA Manufacturing, Inc. (dba) Fresenius Medical Care North America",PH,262460,Active,06/07/2004,06/30/2026,5300 95th Ave,Suite A,Kenosha,,WI,53144,Bridget.Taylor@FreseniusMedicalCare.com
"Fresenius USA Manufacturing, Inc. (dba) Fresenius Medical Care North America",PH,265021,Active,03/16/2016,06/30/2026,371 S Royal Lane,Ste A,Dfw Airport,,TX,75261,Bridget.Taylor@FreseniusMedicalCare.com
"Fresenius Usa Marketing, Inc. (dba) Fresenius Medical Care  North America",PH,265567,Active,06/06/2018,06/30/2026,"101 Waukegan Rd, Suite 100",,Lake Bluff,,IL,60044,keri.rak@freseniusmedicalcare.com
Froedtert Health Pharmacy LLC (dba) Froedtert Pharmacy 050,PH,266039,Active,03/26/2020,06/30/2026,8850 William Coffey Dr,,Milwaukee,,WI,53226,jennifer.mclarty@Froedtert.com
"Fusion Specialty Pharmacy, Inc. (dba) Fusion Specialty Pharmacy",PH,266234,Active,11/25/2020,06/30/2026,"1100 Canyon View Drive, Ste C",,Santa Clara,,UT,84765,kobyt@rx-fusion.com
"Gabecare Direct Rx, Inc.",PH,265565,Active,06/06/2018,06/30/2026,830 Kirts Blvd Ste 300,,Troy,,MI,48084,aberishaj@directrx.com
Gateway Pharmacy LLC (dba) Gateway Pharmacy South,PH,267033,Active,10/21/2024,06/30/2026,"835 S Washington St., #2",,Bismarck,,ND,58504,corporate@gatewaypharmacy.com
"Gateway Pharmacy LLC, (dba) Gateway Pharmacy South",PH,267040,Active,11/06/2024,06/30/2026,"3103 Yorktown Dr., #2",,Bismarck,,ND,58503,corporate@gatewaypharmacy.com
"Gateway Pharmacy, LLC (dba) Gateway Pharmacy Labs",PH,266041,Active,03/27/2020,06/30/2026,7300 Yukon Drive,Suite 5,Bismarck,,ND,58503,stacey@gatewaypharmacy.com
"Gateway Pharmacy, LLC (dba) Gateway Pharmacy Mandan",PH,267032,Active,10/21/2024,06/30/2026,"500 Burlington St. SE, #2",,Mandan,,ND,58554,corporate@gatewaypharmacy.com
"Gateway Pharmacy, LLC (dba) Gateway Pharmacy North",PH,264463,Active,07/01/2014,06/30/2026,"3101 N 11Th St, Suite 2",,Bismarck,,ND,58503,pat@gatewaypharmacy.com
Geisinger Pharmacy LLC (dba) Geisinger Mail Order Pharmacy,PH,266655,Active,10/17/2022,06/30/2026,210 Industrial Park Road,,Elysburg,,PA,17824,msitler@geisinger.edu
Geisinger Pharmacy LLC (dba) Geisinger Specialty Pharmacy,PH,267024,Active,10/18/2024,06/30/2026,620 Baltimore DR,STE 100,Wilkes Barre,,PA,18702,geisingerspecialty@geisinger.edu
"Genefic Specialty Rx, Inc. ",PH,266389,Active,07/02/2021,06/30/2026,2577 Mall Road,Suite B,Florence,,AL,35630,amyers@genefic.com
Genoa Healthcare LLC,PH,266457,Active,11/22/2021,06/30/2026,420 East Sarnia Street,"Suite 2300, Room P1",Winona,Winona,MN,55987,genpharmlic@optum.com
Genoa Healthcare LLC,PH,266029,Active,03/09/2020,06/30/2026,122 Wabasha St S,Suite 110,St Paul,Ramsey,MN,55107,genpharmlic@optum.com
Genoa Healthcare LLC,PH,266006,Active,01/22/2020,06/30/2026,1600 University Ave West #12,Room P,St Paul,Ramsey,MN,55104,genpharmlic@optum.com
Genoa Healthcare LLC,PH,265904,Active,07/18/2019,06/30/2026,"410 S 5th Street, Suite 2234",P.O. Box 3526,Mankato,Blue Earth,MN,56002,genpharmlic@optum.com
Genoa Healthcare LLC,PH,266659,Active,10/21/2022,06/30/2026,810 E 4th St,Ste 108,Duluth,St Louis,MN,55805,genpharmlic@optum.com
Genoa Healthcare LLC,PH,266813,Active,09/19/2023,06/30/2026,13045 Falcon Drive,"Suite 100, Room P",Baxter,Crow Wing,MN,56425,genpharmlic@optum.com
Genoa Healthcare LLC,PH,266824,Active,09/27/2023,06/30/2026,101 Dehler Drive,Room P,Sartell,Stearns,MN,56377,genpharmlic@optum.com
Genoa Healthcare LLC,PH,266941,Active,07/10/2024,06/30/2026,"4444 W 76th Street, Suite 650, Room P",,Edina,Hennepin,MN,55435,genpharmlic@optum.com
Genoa Healthcare LLC,PH,264637,Active,02/28/2015,06/30/2026,"1321 13Th St N, Suite 100",,St Cloud,Stearns,MN,56303,genpharmlic@optum.com
Genoa Healthcare LLC,PH,264657,Active,02/23/2015,06/30/2026,"3101 Old Highway 8, Suite 203-B",,Roseville,Ramsey,MN,55113,genpharmlic@optum.com
Genoa Healthcare LLC,PH,264245,Active,10/29/2013,06/30/2026,343 Wood Lake Dr SE,,Rochester,Olmsted,MN,55904,genpharmlic@optum.com
Genoa Healthcare LLC,PH,265661,Active,08/31/2018,06/30/2026,4027 County Road 25,Suite P,St Louis Park,Hennepin,MN,55416,genpharmlic@optum.com
Genoa Healthcare LLC,PH,265708,Active,12/18/2018,06/30/2026,9245 Quantrelle Avenue Ste P1,,Otsego,Sherburne,MN,55330,genpharmlic@optum.com
Genoa Healthcare LLC,PH,265542,Active,04/10/2018,06/30/2026,"309 Holly Lane, Suite P",,Mankato,Blue Earth,MN,56001,genpharmlic@optum.com
Genoa Healthcare LLC,PH,265274,Active,02/13/2017,06/30/2026,"1212 E College Dr, Suite 100",,Marshall,Lyon,MN,56258,genpharmlic@optum.com
Genoa Healthcare LLC,PH,265376,Active,08/01/2017,06/30/2026,"149 Thompson Ave East, Suite 150",,West St Paul,Dakota,MN,55118,genpharmlic@optum.com
Genoa Healthcare LLC,PH,264643,Active,02/28/2015,06/30/2026,"610 Florence Ave, Suite 123",,Owatonna,Steele,MN,55060,genpharmlic@optum.com
Genoa Healthcare LLC,PH,264644,Active,02/28/2015,06/30/2026,800 Transfer Road,Suite 1A,St Paul,Ramsey,MN,55114,genpharmlic@optum.com
Genoa Healthcare LLC,PH,264636,Active,02/28/2015,06/30/2026,317 York Ave,,St Paul,Ramsey,MN,55130,genpharmlic@optum.com
Genoa Healthcare LLC,PH,264642,Active,02/28/2015,06/30/2026,1155 Ford Rd,Suite C,St Louis Park,Hennepin,MN,55426,genpharmlic@optum.com
Genoa Healthcare LLC,PH,264634,Active,02/28/2015,06/30/2026,"1811 Weir Dr, Suite 275",,Woodbury,Dakota,MN,55125,genpharmlic@optum.com
Genoa Healthcare LLC,PH,264640,Active,02/10/2015,06/30/2026,1930 Coon Rapids Blvd NW,,Coon Rapids,Anoka,MN,55433,genpharmlic@optum.com
Genoa Healthcare LLC,PH,264638,Active,02/28/2015,06/30/2026,1900 Silver Lake Rd NW,Suite 111,New Brighton,Ramsey,MN,55112,genpharmlic@optum.com
Genoa Healthcare LLC,PH,265005,Active,03/04/2016,06/30/2026,"166 4th St E, Suite 244",,St Paul,Ramsey,MN,55101,genpharmlic@optum.com
Genoa Healthcare LLC,PH,265092,Active,07/18/2016,06/30/2026,"11010 Prairie Lakes Dr, Suite 350",,Eden Prairie,Hennepin,MN,55344,genpharmlic@optum.com
Genoa Healthcare LLC,PH,265102,Active,07/14/2016,06/30/2027,"332 W Superior Street, Suite 300",,Duluth,St Louis,MN,55802,genpharmlic@optum.com
"Gentry Health Services, Inc.",PH,264539,Active,08/19/2014,06/30/2026,33381 Walker Road,Suite A,Avon Lake,,OH,44012,nimesh.patel@gentryhealthservices.com
"Geritom Med, Inc.",PH,261375,Active,08/01/1996,06/30/2026,10501 Florida Ave S,,Bloomington,Hennepin,MN,55438,jason.wachtl@geritommedical.com
"Get Relief RX, LLC",PH,267070,Active,01/08/2025,06/30/2026,149 Shiloh Road,Suite 7,Billings,,MT,59106,getreliefrx@gmail.com
"Gifthealth, Inc. (dba) GiftHealth Pharmacy",PH,266996,Active,09/03/2024,06/30/2026,4343 Equity Dr,Ste A,Columbus,,OH,43228,Pharmacy@gifthealth.com
"Gifthealth, INC. (dba) Gifthealth Pharmacy AZ",PH,267300,Active,12/08/2025,06/30/2026,"4008 S Signal Butte Rd., Ste. 101",,Mesa,,AZ,85212,gpaz@gifthealth.com
Gillette Childrens Specialty Healthcare,PH,262713,Active,04/06/2006,06/30/2026,200 University Ave E,,St Paul,Ramsey,MN,55101,dawnbaddeley@gilettechildrens.com
Glacial Ridge Hospital Pharmacy,PH,200995,Active,07/10/1975,06/30/2026,10 4th Avenue SE,,Glenwood,Pope,MN,56334,lisa.anderson@glacialridge.org
Glencoe Regional Health Services (dba) Glencoe Regional Health,PH,201001,Active,07/10/1975,06/30/2026,1805 Hennepin Avenue North,,Glencoe,McLeod,MN,55336,amy.dittmer@glencoehealth.org
Glendale Pharmacy,PH,266581,Active,06/09/2022,06/30/2026,4203 Gardendale St,Ste 223C,San Antonio,,TX,78229,pharmacy@rxglendale.com
Glendale Pharmacy Frisco LLC,PH,267342,Active,01/30/2026,06/30/2026,7447 Hillcrest Road,Suite 105A,Frisco,,TX,75035,info@rxglendale.com
GO MD Pharmacy LLC,PH,266972,Active,08/08/2024,06/30/2026,3385 Airways Blvd.,Ste. 217,Memphis,,TN,38116,pharmacy@gomdpharmacy.net
"Gold Stallion, Inc. (dba) Universal Compounding Pharmacy",PH,267318,Active,01/07/2026,06/30/2026,2895 Temple Ave,,Signal Hill,,CA,90755,INFO@UCRXSPECIALTY.COM
"Golden Gate Pharmacy Services, Inc.",PH,266607,Active,06/27/2022,06/30/2026,8 Digital Dr,Suite 200,Novato,,CA,94949,nicole.lofholm@ggprx.com
"Goodrich  Pharmacy, Inc. (dba) Goodrich Pharmacy LTC",PH,266301,Active,03/12/2021,06/30/2026,2321 7th Ave,,Anoka,Anoka,MN,55303,cmiddendorf@goodrichpharmacymtm.com
"Goodrich Pharmacy, Inc. (dba) Goodrich Pharmacy - Andover",PH,265079,Active,05/22/2019,06/30/2026,15245 Bluebird St. NW,Ste B,Andover,Anoka,MN,55304,6Bensons@comcast.net
"Goodrich Pharmacy, Inc. (dba) Goodrich Pharmacy - Anoka",PH,265082,Active,05/21/2019,06/30/2026,2621 Greenhaven Road,Suite 1,Anoka,Anoka,MN,55303,sdavis@goodrichpharmacy.com
"Goodrich Pharmacy, Inc. (dba) Goodrich Pharmacy - Elk River",PH,265080,Active,05/31/2019,06/30/2026,530 3rd St NW,,Elk River,Sherburne,MN,55330,scha1003@umn.edu
"Goodrich Pharmacy, Inc. (dba) Goodrich Pharmacy - St. Francis",PH,265084,Active,05/22/2019,06/30/2026,23122 St Francis Blvd NW,,St Francis,Anoka,MN,55070,eburman@goodrichpharmacy.com
"Goot Nursing Home Pharmacy, Inc. (dba) PharMerica",PH,264979,Active,01/26/2016,06/30/2026,8826 N 23rd Ave. Suite C2,,Phoenix,,AZ,85021,compliance@pharmerica.com
Graceville Health Center (dba) Essentia Health Holy Trinity Hospital,PH,260858,Active,09/30/1991,06/30/2026,115 West 2nd Street,P.O. Box 157,Graceville,Big Stone,MN,56240,Kassandra.grimes@essentiahealth.org
Grads Inc. (dba) Alumni Pharmacy of Loma Linda,PH,266692,Active,01/09/2023,06/30/2026,250 South G Street,,San Bernardino,,CA,92410,alumnirx@gmail.com
Grand Itasca Clinic & Hospital Pharmacy,PH,261457,Active,05/06/1997,06/30/2026,1601 Golf Course Road,,Grand Rapids,Itasca,MN,55744,dept-fps-licensing@fairview.org
Grand Itasca Clinic and Hospital,PH,264518,Active,08/11/2014,06/30/2026,1601 Golf Course Rd,,Grand Rapids,Itasca,MN,55744,david.j.johnson@fairview.org
Grand St. Paul CVS LLC (dba) CVS/Pharmacy #05996,PH,263348,Active,02/26/2009,06/30/2026,3655 Central Avenue Ne,,Minneapolis,Hennepin,MN,55418,statereply@cvshealth.com
"Grand St. Paul CVS, L.L.C (dba) CVS/Pharmacy #06811",PH,263342,Active,02/25/2009,06/30/2026,4140 County Road 101 North,,Plymouth,Hennepin,MN,55446,statereply@cvshealth.com
"Grand St. Paul CVS, L.L.C (dba) CVS/Pharmacy #07152",PH,263350,Active,02/26/2009,06/30/2026,2357 108th Lane Northeast,,Blaine,Anoka,MN,55449,statereply@cvshealth.com
"Grand St. Paul CVS, L.L.C (dba) CVS/Pharmacy #07175",PH,263343,Active,02/25/2009,06/30/2026,4800 Highway 61,,White Bear Lake,Ramsey,MN,55110,statereply@cvshealth.com
"Grand St. Paul CVS, L.L.C (dba) CVS/Pharmacy #10397",PH,264155,Active,07/03/2013,06/30/2026,25 Second St NE,,Aitkin,Aitkin,MN,56431,statereply@cvshealth.com
"Grand St. Paul CVS, L.L.C (dba) CVS/Pharmacy #5311",PH,263162,Active,03/24/2008,06/30/2026,1314 Babcock Blvd. East,,Delano,Wright,MN,55328,statereply@cvshealth.com
"Grand St. Paul CVS, L.L.C (dba) CVS/Pharmacy #5472",PH,263974,Active,10/03/2012,06/30/2026,12751 Nicollet Ave,,Burnsville,Dakota,MN,55337,statereply@cvshealth.com
"Grand St. Paul CVS, L.L.C (dba) CVS/Pharmacy #5616",PH,263830,Active,02/03/2012,06/30/2026,329 Frazee St E,,Detroit Lakes,Becker,MN,56501,statereply@cvshealth.com
"Grand St. Paul CVS, L.L.C (dba) CVS/Pharmacy #6507",PH,264046,Active,02/22/2013,06/30/2026,2420 Division St,,St Cloud,Stearns,MN,56301,statereply@cvshealth.com
"Grand St. Paul CVS, L.L.C (dba) CVS/Pharmacy #6691",PH,264574,Active,10/02/2014,06/30/2026,1215 E Superior St,,Duluth,St Louis,MN,55802,statereply@cvshealth.com
"Grand St. Paul CVS, L.L.C (dba) CVS/Pharmacy #6810",PH,263644,Active,01/20/2011,06/30/2026,1714 Center Ave W,,Dilworth,Clay,MN,56529,statereply@cvshealth.com
"Grand St. Paul CVS, L.L.C. (dba) CVS/pharmacy #10771",PH,264795,Active,07/23/2015,06/30/2026,740 Railroad Ave,,Albany,Stearns,MN,56307,statereply@cvshealth.com
"Grand St. Paul CVS, L.L.C. (dba) CVS/pharmacy #11046",PH,265770,Active,03/03/2019,06/30/2026,17435 County Road 6,,Plymouth,Hennepin,MN,55447,statereply@cvshealth.com
"Grand St. Paul CVS, L.L.C. (dba) CVS/pharmacy #11070",PH,265684,Active,10/14/2018,06/30/2026,4400 Oak Grove Pkwy N.,,Brooklyn Park,Hennepin,MN,55443,statereply@cvshealth.com
"Grand St. Paul CVS, L.L.C. (dba) CVS/pharmacy #1303",PH,262732,Active,04/16/2006,06/30/2026,10930 University Avenue NW,,Coon Rapids,Anoka,MN,55448,statereply@cvshealth.com
"Grand St. Paul CVS, L.L.C. (dba) CVS/pharmacy #16056",PH,264915,Active,12/16/2015,06/30/2026,8225 Flying Cloud Dr,,Eden Prairie,Hennepin,MN,55344,statereply@cvshealth.com
"Grand St. Paul CVS, L.L.C. (dba) CVS/pharmacy #16186",PH,264918,Active,12/16/2015,06/30/2026,14546 Dellwood Dr N,,Baxter,Crow Wing,MN,56425,statereply@cvshealth.com
"Grand St. Paul CVS, L.L.C. (dba) CVS/pharmacy #16188",PH,264936,Active,12/16/2015,06/30/2026,2505 1st St S,,Willmar,Kandiyohi,MN,56201,statereply@cvshealth.com
"Grand St. Paul CVS, L.L.C. (dba) CVS/pharmacy #16189",PH,264914,Active,12/16/2015,06/30/2026,8655 E Point Douglas Rd S,,Cottage Grove,Washington,MN,55016,statereply@cvshealth.com
"Grand St. Paul CVS, L.L.C. (dba) CVS/pharmacy #16191",PH,264908,Active,12/16/2015,06/30/2026,4175 Vinewood Ln N,,Plymouth,Hennepin,MN,55442,statereply@cvshealth.com
"Grand St. Paul CVS, L.L.C. (dba) CVS/pharmacy #16213",PH,264949,Active,12/16/2015,06/30/2026,7535 W Broadway Ave,,Brooklyn Park,Hennepin,MN,55428,statereply@cvshealth.com
"Grand St. Paul CVS, L.L.C. (dba) CVS/pharmacy #16214",PH,264921,Active,12/16/2015,06/30/2026,7200 Valley Creek Plz,,Woodbury,Dakota,MN,55125,statereply@cvshealth.com
"Grand St. Paul CVS, L.L.C. (dba) CVS/pharmacy #16299",PH,264903,Active,12/16/2015,06/30/2026,1300 State Highway 55 NE,,Buffalo,Wright,MN,55313,statereply@cvshealth.com
"Grand St. Paul CVS, L.L.C. (dba) CVS/pharmacy #16300",PH,264919,Active,12/16/2015,06/30/2026,851 W 78th St,,Chanhassen,Carver,MN,55317,statereply@cvshealth.com
"Grand St. Paul CVS, L.L.C. (dba) CVS/pharmacy #16333",PH,264917,Active,12/16/2015,06/30/2026,2140 S Pokegama Ave,,Grand Rapids,Itasca,MN,55744,statereply@cvshealth.com
"Grand St. Paul CVS, L.L.C. (dba) CVS/pharmacy #16352",PH,264902,Active,12/16/2015,06/30/2026,125 Lincoln Ave SE,,St Cloud,Stearns,MN,56304,statereply@cvshealth.com
"Grand St. Paul CVS, L.L.C. (dba) CVS/pharmacy #16353",PH,264939,Active,12/16/2015,06/30/2026,2021 Market Dr,,Stillwater,Washington,MN,55082,statereply@cvshealth.com
"Grand St. Paul CVS, L.L.C. (dba) CVS/pharmacy #16471",PH,264912,Active,12/16/2015,06/30/2026,1650 New Brighton Blvd,,Minneapolis,Hennepin,MN,55413,statereply@cvscaremark.com
"Grand St. Paul CVS, L.L.C. (dba) CVS/pharmacy #16508",PH,264956,Active,12/15/2015,06/30/2026,3300 124th Ave NW,,Coon Rapids,Anoka,MN,55433,statereply@cvshealth.com
"Grand St. Paul CVS, L.L.C. (dba) CVS/pharmacy #16543",PH,264898,Active,12/16/2015,06/30/2026,2199 Hwy 36 E,,North St Paul,Ramsey,MN,55109,statereply@cvshealth.com
"Grand St. Paul CVS, L.L.C. (dba) CVS/pharmacy #16646",PH,264930,Active,12/16/2015,06/30/2026,215 Balsam St N,,Cambridge,Isanti,MN,55008,statereply@cvshealth.com
"Grand St. Paul CVS, L.L.C. (dba) CVS/pharmacy #16695",PH,264888,Active,12/16/2015,06/30/2026,4848 County Rd 101,,Minnetonka,Hennepin,MN,55345,statereply@cvshealth.com
"Grand St. Paul CVS, L.L.C. (dba) CVS/pharmacy #16714",PH,264891,Active,12/16/2015,06/30/2026,900 Nicollet Mall,,Minneapolis,Hennepin,MN,55403,statereply@cvshealth.com
"Grand St. Paul CVS, L.L.C. (dba) CVS/pharmacy #17118",PH,264945,Active,12/16/2015,06/30/2026,2000 Bunker Lake Blvd NW,,Andover,Anoka,MN,55304,statereply@cvscaremark.com
"Grand St. Paul CVS, L.L.C. (dba) CVS/pharmacy #17138",PH,264935,Active,12/16/2015,06/30/2026,1750 Robert St S,,West St Paul,Dakota,MN,55118,statereply@cvshealth.com
"Grand St. Paul CVS, L.L.C. (dba) CVS/pharmacy #17273",PH,264894,Active,12/16/2015,06/30/2026,15300 Grove Circle N,,Maple Grove,Hennepin,MN,55369,statereply@cvshealth.com
"Grand St. Paul CVS, L.L.C. (dba) CVS/pharmacy #17278",PH,264906,Active,12/16/2015,06/30/2026,755 53rd Ave NE,,Fridley,Anoka,MN,55421,statereply@cvshealth.com
"Grand St. Paul CVS, L.L.C. (dba) CVS/pharmacy #17368",PH,264889,Active,12/16/2015,06/30/2026,6445 Richfield Pkwy,,Richfield,Hennepin,MN,55423,statereply@cvshealth.com
"Grand St. Paul CVS, L.L.C. (dba) CVS/pharmacy #17466",PH,264907,Active,12/16/2015,06/30/2026,449 Commerce Dr,,Woodbury,Dakota,MN,55125,statereply@cvshealth.com
"Grand St. Paul CVS, L.L.C. (dba) CVS/pharmacy #17503",PH,264890,Active,12/16/2015,06/30/2026,875 E Main St,,Waconia,Carver,MN,55387,statereply@cvshealth.com
"Grand St. Paul CVS, L.L.C. (dba) CVS/pharmacy #17509",PH,264893,Active,12/16/2015,06/30/2026,15800 87th St NE,,Otsego,Sherburne,MN,55330,statereply@cvshealth.com
"Grand St. Paul CVS, L.L.C. (dba) CVS/pharmacy #17549",PH,264896,Active,12/16/2015,06/30/2026,7841 Amana Trail,,Inver Grove Heights,Dakota,MN,55077,statereply@cvshealth.com
"Grand St. Paul CVS, L.L.C. (dba) CVS/pharmacy #17626",PH,264924,Active,12/16/2015,06/30/2026,"1000 Nicollet Mall, Tps-272",,Minneapolis,Hennepin,MN,55403,statereply@cvshealth.com
"Grand St. Paul CVS, L.L.C. (dba) CVS/pharmacy #2152",PH,263835,Active,02/15/2012,06/30/2026,6540 Penn Avenue South,,Richfield,Hennepin,MN,55423,statereply@cvshealth.com
"Grand St. Paul CVS, L.L.C. (dba) CVS/pharmacy #3060",PH,263756,Active,08/25/2011,06/30/2026,8936 Lyndale Ave,,Bloomington,Hennepin,MN,55420,statereply@cvshealth.com
"Grand St. Paul CVS, L.L.C. (dba) CVS/pharmacy #4573",PH,263421,Active,09/09/2009,06/30/2026,2650 Rice Street,,Little Canada,Ramsey,MN,55113,statereply@cvshealth.com
"Grand St. Paul CVS, L.L.C. (dba) CVS/pharmacy #4658",PH,263798,Active,12/07/2011,06/30/2026,7932 27th Ave N,,New Hope,Hennepin,MN,55427,statereply@cvshealth.com
"Grand St. Paul CVS, L.L.C. (dba) CVS/pharmacy #8941",PH,263919,Active,08/05/2012,06/30/2026,880 Washington Ave SE,,Minneapolis,Hennepin,MN,55414,statereply@cvshealth.com
"Grand St. Paul CVS, LLC (dba) CVS/pharmacy  #3313",PH,263176,Active,04/24/2008,06/30/2026,1471 Robert Street S,,West St Paul,Dakota,MN,55118,statereply@cvshealth.com
"Grand St. Paul CVS, LLC (dba) CVS/Pharmacy #04696",PH,263352,Active,02/26/2009,06/30/2026,21455 John Milless Drive,,Rogers,Hennepin,MN,55374,statereply@cvshealth.com
"Grand St. Paul CVS, LLC (dba) CVS/pharmacy #0663",PH,262915,Active,11/02/2006,06/30/2026,15051 Galaxie Avenue,,Apple Valley,Dakota,MN,55124,statereply@cvshealth.com
"Grand St. Paul CVS, LLC (dba) CVS/Pharmacy #06715",PH,263346,Active,02/26/2009,06/30/2026,4241 Johnny Cake Ridge Road,,Eagan,Dakota,MN,55122,statereply@cvshealth.com
"Grand St. Paul CVS, LLC (dba) CVS/Pharmacy #07110",PH,263349,Active (Conditioned),02/26/2009,06/30/2026,3633 Bunker Lake Blvd. NW,,Andover,Anoka,MN,55304,statereply@cvshealth.com
"Grand St. Paul CVS, LLC (dba) CVS/Pharmacy #07197",PH,263347,Active,02/26/2009,06/30/2026,6300 Wedgewood Road North,,Maple Grove,Hennepin,MN,55311,statereply@cvshealth.com
"Grand St. Paul CVS, LLC (dba) CVS/pharmacy #10252",PH,264583,Active,11/02/2014,06/30/2026,1411 Vermillion St,,Hastings,Dakota,MN,55033,statereply@cvshealth.com
"Grand St. Paul CVS, LLC (dba) CVS/Pharmacy #10756",PH,264857,Active,10/25/2015,06/30/2026,2312 Bemidji Ave N,,Bemidji,Beltrami,MN,56601,statereply@cvshealth.com
"Grand St. Paul CVS, LLC (dba) CVS/Pharmacy #10902",PH,265239,Active,01/22/2017,06/30/2026,30 Fairview Ave S,,St Paul,Ramsey,MN,55105,statereply@cvshealth.com
"Grand St. Paul CVS, LLC (dba) CVS/Pharmacy #1129",PH,262880,Active,09/15/2006,06/30/2026,4152 Lakeland Avenue North,,Robbinsdale,Hennepin,MN,55422,statereply@cvshealth.com
"Grand St. Paul CVS, LLC (dba) CVS/Pharmacy #16000",PH,264947,Active,12/16/2015,06/30/2026,5537 W Broadway Ave,,Crystal,Hennepin,MN,55428,statereply@cvshealth.com
"Grand St. Paul CVS, LLC (dba) CVS/Pharmacy #16001",PH,264931,Active,12/16/2015,06/30/2026,1902 Miller Trunk Hwy,,Duluth,St Louis,MN,55811,statereply@cvshealth.com
"Grand St. Paul CVS, LLC (dba) CVS/Pharmacy #16002",PH,264948,Active,12/16/2015,06/30/2026,2555 W 79th St,,Bloomington,Hennepin,MN,55431,statereply@cvshealth.com
"Grand St. Paul CVS, LLC (dba) CVS/Pharmacy #16010",PH,264895,Active,12/16/2015,06/30/2026,2500 E Lake St,,Minneapolis,Hennepin,MN,55406,statereply@cvshealth.com
"Grand St. Paul CVS, LLC (dba) CVS/Pharmacy #16015",PH,264932,Active,12/16/2015,06/30/2026,1744 Suburban Ave,,St Paul,Ramsey,MN,55106,statereply@cvshealth.com
"Grand St. Paul CVS, LLC (dba) CVS/Pharmacy #16027",PH,264904,Active,12/16/2015,06/30/2026,13201 Ridgedale Dr,,Minnetonka,Hennepin,MN,55305,statereply@cvshealth.com
"Grand St. Paul CVS, LLC (dba) CVS/Pharmacy #16054",PH,264885,Active,12/16/2015,06/30/2026,4201 W Division St,Suite A124,St Cloud,Stearns,MN,56301,statereply@cvshealth.com
"Grand St. Paul CVS, LLC (dba) CVS/Pharmacy #16078",PH,264901,Active,12/16/2015,06/30/2026,3601 Highway 100 S,,St Louis Park,Hennepin,MN,55416,statereply@cvshealth.com
"Grand St. Paul CVS, LLC (dba) CVS/Pharmacy #16138",PH,264916,Active,12/16/2015,06/30/2026,2000 Cliff Lake Rd,,Eagan,Dakota,MN,55122,statereply@cvshealth.com
"Grand St. Paul CVS, LLC (dba) CVS/Pharmacy #16163",PH,264942,Active,12/16/2015,06/30/2026,3800 Lexington Ave N,,Shoreview,Ramsey,MN,55126,statereply@cvshealth.com
"Grand St. Paul CVS, LLC (dba) CVS/pharmacy #16176",PH,264920,Active,12/16/2015,06/30/2026,15150 Cedar Ave,,Apple Valley,Dakota,MN,55124,statereply@cvshealth.com
"Grand St. Paul CVS, LLC (dba) CVS/Pharmacy #16184",PH,264929,Active,12/16/2015,06/30/2026,2100 Paul Bunyan Dr NW,,Bemidji,Beltrami,MN,56601,statereply@cvshealth.com
"Grand St. Paul CVS, LLC (dba) CVS/Pharmacy #16185",PH,264944,Active,12/16/2015,06/30/2026,3301 Highway 10 E,,Moorhead,Clay,MN,56560,statereply@cvshealth.com
"Grand St. Paul CVS, LLC (dba) CVS/pharmacy #16190",PH,264934,Active,12/16/2015,06/30/2026,1850 Adams St,,Mankato,Blue Earth,MN,56001,statereply@cvshealth.com
"Grand St. Paul CVS, LLC (dba) CVS/pharmacy #16227",PH,264883,Active,12/16/2015,06/30/2026,975 County Road E,,Vadnais Heights,Ramsey,MN,55127,statereply@cvshealth.com
"Grand St. Paul CVS, LLC (dba) CVS/pharmacy #16267",PH,264943,Active,12/16/2015,06/30/2026,8600 Springbrook Dr NW,,Coon Rapids,Anoka,MN,55433,statereply@cvshealth.com
"Grand St. Paul CVS, LLC (dba) CVS/pharmacy #16268",PH,264955,Active,12/16/2015,06/30/2026,4404 Highway 29 S,,Alexandria,Douglas,MN,56308,statereply@cvshealth.com
"Grand St. Paul CVS, LLC (dba) CVS/pharmacy #16290",PH,264941,Active,12/16/2015,06/30/2026,1001 13Th St S,,Virginia,St Louis,MN,55792,statereply@cvshealth.com
"Grand St. Paul CVS, LLC (dba) CVS/pharmacy #16449",PH,264937,Active,12/16/2015,06/30/2026,301 Park Dr,,Owatonna,Steele,MN,55060,statereply@cvshealth.com
"Grand St. Paul CVS, LLC (dba) CVS/pharmacy #16472",PH,264933,Active,12/16/2015,06/30/2026,860 Mankato Ave,,Winona,Winona,MN,55987,statereply@cvshealth.com
"Grand St. Paul CVS, LLC (dba) CVS/pharmacy #16565",PH,264911,Active,12/16/2015,06/30/2026,1370 Highway 15,,Hutchinson,McLeod,MN,55350,statereply@cvshealth.com
"Grand St. Paul CVS, LLC (dba) CVS/pharmacy #16566",PH,264905,Active,12/16/2015,06/30/2026,2323 Highway 3 S,,Northfield,Rice,MN,55057,statereply@cvshealth.com
"Grand St. Paul CVS, LLC (dba) CVS/pharmacy #16594",PH,264913,Active,12/16/2015,06/30/2026,356 12Th St SW,,Forest Lake,Washington,MN,55025,statereply@cvscaremark.com
"Grand St. Paul CVS, LLC (dba) CVS/pharmacy #16619",PH,264926,Active,12/16/2015,06/30/2026,1685 17th Ave E,,Shakopee,Scott,MN,55379,statereply@cvshealth.com
"Grand St. Paul CVS, LLC (dba) CVS/pharmacy #16690",PH,264938,Active,12/16/2015,06/30/2026,3827 Marketplace Dr NW,,Rochester,Olmsted,MN,55901,statereply@cvshealth.com
"Grand St. Paul CVS, LLC (dba) CVS/pharmacy #16691",PH,264953,Active,12/16/2015,06/30/2026,111 Pioneer Trl,,Chaska,Carver,MN,55318,statereply@cvshealth.com
"Grand St. Paul CVS, LLC (dba) CVS/pharmacy #16780",PH,264928,Active,12/16/2015,06/30/2026,749 Apollo Dr,,Lino Lakes,Anoka,MN,55014,statereply@cvshealth.com
"Grand St. Paul CVS, LLC (dba) CVS/pharmacy #16788",PH,264925,Active,12/16/2015,06/30/2026,21615 S Diamond Lake Rd,,Rogers,Hennepin,MN,55374,statereply@cvshealth.com
"Grand St. Paul CVS, LLC (dba) CVS/pharmacy #16816",PH,264892,Active,12/16/2015,06/30/2026,18275 Kenrick Ave,,Lakeville,Dakota,MN,55044,statereply@cvshealth.com
"Grand St. Paul CVS, LLC (dba) CVS/pharmacy #16852",PH,264923,Active,12/16/2015,06/30/2026,151 Tyler Rd N,,Red Wing,Goodhue,MN,55066,statereply@cvscaremark.com
"Grand St. Paul CVS, LLC (dba) CVS/pharmacy #16952",PH,264922,Active,12/16/2015,06/30/2026,11990 Business Park Blvd N,,Champlin,Hennepin,MN,55316,statereply@cvshealth.com
"Grand St. Paul CVS, LLC (dba) CVS/pharmacy #16953",PH,264950,Active,12/16/2015,06/30/2026,1500 109th Ave NE,,Blaine,Anoka,MN,55449,statereply@cvshealth.com
"Grand St. Paul CVS, LLC (dba) CVS/pharmacy #16954",PH,264927,Active,12/16/2015,06/30/2026,14333 Highway 13 S,,Savage,Scott,MN,55378,statereply@cvshealth.com
"Grand St. Paul CVS, LLC (dba) CVS/pharmacy #17187",PH,264940,Active,12/16/2015,06/30/2026,1515 County Road B W,,Roseville,Ramsey,MN,55113,statereply@cvscaremark.com
"Grand St. Paul CVS, LLC (dba) CVS/pharmacy #17218",PH,264946,Active,12/16/2015,06/30/2026,7900 32nd St N,,Oakdale,Washington,MN,55128,statereply@cvshealth.com
"Grand St. Paul CVS, LLC (dba) CVS/pharmacy #17260",PH,264957,Active,12/16/2015,06/30/2026,1447 E 7th St,,Monticello,Wright,MN,55362,statereply@cvshealth.com
"Grand St. Paul CVS, LLC (dba) CVS/pharmacy #17269",PH,264952,Active,12/16/2015,06/30/2026,8900 Hwy 7,,St. Louis Park,Hennepin,MN,55426,statereply@cvshealth.com
"Grand St. Paul CVS, LLC (dba) CVS/pharmacy #17300",PH,264897,Active,12/16/2015,06/30/2026,300 Clydesdale Trl,,Medina,Hennepin,MN,55340,statereply@cvshealth.com
"Grand St. Paul CVS, LLC (dba) CVS/pharmacy #17306",PH,264900,Active,12/16/2015,06/30/2026,1300 University Ave W,,St Paul,Ramsey,MN,55104,statereply@cvscaremark.com
"Grand St. Paul CVS, LLC (dba) CVS/pharmacy #17380",PH,264954,Active,12/16/2015,06/30/2026,7000 York Ave S,,Edina,Hennepin,MN,55435,statereply@cvshealth.com
"Grand St. Paul CVS, LLC (dba) CVS/pharmacy #17387",PH,264909,Active,12/16/2015,06/30/2026,4611 Main Ave SE,,Rochester,Olmsted,MN,55904,statereply@cvshealth.com
"Grand St. Paul CVS, LLC (dba) CVS/pharmacy #17405",PH,264887,Active,12/16/2015,06/30/2026,810 County Rd 42 W,,Burnsville,Dakota,MN,55337,statereply@cvshealth.com
"Grand St. Paul CVS, LLC (dba) CVS/pharmacy #17453",PH,264886,Active,12/16/2015,06/30/2026,15560 Pilot Knob Rd,,Apple Valley,Dakota,MN,55124,statereply@cvshealth.com
"Grand St. Paul CVS, LLC (dba) CVS/Pharmacy #1746",PH,263344,Active,02/26/2009,06/30/2026,2150 Eagle Creek Lane,,Woodbury,Dakota,MN,55129,statereply@cvshealth.com
"Grand St. Paul CVS, LLC (dba) CVS/Pharmacy #1747",PH,263351,Active,02/26/2009,06/30/2026,7765 Galpin Boulevard,,Chanhassen,Carver,MN,55317,statereply@cvshealth.com
"Grand St. Paul CVS, LLC (dba) CVS/Pharmacy #1751",PH,262703,Active,01/29/2006,06/30/2026,2196 White Bear Avenue North,,Maplewood,Ramsey,MN,55109,statereply@cvshealth.com
"Grand St. Paul CVS, LLC (dba) CVS/pharmacy #17671",PH,264884,Active,12/16/2015,06/30/2026,1329 5th St SE,,Minneapolis,Hennepin,MN,55414,statereply@cvshealth.com
"Grand St. Paul CVS, LLC (dba) CVS/pharmacy #17675",PH,264899,Active,05/17/2019,06/30/2026,2080 Ford Pkwy,,St Paul,Ramsey,MN,55116,statereply@cvshealth.com
"Grand St. Paul CVS, LLC (dba) CVS/Pharmacy #1776",PH,263094,Active,09/27/2007,06/30/2026,2730 County Road E,,White Bear Lake,Ramsey,MN,55110,statereply@cvscaremark.com
"Grand St. Paul CVS, LLC (dba) CVS/pharmacy #241",PH,263104,Active,10/17/2007,06/30/2026,19605 Pilot Knob Road,,Farmington,Dakota,MN,55024,statereply@cvshealth.com
"Grand St. Paul CVS, LLC (dba) CVS/pharmacy #3054",PH,263646,Active,01/27/2011,06/30/2026,1175 Madison Ave,,Mankato,Blue Earth,MN,56001,statereply@cvshealth.com
"Grand St. Paul CVS, LLC (dba) CVS/pharmacy #3344",PH,263013,Active,04/20/2007,06/30/2026,4050 Dean Lake Boulevard,,Shakopee,Scott,MN,55379,statereply@cvshealth.com
"Grand St. Paul CVS, LLC (dba) CVS/Pharmacy #3562",PH,263256,Active,10/09/2008,06/30/2026,8251 Columbine Rd,,Eden Prairie,Hennepin,MN,55344,statereply@cvshealth.com
"Grand St. Paul CVS, LLC (dba) CVS/Pharmacy #5161",PH,262704,Active,01/29/2006,06/30/2026,1040 Grand Avenue,,St Paul,Ramsey,MN,55105,statereply@cvshealth.com
"Grand St. Paul CVS, LLC (dba) CVS/pharmacy #5308",PH,263164,Active,03/25/2008,06/30/2026,17665 Kenwood Trail,,Lakeville,Dakota,MN,55044,statereply@cvshealth.com
"Grand St. Paul CVS, LLC (dba) CVS/Pharmacy #5788",PH,263764,Active,09/07/2011,06/30/2026,6905 York Ave,,Edina,Hennepin,MN,55435,statereply@cvshealth.com
"Grand St. Paul CVS, LLC (dba) CVS/Pharmacy #5920",PH,263619,Active,12/07/2010,06/30/2026,600 Central Avenue,,St Michael,Wright,MN,55376,statereply@cvshealth.com
"Grand St. Paul CVS, LLC (dba) CVS/pharmacy #6635",PH,263645,Active,01/27/2011,06/30/2026,1610 Monks Ave,,Mankato,Blue Earth,MN,56001,statereply@cvscaremark.com
"Grand St. Paul CVS, LLC (dba) CVS/Pharmacy #6649",PH,263682,Active,04/15/2011,06/30/2026,4656 Excelsior Blvd,,St Louis Park,Hennepin,MN,55416,statereply@cvshealth.com
"Grand St. Paul CVS, LLC (dba) CVS/Pharmacy #7406",PH,263384,Active,06/05/2009,06/30/2026,8468 Tamarack Bay,,Woodbury,Dakota,MN,55125,statereply@cvshealth.com
"Grand St. Paul CVS, LLC (dba) CVS/pharmacy #8285",PH,263505,Active,03/31/2010,06/30/2026,1010 W. Lake Street,,Minneapolis,Hennepin,MN,55408,statereply@cvshealth.com
"Greer Laboratories, Inc. (dba) Greer Pharmacy",PH,264093,Active,04/09/2013,06/30/2026,639 Nuway Circle NE,,Lenoir,,NC,28645,kevin.plant@stallergenesgreer.com
Group Health Inc. (dba) Healthpartners HSC Infusion Pharmacy,PH,265837,Active,05/09/2019,06/30/2026,401 Phalen Blvd,Suite 3099,St Paul,Ramsey,MN,55130,hprxoperations@healthpartners.com
"Group Health, Inc. (dba) Park Nicollet Pharmacy #87017",PH,266080,Active,05/21/2020,06/30/2026,3800 Park Nicollet Blvd,Suite 1170,St Louis Park,Hennepin,MN,55416,hprxoperations@healthpartners.com
"GRX Holdings, LLC (dba) Midwest Compounding",PH,266530,Active,03/14/2022,06/30/2026,9379 Swanson Blvd,Ste E,Clive,,IA,50325,MWCPIC@grxholdings.com
"Guardian Pharmacy of Minneapolis, LLC",PH,266310,Active,05/31/2021,06/30/2026,9700 West 76th Street,Suite 116,Eden Prairie,Hennepin,MN,55344,regulatory@GuardianPharmacy.net
"Guardian Pharmacy of Minnesota, LLC",PH,263805,Active,12/19/2011,06/30/2026,"940 Industrial Dr S, Suite #102",,Sauk Rapids,Benton,MN,56379,REGULATORY@GUARDIANPHARMACY.NET
Gundersen Clinic Ltd (dba) Gundersen Pharmacy ,PH,263720,Active,07/01/2011,06/30/2026,3111 Gundersen Dr,,Onalaska,,WI,54650,allarson@Gundersenhealth.org
Gundersen Clinic Ltd. (dba) Gundersen Pharmacy,PH,265748,Active,02/01/2019,06/30/2026,2511 Green Bay St.,,Lacrosse,,WI,54601,abrasmu1@gundersenhealth.org
"Gundersen Clinic, Ltd (dba) Gundersen Pharmacy",PH,265749,Active,02/01/2019,06/30/2026,111 Sand Lake Rd.,,Onalaska,,WI,54650,jpboyse1@gundersenhealth.org
"Gundersen Clinic, Ltd. (dba) Gundersen Long Term Care Pharmacy",PH,265215,Active,01/14/2017,06/30/2026,"505 King St, Suite 154",,Lacrosse,,WI,54601,khamamot@gundersenhealth.org
"Gundersen Clinic, Ltd. (dba) Gundersen Pharmacy",PH,265216,Active,01/14/2017,06/30/2026,528 Cass St,,La Crosse,,WI,54601,gfkunze@gundersenhealth.org
"Gundersen Clinic, Ltd. (dba) Gundersen Pharmacy",PH,263512,Active,04/16/2010,06/30/2026,724 Denton St,,La Crosse,,WI,54601,jdlukas@gundersenhealth.org
"Gundersen Clinic, Ltd. (dba) Gundersen Pharmacy",PH,263208,Active,07/17/2008,06/30/2026,1836 South Ave,,La Crosse,,WI,54601,jjbomkam@gundersonhealth.org
"Gundersen Clinic, Ltd. (dba) Gundersen Pharmacy",PH,266033,Active,03/19/2020,06/30/2026,"1122 West Highway 61, Suite A",,Winona,Winona,MN,55987,djwitkie@gundersenheath.com
Gundersen Lutheran Medical Center (dba) Gundersen Lutheran Medical Center Winona Pharmacy,PH,265978,Active,11/26/2019,06/30/2026,1122 West Us Hwy 61,,Winona,Winona,MN,55987,clbirkel@gundersenhealth.org
H&N Pharmacy LLC,PH,266511,Active,02/28/2022,06/30/2026,217 Valencia Ave,,Coral Gables,,FL,33134,universitycoralrx@gmail.com
Han Sam Corp (dba) River's Edge Pharmacy,PH,265166,Active,09/22/2016,06/30/2026,"36919 Cook St, Suite 102",,Palm Desert,,CA,92211,signature@repharmacy.com
Han.Sam Corp (dba) River's Edge Specialty Pharmacy,PH,267184,Active,08/21/2025,06/30/2026,16782 Von Karman Ave,Suite 12,Irvine,,CA,92606,signature@repharmacy.com
"Hardy Paw Rx, Inc.",PH,266812,Active,09/15/2023,06/30/2026,293 Wright Brothers Ave,,Livermore,,CA,94551,pharmacist@hardypaw.com
Harper's Pharmacy Inc. (dba) AmeriPharma,PH,265443,Active,11/13/2017,06/30/2026,132 S Anita Dr,2nd Floor,Orange,,CA,92868,compliance@ameripharma.us
"Harper's Pharmacy, Inc. (dba) Ameripharma MedBox",PH,266964,Active,07/31/2024,06/30/2026,23041 Avenida De La Carlota,Ste 310,Laguna Hills,,CA,92868,Compliance@medbox.com
Harry Everett Corporation (dba) O'Brien Pharmacy,PH,266282,Active,02/11/2021,06/30/2026,5453 W 61st Pl,,Mission,,KS,66205,tyler@obrienrx.com
"Hartley Medical Center Pharmacy, LLC",PH,267286,Active,11/24/2025,06/30/2026,113 W Victoria Street,,Long Beach,,CA,90805,pharmacyregulatory@pentechealth.com
"Haskell Regional Hospital, Inc. (dba) HRH Outpatient Pharmacy",PH,267107,Active,03/12/2025,06/30/2026,"503 NW H St., Ste A",,Stigler,,OK,74462,pharmacy@haskellregionalhospital.com
"Hayes Inspirations, LLC (dba) Mountain Care Pharmacy",PH,267109,Active,03/17/2025,06/30/2026,286 N Maple Grove Rd,,Boise,,ID,83704,mtcarepharmacy@gmail.com
HCMC CSC Pharmacy,PH,265506,Active,02/21/2018,06/30/2026,715 8th Street S,,Minneapolis,Hennepin,MN,55404,stacy.ferderer@hcmed.org
HCMC Richfield Clinic Pharmacy,PH,265135,Active,09/12/2016,06/30/2026,790 West 66th St,,Richfield,Hennepin,MN,55423,heather.anderson2@hcmed.org
HCMC Specialty Services Pharmacy,PH,266303,Active,03/22/2021,06/30/2026,"Hennepin Healthcare System, Inc.",716 South 7th St,Minneapolis,Hennepin,MN,55415,heather.anderson2@hcmed.org
"HDM Pharmacy, LLC",PH,266255,Active,12/29/2020,06/30/2026,4250 Iron Works Pike,,Lexington,,KY,40511,dakragel@hagyard.com
"Healing Dose Compounding Pharmacy, LLC",PH,267195,Active,09/15/2025,06/30/2026,39303 Country Club Drive,STE A26,Farmington Hills,,MI,48331,accounting@hdrx.com
"Healix Infusion Therapy, LLC",PH,267299,Active,12/05/2025,06/30/2026,1330 Industrial Boulevard,Suite 100,Sugarland,,TX,77407,pharmacylicensing@healix.net
"Health Dimensions Inc, (dba) Health Dimensions Clinical Pharmacy",PH,262934,Active,11/17/2006,06/30/2026,39303 Country Club Drive A26,,Farmington Hills,,MI,48331,accounting@hdrx.com
Health Haven Rx Inc. (dba) Health Haven Pharmacy,PH,266567,Active,04/15/2022,06/30/2026,1 Chestnut Street,Suite 3Y,Nashua,,NH,03060,info@healthhavenrx.com
Healthcare Evolution LLC,PH,266973,Active,08/08/2024,06/30/2026,649 North Lewis Rd,STE 230A,Royersford,,PA,19468,esingh@vivoinfusion.com
"Healthdirect Institutional Pharmacy Services, Inc. (dba) Healthdirect Institutional Pharmacy Services, Inc. #119",PH,265736,Active,01/07/2019,06/30/2026,1721 Miller Street,,La Crosse,,WI,54601,ericwalker@hdrxservices.com
"HealthDyne Pharmacy CO, LLC",PH,267127,Active,05/12/2025,06/30/2026,7472 Tucson Way,Suite 100-B,Centennial,,CO,80112,administration@welldyne.com
"HealthDyne Pharmacy FL, LLC",PH,267180,Active,08/07/2025,06/30/2026,500 Eagles Landing Drive,Suite B,Lakeland,,FL,33810,administration@welldyne.com
"HealthDyne Specialty Colorado, LLC",PH,267193,Active,09/15/2025,06/30/2026,7472 S. Tucson Way,Suite 100A,Centennial,,CO,80112,administration@welldyne.com
HealthDyne Specialty Florida LLC,PH,267212,Active,09/23/2025,06/30/2026,500 Eagles Landing Drive,Suite A,Lakeland,,FL,33810,administration@welldyne.com
Healtheast St. John's Hospital Pharmacy,PH,260226,Active,07/17/1985,06/30/2026,1575 Beam Avenue,,Maplewood,Ramsey,MN,55109,dept-fps-licensing@fairview.org
Healthpartners RC (dba) Olivia Hospital & Clinic - Pharmacy,PH,266016,Active,04/01/2020,06/30/2026,100 Healthy Way,,Olivia,Renville,MN,56277,magan.a.rasmussen@healthpartners.com
Healthwealth Pharmacy LLC,PH,267363,Active,03/20/2026,06/30/2026,4321 W Sam Houston Pkwy N ,Ste. 190,Houston,,TX,77043,info@hwpharmacy.com
Healthy Options Inc (dba) Healthy Options,PH,262697,Active,11/07/2005,06/30/2026,3500 SE 26th Avenue,P.O. Box 2718,Portland,,OR,97208,RXLICENSING@KROGER.COM
Healy Pharmacy LLC (dba) Village Fertility Pharmacy,PH,266018,Active,02/25/2020,06/30/2026,"Healy Pharmacy, Llc","4580 Weaver Parkway, #103",Warrenville,,IL,60555,John.Quinnert@evernorth.com
"Heartland Infusion, LLC (dba) Heartland Infusion",PH,267190,Active,09/15/2025,06/30/2026,9943 Kingston Pike,,Knoxville,,TN,37922,cneilson@ivxhealth.com
Heartland Pharmacy Services LLC (dba) Heartland Pharmacy Services,PH,266783,Active,07/24/2023,06/30/2026,202 35th St. Dr.,Suite 100,Cedar Rapids,,IA,52403,dan@ipsolutions.org
"Heartland Veterinary Pharmacy, LLC",PH,266904,Active,04/29/2024,06/30/2026,401 W 33rd Street,,Hastings,,NE,68901,compliance@hvrx.com
"Hemophilia Preferred Care of Memphis, Inc.",PH,267048,Active,11/21/2024,06/30/2026,"6423 Shelby View Drive, Suite 104",,Memphis,,TN,38134,Licensing@hpcspecialtyrx.com
Hendricks Community Hospital Assn & Retirement Home,PH,259799,Active,07/01/1980,06/30/2026,503 East Lincoln Street,,Hendricks,Lincoln,MN,56136,sladesiverson@gmail.com
Hennepin County (dba) (NorthPoint Health Center Pharmacy),PH,266710,Active,02/27/2023,06/30/2026,2220 Plymouth Ave N,,Minneapolis,Hennepin,MN,55411,phu.huynh@hennepin.us
Hennepin County Medical Center,PH,262931,Active,11/17/2006,06/30/2026,"730 S 8th Street, Rl 120",,Minneapolis,Hennepin,MN,55415,brian.howard@hcmed.org
Hennepin Healthcare Infusion And Clinic Pharmacy,PH,265546,Active,04/17/2018,06/30/2026,715 S 8th Street,,Minneapolis,Hennepin,MN,55404,brian.howard@hcmed.org
"Hennepin Healthcare System, Inc. (dba) HCMC Enhanced Care Pharmacy",PH,266898,Active,03/22/2024,06/30/2026,913 South 7th St,,Minneapolis,Hennepin,MN,55415,hhsgreenpharmacy@hcmed.org
"Hennepin Healthcare System, Inc. (dba) HCMC North Loop Clinic Pharmacy",PH,265299,Active,03/15/2017,06/30/2026,"800 Washington Ave N, Suite 190",,Minneapolis,Hennepin,MN,55401,heather.anderson2@hcmed.org
"Hennepin Healthcare System, Inc. (dba) HCMC Shapiro Pharmacy",PH,264028,Active,02/01/2013,06/30/2026,914 South 8th Street,,Minneapolis,Hennepin,MN,55415,hhsshapiropharmacy@hcmed.org
"Hennepin Healthcare System, Inc. (dba) HCMC St Anthony Clinic Pharmacy",PH,263778,Active,10/18/2011,06/30/2026,2714 County Rd 88,,St Anthony,Hennepin,MN,55418,christian.lintner@hcmed.org
"Hennepin Healthcare System, Inc. (dba) HCMC Whittier Clinic Pharmacy",PH,262929,Active,11/16/2006,06/30/2026,2810 Nicollet Ave S,,Minneapolis,Hennepin,MN,55408,heather.anderson2@hcmed.org
Henry Ford Health System (dba) Henry Ford Pharmacy Advantage Southfield,PH,264343,Active,02/25/2014,06/30/2026,1191 South Blvd E,,Rochester Hills,,MI,48307,rxadvcmp@hfhs.org
Hephaestus Pharmaceuticals LLC,PH,267186,Active,09/05/2025,06/30/2026,10913 NW 30th Street,Unit 102,Miami,,FL,33172,info@hephaestuspharmacy.com
"Heritage Biologics, LLC (dba) Heritage Specialty Pharmacy",PH,266409,Active,08/10/2021,06/30/2026,255 NW Victoria Dr,Suite B,Lee's Summit,,MO,64086,licensing@HeritageBiologics.com
"Heritage Vet Partners, P.C.",PH,266959,Active,07/22/2024,06/30/2026,51 W. Fernau Ave,,Oshkosh,,WI,54901,pharmacy@heritage.vet
Herrmann Drug Inc.,PH,261643,Active,01/08/1999,06/30/2026,120 1st Street South,,Montgomery,Le Sueur,MN,56069,herrmanndrug@frontiernet.net
HHS Brooklyn Park Clinic Pharmacy,PH,265776,Active,04/01/2019,06/30/2026,7650 Zane Ave N,,Minneapolis,Hennepin,MN,55443,heather.anderson2@hcmed.org
Highland Pharmacy LLC (dba) Etel Pharmacy,PH,266477,Active,12/23/2021,06/30/2026,2509 7th St W,,St Paul,Ramsey,MN,55116,etelpharmacy@gmail.com
Highland Specialty Pharmacy LLC (dba) Highland Specialty Pharmacy,PH,266195,Active,09/28/2020,06/30/2026,10 C Ainsworth Road,,Hattiesburg,,MS,39402,Chris@hsprx.com
Hikma Pharmacy Inc.,PH,264236,Active,10/07/2013,06/30/2026,615 Cedar Ave S,,Minneapolis,Hennepin,MN,55454,hikmapharmacy@gmail.com
"Hill City Pharmacy, Inc. (dba) Hill City Pharmacy",PH,267030,Active,10/21/2024,06/30/2026,308 N. Pomeroy Ave,,Hill City,,KS,67642,Hillcityrx@gmail.com
"Hill Derm Pharmacy, Inc.",PH,266032,Active,03/11/2020,06/30/2026,3065 S. Mellonville Ave,Suite B,Sanford,,FL,32773,robert.walker@hillderm.com
"Hillcrest Pharmacy, LLC",PH,265528,Active,03/22/2018,06/30/2026,781 E Fort Union Blvd,,Midvale,,UT,84047,hillscrestpharmacy17@gmail.com
"Hillsboro Rexall Drug, Inc",PH,267308,Active,12/19/2025,06/30/2026,13 North Main St,P.O. Box 820,Hillsboro,,ND,58045,hillsdrug@hotmail.com
HKC RX LLC,PH,267214,Active,09/29/2025,06/30/2026,8300 N MacArthur Blvd,Suite 130,Irving,,TX,75063,fatepharmacyirving@gmail.com
Holiday CVS LLC (dba) CVS/Pharmacy #11340,PH,266429,Active,09/29/2021,06/30/2026,261 N University Drive,"Suite 300, 3rd Floor",Plantation,,FL,33324,permitinfo@cvshealth.com
"HomeCare Rx, Inc. (dba) InfuCare Rx of NJ",PH,266921,Active,05/24/2024,06/30/2026,"45 Route 46, Unit 610",,Pine Brook,,NJ,07058,licensing@infucarerx.com
"HomeMed Pharmacy, LLC (dba) HomeMed Pharmacy",PH,266878,Active,01/31/2024,06/30/2026,534 W Carmel Dr,,Carmel,,IN,46032,licensing@homemed.com
Homerx Healthcare LLC,PH,266315,Active,04/29/2021,06/30/2026,707 Farrington Street,,Lumberton,,NC,28358,jason@lumbertondrug.com
Homescripts.com LLC (dba) Homescripts,PH,267123,Active,04/23/2025,06/30/2026,12968 Pauline Drive,,Shelby Township,,MI,48315,licensing@cardinalhealth.com
"Hometech Advanced Therapies, Inc.",PH,264212,Active,09/30/2013,06/30/2026,505 Elmwood Ave,,Sharon Hill,,PA,19079,cbaron@hometechadvanced.com
Hometown Pharmacy Inc. (dba) Hometown Pharmacy,PH,266786,Active,07/25/2023,06/30/2026,310 S Ferdon Blvd,,Crestview,,FL,32536,rx@hometown-pharmacy.com
"Honeybee Health, Inc. (dba) Honeybee Health",PH,267020,Active,10/17/2024,06/30/2026,3515 Helms Ave,,Culver City,,CA,90232,jessica@honeybeehealth.com
"Hook-SupeRx, LLC (dba) CVS/pharmacy (#11114)",PH,262057,Active,08/14/2001,06/30/2026,"2800 Enterprise St., Suite 5",,Indianapolis,,IN,46219,permitinfo@cvshealth.com
"Hopkins Center Drug, Inc.",PH,265922,Active,09/18/2019,06/30/2026,913 Hopkins Center,,Hopkins,Hennepin,MN,55343,cbeckmann@centerdrug.com
"Hot Shots NM, LLC",PH,266656,Active,10/17/2022,06/30/2026,2017 E. Kimberly Rd,,Davenport,,IA,52807,s.temple@hotshotsnm.com
Houston RX LLC,PH,267197,Active,09/15/2025,06/30/2026,15340  Vantage PKWY E,Ste 220,Houston,,TX,77032,pharmacy@houston-rx.com
"HRx Pharmacy, LLC",PH,265188,Active,10/28/2016,06/30/2026,4227 S Highland Dr,,Holladay,,UT,84124,hrxpharmacy@gmail.com
Hunt Silver Lake Drug Inc.,PH,265449,Active,11/21/2017,06/30/2026,1510 Broadway Ave N,,Rochester,Olmsted,MN,55906,huntdrug@att.net
"Hunt Silver Lake Drug, Inc. (dba) Hunt Drug LTC",PH,265766,Active,03/01/2019,06/30/2026,1512 N Broadway,,Rochester,Olmsted,MN,55906,huntdrug@att.net
"Hunterpharm, Inc. (dba) Smithville Pharmacy ",PH,267098,Active,02/27/2025,06/30/2026,1501 Dorothy Nichols Ln,STE A,Smithville,,TX,78957,hunterpharmsmithville@gmail.com
Hutchinson Health (dba) Hutchinson Health Hospital,PH,265832,Active,04/29/2019,06/30/2026,1095 Hwy 15 S,,Hutchinson,McLeod,MN,55350,gjennissen@hutchhealth.com
HWareh.com Inc dba Healthwarehouse.Com,PH,263212,Active,07/25/2008,06/30/2026,7107 Industrial Rd,,Florence,,KY,41042,jtrenkamp@healthwarehouse.com
"Hy-Vee, Inc.",PH,263378,Active,05/26/2009,06/30/2026,1620 S. Cedar Avenue,,Owatonna,Steele,MN,55060,1511pharmacydept@hy-vee.com
"Hy-Vee, Inc.",PH,263659,Active,02/25/2011,06/30/2026,1235 Oxford St,,Worthington,Nobles,MN,56187,1897pharmacymgr@hy-vee.com
"Hy-Vee, Inc.",PH,263836,Active,02/17/2012,06/30/2026,907 S State St,,Fairmont,Martin,MN,56031,1183pharmacymgr@hy-vee.com
"Hy-Vee, Inc.",PH,265432,Active,10/20/2017,06/30/2026,1451 Adams St S,,Shakopee,Scott,MN,55379,1562pharmacymgr@hy-vee.com
"Hy-Vee, Inc.",PH,265639,Active,08/20/2018,06/30/2026,3505 Bottineau Blvd,,Robbinsdale,Hennepin,MN,55422,1545pharmacymgr@hy-vee.com
"Hy-Vee, Inc.",PH,265685,Active,10/30/2018,06/30/2026,16705 County Road 24,,Plymouth,Hennepin,MN,55447,1531pharmacymgr@hy-vee.com
"Hy-Vee, Inc.",PH,265719,Active,11/30/2018,06/30/2026,192 10th Street,,Windom,Cottonwood,MN,56101,1892pharmacymgr@hy-vee.com
"Hy-Vee, Inc.",PH,265252,Active,01/21/2017,06/30/2026,6150 Egan Dr,,Savage,Scott,MN,55378,1559pharmacymgr@hy-vee.com
"Hy-Vee, Inc.",PH,265140,Active,08/17/2016,06/30/2026,1500 Central Pk Commons Dr,,Eagan,Dakota,MN,55121,1165pharmacymgr@hy-vee.com
"Hy-Vee, Inc.",PH,265097,Active,07/26/2016,06/30/2026,9409 Zane Ave N,,Brooklyn Park,Hennepin,MN,55443,1040pharmacydept@hy-vee.com
"Hy-Vee, Inc.",PH,265066,Active,05/21/2016,06/30/2026,16150 Pilot Knob Rd,,Lakeville,Dakota,MN,55044,1356pharmacymgr@hy-vee.com
"Hy-Vee, Inc.",PH,264807,Active,09/22/2015,06/30/2026,7180 10th Street N,,Oakdale,Washington,MN,55128,1462pharmacymgr@hy-vee.com
"Hy-Vee, Inc.",PH,264834,Active,10/20/2015,06/30/2026,4221 W Circle Dr NW,,Rochester,Olmsted,MN,55901,1556pharmacymgr@hy-vee.com
"Hy-Vee, Inc.",PH,262141,Active,03/29/2002,06/30/2026,1475 W Service Drive,,Winona,Winona,MN,55987,1896pharmacymgr@hy-vee.com
"Hy-Vee, Inc.",PH,261655,Active,05/28/1999,06/30/2026,1307 18th Ave NW,,Austin,Mower,MN,55912,1027pharmacymgr@hy-vee.com
"Hy-Vee, Inc.",PH,261481,Active,09/23/1997,06/30/2026,2708 Bridge Avenue,,Albert Lea,Freeborn,MN,56007,1019pharmacydept@hy-vee.com
"Hy-Vee, Inc.",PH,261932,Active,10/23/2000,06/30/2026,410 S Riverfront Drive,,Mankato,Blue Earth,MN,56001,1393pharmacydept@hy-vee.com
"Hy-Vee, Inc.",PH,261551,Active,06/16/1998,06/30/2026,500 Crossroads Drive SW,,Rochester,Olmsted,MN,55902,1547pharmacymgr@hy-vee.com
"Hy-Vee, Inc.",PH,261482,Active,09/16/1997,06/30/2026,2010 Adams Street,,Mankato,Blue Earth,MN,56001,1394pharmacymgr@hy-vee.com
"Hy-Vee, Inc.",PH,261539,Active,02/19/1998,06/30/2026,1920 Grant Street NW,,Faribault,Rice,MN,55021,1177pharmacymgr@hy-vee.com
"Hy-Vee, Inc.",PH,260816,Active,07/09/1991,06/30/2026,2015 South Broadway,P.O. Box 250,New Ulm,Brown,MN,56073,1441pharmacymgr@hy-vee.com
"Hy-Vee, Inc.",PH,260861,Active,12/15/1991,06/30/2026,500 37th Street NW,,Rochester,Olmsted,MN,55901,1548pharmacymgr@hy-vee.com
"Hy-Vee, Inc.",PH,265921,Active,10/01/2019,06/30/2026,18755 70th Way North,,Maple Grove,Hennepin,MN,55311,1401pharmacymgr@hy-vee.com
"Hy-Vee, Inc.",PH,265806,Active,04/15/2019,06/30/2026,1315 6th St. NW,,Rochester,Olmsted,MN,55901,1555pharmacymailgroup@hy-vee.com
"Hy-Vee, Inc.",PH,265801,Active,04/15/2019,06/30/2026,401 W. 4th Street,,St Charles,Winona,MN,55972,7075pharmacymgr@hy-vee.com
"Hy-Vee, Inc.",PH,265800,Active,04/15/2019,06/30/2026,136 Main St. SW,,Preston,Fillmore,MN,55965,7069pharmacymgr@hy-vee.com
"Hy-Vee, Inc.",PH,265799,Active,04/15/2019,06/30/2026,802 Memorial Drive Ste 100,,Spring Valley,Fillmore,MN,55975,7077pharmacymailgroup@hy-vee.com
"Hy-Vee, Inc.",PH,265802,Active,04/15/2019,06/30/2026,220 Centertown Plaza N.,,Stewartville,Olmsted,MN,55976,7078pharmacymgr@hy-vee.com
"Hy-Vee, Inc.",PH,265755,Active,02/18/2019,06/30/2026,1002 Old Minnesota Avenue,,St Peter,Nicollet,MN,56082,7079pharmacymgr@hy-vee.com
"Hy-Vee, Inc.",PH,265807,Active,04/15/2019,06/30/2026,435 West Broadway,,Plainview,Wabasha,MN,55964,7068pharmacymrg@hy-vee.com
"Hy-Vee, Inc.",PH,265804,Active,04/15/2019,06/30/2026,370 S. Main St.,,Zumbrota,Goodhue,MN,55992,7095pharmacymailgroup@hy-vee.com
"Hy-Vee, Inc.",PH,266314,Active,04/29/2021,06/30/2026,8155 Highway 65 NE,,Spring Lake Park,Anoka,MN,55432,1643pharmacydept@hy-vee.com
"Hy-Vee, Inc.",PH,266230,Active,11/13/2020,06/30/2026,19 2nd Ave NW,,Kasson,Dodge,MN,55944,7046pharmacydept@hy-vee.com
"Hy-Vee, Inc. ",PH,266548,Active,05/03/2022,06/30/2026,"505 Hope Dr, Suite B",,Eagan,Dakota,MN,55121,patrick.murphy@hy-vee.com
"Hy-Vee, Inc. (dba) Hy-Vee Mail Order",PH,266263,Active,01/20/2021,06/30/2026,4707 Fleur Drive,,Des Moines,,IA,50321,jcrumly@hy-vee.com
"Hy-Vee, Inc. (dba) Hy-Vee Pharmacy #1355",PH,266782,Active,07/24/2023,06/30/2026,4200 State Hwy 16,,La Crosse,,WI,54601,1355pharmacymgr@hy-vee.com
"Hy-Vee, Inc. (dba) Hy-Vee Pharmacy #1871",PH,264852,Active,10/07/2015,06/30/2026,1320 9th Ave SE,,Watertown,,SD,57201,1871pharmacymgr@hy-vee.com
"Hy-Vee, Inc. (dba) Hy-Vee Pharmacy #3 (1632)",PH,265744,Active,01/28/2019,06/30/2026,3000 S Minnesota Ave,,Sioux Falls,,SD,57105,1632pharmacymgr@hy-vee.com
"Hy-Vee, Inc. (dba) Hy-Vee Pharmacy (#1090)",PH,265383,Active,07/17/2017,06/30/2026,7280 East Point Douglas Rd. South,,Cottage Grove,Washington,MN,55016,1090pharmacymgr@hy-vee.com
"Hy-Vee, Inc. (dba) Hy-Vee Pharmacy (#1400)  ",PH,261907,Active,04/21/2000,06/30/2026,900 East Main Street,,Marshall,Lyon,MN,56258,1400pharmacymgr@hy-vee.com
"Hy-Vee, Inc. (dba) Hy-Vee Pharmacy (#1402)",PH,266319,Active,05/05/2021,06/30/2026,2501 White Bear Avenue,,Maplewood,Ramsey,MN,55109,1402pharmacymgr@hy-vee.com
"Hy-Vee, Inc. (dba) Hy-Vee Pharmacy (#1439)",PH,264806,Active,09/22/2015,06/30/2026,8200 42nd Ave N,,New Hope,Hennepin,MN,55427,1439pharmacymgr@hy-vee.com
"Hy-Vee, Inc. (dba) Hy-Vee Pharmacy (#1440)",PH,266388,Active,07/01/2021,06/30/2026,"Hy-Vee, Inc.",200 10th Avenue SE,New Prague,Scott,MN,56071,1140pharmacydept@hy-vee.com
"Hy-Vee, Inc. (dba) Hy-Vee Pharmacy Fulfillment Center (#4016)",PH,264241,Active,10/28/2013,06/30/2026,4707 Fleur Dr,,Des Moines,,IA,50321,4016director@hy-vee.com
"Hy-Vee, Inc. (dba) Hy-Vee Pharmacy Fulfillment Center (4069)",PH,267257,Active,10/22/2025,06/30/2026,2700 W 10th St,Suite 200,Sioux Falls,,SD,57104,4069pharmacymgr@hy-vee.com
"HYVACS, LLC (dba) Hy-Vee Pharmacy Solutions",PH,264491,Active,06/27/2014,06/30/2026,"10004 S 152nd St, Suite C",,Omaha,,NE,68138,licensure@hvrxsolutions.com
"I.G.G. of America, LLC (dba) CVS/Specialty",PH,266793,Active,08/10/2023,06/30/2026,7150 Columbia Gateway Dr,Suite E,Columbia,,MD,21046,permitinfo@cvshealth.com
I.V. Solutions LLC,PH,267172,Active,07/22/2025,06/30/2026,165 Hansen Court,Ste 106,Wood Dale,,IL,60191,dheuer@ivsolutionsllc.com
"ICP Holdings, LLC (dba) Integrity Compounding Pharmacy",PH,265932,Active,10/02/2019,06/30/2026,"8601 Dunwoody Place, #750",,Sandy Springs,,GA,30350,caseyg@mixwithintegrity.com
"IHC Health Services, Inc (dba) Intermountain Home Delivery Pharmacy",PH,264693,Active,04/01/2015,06/30/2026,"7268 S Bingham Junction Blvd, Suite B1",,Midvale,,UT,84047,homedeliverylicensingpic@imail.org
"ImprimisRx Nashville, LLC",PH,266873,Active,01/26/2024,06/30/2026,658 Grassmere Park,Suite 104,Nashville,,TN,37211,jsaharek@harrowinc.com
"ImprimisRx NJ, LLC (dba) ImprimisRx",PH,264388,Active,04/15/2014,06/30/2026,1705 Route 46 Ste 4,,Ledgewood,,NJ,07852,imprimislabs@imprimisrx.com
Infinite Health Pharmacy Inc.,PH,267352,Active,02/20/2026,06/30/2026,416 Clematis St.,Suite B,West Palm Beach,,FL,33401,infinitehealthrx@gmail.com
"Infinity Compounding Solutions, LLC (dba) Infinity Care Solutions",PH,265889,Active,07/01/2019,06/30/2026,1204 SE 28th St,Suite 2,Bentonville,,AR,72712,pharmacycredentialing@arcare.net
"Infucare Rx, LLC",PH,266413,Active,08/30/2021,06/30/2026,2540 Market Street,Ste 1,Aston,,PA,19014,licensing@infucarerx.com
Infuserve America,PH,263395,Active,07/15/2009,06/30/2026,11880 28th St N,,St Petersburg,,FL,33716,compliance@infuserveamerica.com
"Injectable Therapy Services, Inc. (dba) BioMatrix Specialty Pharmacy CA",PH,266938,Active,07/01/2024,06/30/2026,16625 Arminta St.,,Van Nuys,,CA,91406,audrey.gadd@biomatrixsprx.com
"Injured Workers Pharmacy, LLC",PH,263787,Active,11/15/2011,06/30/2026,300 Federal St,,Andover,,MA,01810,IWP_Licenses@iwpharmacy.com
"Innova Rx, Inc. (dba) Cedarmak Pharmacy",PH,266188,Active,09/23/2020,06/30/2026,"Innova Rx, Inc.",8737 Beverly Blvd #102,West Hollywood,,CA,90048,cedarmakpharmacy@yahoo.com
InnovAge Pharmacy LLC (dba) InnServioRx,PH,267074,Active,01/09/2025,06/30/2026,5303 Spine Road,Ste 100,Boulder,,CO,80301,Innovge-CO@anewhealthrx.com
"InnovaHealth, LLC (dba) InnovaScript",PH,267178,Active,07/29/2025,06/30/2026,4145 Route 286 Highway West,,Indiana,,PA,15701,sgetty@diamondpharmacy.com
InnovaRX Inc,PH,267125,Active,05/12/2025,06/30/2026,100 Campus Dr,Ste 103,Morganville,,NJ,07751,Licensing@innovarxusa.com
Innovation Compounding Pharmacy LLC (dba) Innovation Compounding ,PH,266460,Active,12/06/2021,06/30/2026,6095 Pine Mountain Rd NW,Ste 108,Kennesaw,,GA,30152,rjohnson@innovationcompounding.com
"Innovative Rx, LLC (dba) TELEDERM.ME",PH,267218,Active,09/29/2025,06/30/2026,11954 Fishers Crossing Drive,,Fishers,,IN,46038,info@innovativerxpharmacy.com
"Inspire Pharmacy, Inc.",PH,266818,Active,09/26/2023,06/30/2026,360 Division Ave,Suite 100,Grand Forks,,ND,58201,pharmacy@inspiregf.com
"Integrated Health Concepts, Inc. (dba) Conversio Health",PH,264258,Active,11/07/2013,06/30/2026,"720 Aerovista Pl, Ste D",,San Luis Obispo,,CA,93401,dherr@conversiohealth.com
"Integrated Health Marketing, LLC (dba) Seip Drug #13",PH,264382,Active,04/07/2014,06/30/2026,"5675 26th Ave S, Suite 136B",,Fargo,,ND,58104,seipdrugltc@gmail.com
"Integrated Health Marketing, LLC (dba) Seip Prescription Shoppe #12",PH,264381,Active,04/07/2014,06/30/2026,"5675 26th Ave S, Suite 136A",,Fargo,,ND,58104,seipdrugdocs@gmail.com
Integrity Rx Specialty Pharmacy LLC (dba) Integrity Rx Specialty Pharmacy,PH,265739,Active,02/15/2019,06/30/2026,"8425 N 90th St, Suite 8",,Scottsdale,,AZ,85258,jbarry@villagepharmacy.com
International Falls Memorial Hospital (dba) Rainy Lake Pharmacy,PH,201049,Active,07/17/1975,06/30/2026,1400 Highway 71,,International Falls,Koochiching,MN,56649,kchezick@rainylakemedical.com
International Falls Memorial Hospital Association (dba) Rainy Lake Pharmacy,PH,266726,Active,05/05/2023,06/30/2026,314 3rd Street,,International Falls,Koochiching,MN,56649,pharmacy@rainylakemedical.com
"Intrathecal Compounding Specialists, LLC",PH,265204,Active,01/31/2017,06/30/2026,206A Jacobs Run,,Scott,,LA,70583,jeffrey@icspharmacy.com
"Irsfeld Pharmacy, P.C.",PH,265880,Active,07/01/2019,06/30/2026,33 9th St W,,Dickinson,,ND,58601,steveirsfeld64@outlook.com
Ivanhoe Family Pharmacy Inc. (dba) Ivanhoe Family Pharmacy,PH,262925,Active,12/01/2006,06/30/2026,"366 East George Street, Suite 1",,Ivanhoe,Lincoln,MN,56142,arost99@hotmail.com
Ivation Pharmacy LLC,PH,266644,Active,09/28/2022,06/30/2026,305 North Heatherwilde Blvd.,Suite 220,Pflugerville,,TX,78660,licensing@ivationrx.com
"Iverson Corner Drug, Inc (dba) Iverson Corner Drug",PH,265737,Active,01/09/2019,06/30/2026,408 Minnesota Ave NW,,Bemidji,Beltrami,MN,56601,rph@iversoncornerdrug.com
"IVI Pharmacy, Inc. (dba) Brigent",PH,266999,Active,09/03/2024,06/30/2026,4766 Park Granada,STE 112,Calabasas,,CA,91302,licensing@brigent.com
J&B Pharmacy Services Inc.,PH,267310,Active,12/22/2025,06/30/2026,50496 Pontiac Trail,Suite 1500,Wixom,,MI,48393,regulatory@jandbpharmacy.com
J&B Pharmacy Services Inc.,PH,266318,Active,05/04/2021,06/30/2026,50496 W Pontiac Trail,Suite 1500,Wixom,,MI,48393,regulatory@jandbpharmacy.com
"Jase Pharmacies, LLC (dba) Jase Pharmacy",PH,267163,Active,07/15/2025,06/30/2026,13648 S 200 W,STE # 1,Draper,,UT,84020,manager@jasepharmacy.com
"JAT Pharmacy, LLC",PH,265814,Active,05/01/2019,06/30/2026,805 Burton Blvd. Ste A,,Deforest,,WI,53532,bill.bartkowiak@jatpharmacy.pharmacy
"Jerry's Enterprises, Inc.",PH,267004,Active,09/24/2024,06/30/2026,5418 St. Croix Trail,,North Branch,Chisago,MN,55056,amell@jerrysfoods.com
"JHC Acquisition, LLC (dba) Omnicare of Northern Illinois",PH,263246,Active,09/16/2008,06/30/2026,2313 S Mount Prospect Road,,Des Plaines,,IL,60018,permitinfo@cvshealth.com
JJEL LLC (dba) Valley Drug,PH,266034,Active,03/24/2020,06/30/2026,1500 Curve Crest Blvd,,Stillwater,Washington,MN,55082,myvalleydrug@gmail.com
"JKR Pharmacy Ventures, LLC (dba) Doc Lane's Veterinary Pharmacy",PH,266830,Active,09/29/2023,06/30/2026,"101 Venture Ct., Ste 125",,Lexington,,KY,40511,info@doclanes.com
Johnson Memorial Health Services,PH,205403,Active,07/01/1978,06/30/2026,1282 Walnut Street,,Dawson,Lac qui Parle,MN,56232,wredepenning@jmhsmn.org
"Jon's Drug, Inc. (dba) Jon's Drug",PH,260017,Active,06/01/1983,06/30/2026,318 Grant Avenue,,Eveleth,St Louis,MN,55734,jon@jonsdrug.com
"Joycrafters, LLC (dba) DCA Pharmacy",PH,267100,Active,03/06/2025,06/30/2026,233 Bedford Way,,Franklin,,TN,37064,bmyatt@diabcorp.com
JSK Drug LLC (dba) RxSolutions,PH,266215,Active,10/26/2020,06/30/2026,527 N Washington Street,,Papillion,,NE,68046,rxsolutions20@gmail.com
JT Hoeschen Inc (dba) St. Paul Corner Drug,PH,261429,Active,04/01/1997,06/30/2026,240 South Snelling Avenue,,St Paul,Ramsey,MN,55105,jhoeschen@stpaulcornerdrug.com
Juba Pharmacy Inc (dba) Juba Pharmacy,PH,265702,Active,01/29/2019,06/30/2026,1926 Chicago Ave,,Minneapolis,Hennepin,MN,55404,jubapharmacy@gmail.com
Jubilant Draximage Inc (dba) Jubilant Radiopharma ,PH,266312,Active,04/07/2021,06/30/2026,2200 University Ave W,Suite 170,St Paul,Ramsey,MN,55114,jennifer.randolph@jubl.com
"Juro's Medical, Inc (dba) Juro's United Drug",PH,267043,Active,11/06/2024,06/30/2026,2043 Grand Ave,,Billings,,MT,59102,djurovich@jurosmedical.com
"K & K Rx Services, LP (dba) BioMatrix Specialty Pharmacy PA",PH,265422,Active,10/03/2017,06/30/2026,3070 McCann Farm Drive,Suite 101,Garnet Valley,,PA,19060,rachel.marchiano@biomatrixsprx.com
"K Pharmacy, LLC",PH,266439,Active,10/12/2021,06/30/2026,28 Kaysal Ct,Unit B1,Armonk,,NY,10504,pharmacylicensing@khealth.com
"KabaFusion, Inc.",PH,265720,Active,12/31/2018,06/30/2026,"159 Memorial Dr, Unit E",,Shrewsbury,,MA,01545,kabafusionlicensing@kabafusion.com
"Kaiser Foundation Health Plan of the Mid Atlantic States, Inc. (dba) Kaiser Permanente Sterling Automated Refill Center",PH,265759,Active,02/05/2019,06/30/2026,22370 Davis Dr,,Sterling,,VA,20164,sirak.d.woldetsdik@kp.org
Kappes Pharmaceuticals LLC (dba) CrossLake Drug,PH,262101,Active,11/02/2001,06/30/2026,14311 Gould Street,,Cross Lake,,MN,56442,pharmacy@crosslake.net
"Keaveny Drug, Inc.",PH,263701,Active,05/27/2011,06/30/2026,150 Main Ave,P.O. Box 910,Winsted,McLeod,MN,55395,deborah.keaveny@gmail.com
"KEBD Enterprises, LLC (dba) Belmar Pharmacy",PH,265777,Active,03/21/2019,06/30/2026,"231 Violet St, Suite 140",,Golden,,CO,80401,jessica.michieli@belmarpharma.com
Keystone Pharmacy LLC (dba) Keystone Specialty Pharmacy,PH,266961,Active,07/30/2024,06/30/2026,106 Highland Way,STE 206,Madison ,,MS,39110,info@keystone-pharmacy.com
"Kings Park Slope, LLC (dba) PRIMA",PH,267055,Active,12/06/2024,06/30/2026,8 East 41st Street,,New York,,NY,10017,info@forprima.com
Kittson Memorial Hospital Association (dba) Kittson Healthcare,PH,263957,Active,09/17/2012,06/30/2026,1010 S Birch Ave,,Hallock,Kittson,MN,56728,nicole.johnson@kmhc.net
Kittson Memorial Hospital Association (dba) Kittson Pharmacy,PH,267129,Active,05/13/2025,06/30/2026,1010 S Birch Ave,,Hallock,Kittson,MN,56728,Nicole.Johnson@kmhc.net
KLM Labs LLC (dba) KLM Labs,PH,267179,Active,08/06/2025,06/30/2026,6110 Greenwood Plaza Blvd,,Greenwood Village,,CO,80111,KathleenL@advancedENTdenver.com
"KnippeRx, Inc.",PH,265943,Active,10/11/2019,06/30/2026,"1250 Patrol Road, Suite 100",,Charlestown,,IN,47111,licensing@knipperx.com
Koala Pharmacy Boston LLC,PH,266414,Active,08/30/2021,06/30/2026,179 South Street,Ste 100,Boston,,MA,02111,licensing@koala.health
Kozak Inc.,PH,261564,Active,06/01/1998,06/30/2026,419 Skyline Boulevard,,Cloquet,Carlton,MN,55720,1554@medicineshoppe.com
Kozak Inc. (dba) The Medicine Shoppe 108,PH,261341,Active,04/01/1996,06/30/2026,1208 Cloquet Avenue,,Cloquet,Carlton,MN,55720,jgust4702@gmail.com
LAI Pharmacy LLC (dba) LAI Pharmacy,PH,267208,Active,09/22/2025,06/30/2026,3 Plaza Dr.,Ste 5,Tom River,,NJ,08757,laipharmacy@outlook.com
Lake Cedar Pharmacy LLC,PH,263276,Active,12/12/2008,06/30/2026,2423 East Franklin Ave,,Minneapolis,Hennepin,MN,55406,SUNARI12@AOL.COM
Lake Region Healthcare Corporation,PH,261087,Active,01/01/1994,06/30/2026,1411 Hwy 79 E,,Elbow Lake,Grant,MN,56531,jaythompson@lrhc.org
Lake Region Healthcare Corporation (dba) Lake Region Healthcare,PH,267252,Active,10/20/2025,06/30/2026,908 South Cascade St,,Fergus Falls,Otter Tail,MN,56537,rllien@lrhc.org
Lake Region Healthcare Corporation (dba) Lake Region Healthcare,PH,267253,Active,10/20/2025,06/30/2026,712 South Cascade St,,Fergus Falls,Otter Tail,MN,56537,rllien@lrhc.org
Lake View Memorial Hospital Pharmacy,PH,200530,Active,06/26/1975,06/30/2026,325 11Th Avenue,,Two Harbors,Lake,MN,55616,christine.dearing@slhduluth.com
Lakeview Memorial Hospital Association Inc. (dba) Lakeview Memorial Hospital Pharmacy,PH,200202,Active,06/13/1975,06/30/2026,927 West Churchill Street,,Stillwater,Washington,MN,55082,cynthia.a.appleseth@lakeview.org
"Lakeview Memorial Hospital Association, Inc. (dba) Lakeview Memorial Hospital Pharmacy- Outpatient",PH,261233,Active,07/05/1995,06/30/2026,927 West Churchill Street,,Stillwater,Washington,MN,55082,andrew.r.harrington@lakeview.org
Lakewood Health Center,PH,261569,Active,05/15/1998,06/30/2026,600 South Main Avenue,,Baudette,Lake of the Woods,MN,56623,brent.noble@commonspirit.org
Lakewood Health System (dba) Longbella Drug by Lakewood Health System- Pillager Clinic,PH,266846,Active,11/08/2023,06/30/2026,"653 Pillsbury Street N, Suite 2",,Pillager,Cass,MN,56473,longbelladrug@gmail.com
Lakewood Health System (dba) Longbella Drug by Lakewood Health System- Plaza,PH,266844,Active,11/02/2023,06/30/2026,1210 US Highway 10 E Suite 1,,Staples,Wadena,MN,56479,longbelladrug@gmail.com
Lakewood Health System (dba) Longbella Drug by Lakewood Health System- Staples Clinic,PH,266847,Active,11/08/2023,06/30/2026,"49725 Co Rd 83, Suite 100",,Staples,Wadena,MN,56479,lanilongbella@lakewoodhealthsystem.com
Lakewood Health Systems Hospital Pharmacy,PH,200748,Active,06/26/1975,06/30/2026,49725 County 83,,Staples,Todd,MN,56479,brianhinman@lakewoodhealthsystem.com
Lee Silsby Compounding Pharmacy LLC,PH,266777,Active,07/18/2023,06/30/2026,23865 Mercantile Rd,,Beachwood,,OH,44122,info@leesilsby.com
"Leedstone, Inc. (dba) Leedstone",PH,261819,Active,05/05/2000,06/30/2026,222 County Road 173 SE,,Melrose,Stearns,MN,56352,brendonvdh@leedstone.net
Legacy Apothecary LLC (dba) Waconia Clinic Pharmacy,PH,264872,Active,11/25/2015,06/30/2026,430 State Hwy 5 W,,Waconia,Carver,MN,55387,rloegering@mac.com
Lehigh Pharmacy & Supplies Inc (dba) CerebralRx,PH,266448,Active,10/28/2021,06/30/2026,307 Del Prado Blvd. N,Suite 3,Cape Coral,,FL,33909,CerebralRx@cerebral.com
"LeMed Pharmacy III, LLC",PH,266133,Active,07/09/2020,06/30/2026,2417 3rd Ave,Ste 406,Bronx,,NY,10451,compliance@lemedrx.com
Lemed Specialty Pharmacy Arizona LLC,PH,266926,Active,06/10/2024,06/30/2026,2450 E. Guadalupe Road,Suite 110,Gilbert,,AZ,85234,compliance@lemedrx.com
"Lewis Drugs, Inc. (dba) Lewis Drug #11",PH,267233,Active,10/10/2025,06/30/2026,"1301 E 10th St., Ste 100",,Sioux Falls,,SD,57103,astein@lewisdrug.com
"Lewis Drugs, Inc. (dba) Lewis Drug #17",PH,267225,Active,10/10/2025,06/30/2026,5830 E Madison St,,Sioux Falls ,,SD,57110,astein@lewisdrug.com
"Lewis Drugs, Inc. (dba) Lewis Drug #3 ",PH,267226,Active,10/10/2025,06/30/2026,"1301 E 10th St, Ste 100",,Sioux Falls ,,SD,57103,astein@lewisdrug.com
"Lewis Drugs, Inc. (dba) Lewis Drug #9",PH,267232,Active,10/10/2025,06/30/2026,115 N Splitrock Blvd,,Brandon,,SD,57005,astein@lewisdrug.com
Lewis Family Drug LLC (dba) Lewis Family Drug #40,PH,267260,Active,10/22/2025,06/30/2026,1095  Morgan St,,Tracy,Lyon,MN,56175,astein@lewisdrug.com
Lewis Family Drug LLC (dba) Lewis Family Drug #51,PH,267259,Active,10/22/2025,06/30/2026,202 Kniss Ave S,,Luverne,Rock,MN,56156,astein@lewisdrug.com
Lewis Family Drug LLC (dba) Lewis Family Drug #54,PH,267248,Active,10/14/2025,06/30/2026,2202 17th St ,,Spirit Lake,,IA,51360,astein@lewisdrug.com
"Lewis Family Drug, LLC (dba) Lewis Family Drug #31",PH,267244,Active,10/10/2025,06/30/2026,109 S Main ST,,Milbank,,SD,57252,astein@lewisdrug.com
"Lewis Family Drug, LLC (dba) Lewis Family Drug #33",PH,267238,Active,10/10/2025,06/30/2026,318 Studdart Ave,,Graceville,,MN,56240,astein@lewisdrug.com
"Lewis Family Drug, LLC (dba) Lewis Family Drug #35",PH,267237,Active,10/10/2025,06/30/2026,686 US Hwy 12,,Ortonville,Big Stone,MN,56278,astein@lewisdrug.com
"Lewis Family Drug, LLC (dba) Lewis Family Drug #36",PH,267236,Active,10/10/2025,06/30/2026,250 N Munsterman St,,Appleton,Swift,MN,56208,astein@lewisdrug.com
"Lewis Family Drug, LLC (dba) Lewis Family Drug #44",PH,267243,Active,10/10/2025,06/30/2026,925 SD HWY 10,,Sisseton,,SD,57262,astein@lewisdrug.com
"Lewis Family Drug, LLC (dba) Lewis Family Drug #45",PH,267235,Active,10/10/2025,06/30/2026,1105 13th Ave S,,St James,Watonwan,MN,56081,astein@lewisdrug.com
"Lewis Family Drug, LLC (dba) Lewis Family Drug #46",PH,267234,Active,10/10/2025,06/30/2026,712 8th Ave SE,,Pipestone,Pipestone,MN,56164,astein@lewisdrug.com
"Lewis Family Drug, LLC (dba) Lewis Family Drug #50",PH,267242,Active,10/10/2025,06/30/2026,2700 W 12th St,tSe Ste 100,Sioux Falls,,SD,57104,astein@lewisdrug.com
"Lewis Family Drug, LLC (dba) Lewis Family Drug #56",PH,267261,Active,10/22/2025,06/30/2026,599 2nd Ave N,,Windom,,MN,56101,astein@lewisdrug.com
"Lewis Family Drug, LLC (dba) Lewis Family Drug #61",PH,267249,Active,10/14/2025,06/30/2026,106 N Boone St,,Rock Rapid,,IA,51246,astein@lewisdrug.com
"Lewis Family Drug, LLC (dba) Lewis Family Drug #64",PH,267245,Active,10/10/2025,06/30/2026,"1420 W 22nd St., Ste. 103",,Sioux Falls,,SD,57105,astein@lewisdrug.com
"Lewis Family Drug, LLC (dba) Lewis Family Drug #70",PH,267251,Active,10/17/2025,06/30/2026,127 E 2nd Ave,,Flandreau,,SD,57028,astein@lewisdrug.com
"Lewis Family Drug, LLC (dba) Lewis Family Drug #71",PH,267246,Active,10/10/2025,06/30/2026,1507 N Main St,,Mitchell,,SD,57301,astein@lewisdrug.com
"Lewis Family Drug, LLC (dba) Lewis Family Drug #75",PH,267241,Active,10/10/2025,06/30/2026,825 3rd St,,Jackson,Jackson,MN,56143,astein@lewisdrug.com
"Lewis Family Drug, LLC (dba) Lewis Family Drug #76",PH,267240,Active,10/10/2025,06/30/2026,326 Main St,,Lakefield,Jackson,MN,56150,astein@lewisdrug.com
"Lewis Family Drug, LLC (dba) Lewis Family Drug #79",PH,267239,Active,10/10/2025,06/30/2026,9 E Main St,,Madelia,Watonwan,MN,56062,astein@lewisdrug.com
"Liberty Medical, LLC (dba) AptivaRx",PH,267147,Active,06/23/2025,06/30/2026,6700 N Andrews Ave,Ste 700,Ft. Lauderdale,,FL,33309,licensing@aptivarx.com
Life Infusions Corp,PH,266831,Active,09/29/2023,06/30/2026,1500 Astor Ave,Suite 2B,Bronx,,NY,10469,compliance.lifeinfusions@gmail.com
Lifecare Medical Center,PH,259998,Active,12/06/1982,06/30/2026,715 Delmore Drive,,Roseau,Roseau,MN,56751,gstreiff@lifecaremc.com
"LifeMD Pharmacy Services, LLC",PH,267054,Active,12/05/2024,06/30/2026,499 Running Pump Rd,Ste. 106,Lancaster,,PA,17601,licensing@lifemdpharmacy.com
Lightning Rx Inc. (dba) Lightning Rx ,PH,266609,Active,07/13/2022,06/30/2026,1876 Doctor Andres Way,Suite 112,Delray Beach,,FL,33445,lightningrx@heliosx.com
Lincare Pharmacy Services Inc. (dba) Reliant Pharmacy Service,PH,265828,Active,04/25/2019,06/30/2026,3985 Gateway Centre Blvd Ste 200,,Pinellas Park,,FL,33782,kwolosch@secure.lincare.com
"Lincare Pharmacy Services, Inc., (dba) Med 4 Home",PH,266331,Active,05/14/2021,06/30/2026,"2001 NE 46th Street, Suite 150",,Kansas City,,MO,64116,eweight@secure.med4home.com
Linson Pharmacy LTD,PH,261023,Active,07/01/1993,06/30/2026,3175 25th Street SW,,Fargo,,ND,58103,rx@linsonpharmacy.com
Live Well Rx LLC (dba) Live Well Pharmacy,PH,266819,Active,09/26/2023,06/30/2026,4001 Long Prairie Rd,Ste 100,Flower Mound,,TX,75028,livewellpharmacy@yahoo.com
"Long Island Jewish Medical Center at Home Pharmacy, Inc. (dba) Vivo Health Pharmacy at Home",PH,266158,Active,08/12/2020,06/30/2026,"225 Community Drive, Suite 140",,Great Neck,,NY,11021,vivo.pharm225@northwell.edu
Long Prairie Pharmacy LLC (dba) Long Prairie Pharmacy,PH,265031,Active,04/05/2016,06/30/2026,"4921 Long Prairie Rd, Suite 105",,Flower Mound,,TX,75028,longprairiepharmacy@yahoo.com
Long's Drugs of Lexington South Carolina Inc. (dba) Avita Pharmacy 1051,PH,264960,Active,01/06/2016,06/30/2026,1216 West Main St,Suite D,Lexington,,SC,29072,legal@avitacaresolutions.com
Lotus LTC Pharmacy LLC (dba) Lotus Pharmacy,PH,265999,Active,01/02/2020,06/30/2026,9850 51st Ave N,Suite 102,Plymouth,Hennepin,MN,55441,jlytwyn@lotuspharmacy.com
Lower Sioux Health Care Center,PH,264876,Active,01/04/2016,06/30/2026,39648 Res Hwy 3,,Morton,Renville,MN,56270,shannon.goblirsch@lowersiouxhealth.com
LPRXONE LLC (dba) Lemonaid Pharmacy,PH,266445,Active,10/21/2021,06/30/2026,"1701 Macklind, Suite 300",,St. Louis,,MO,63110,lprxone@lemonaid.com
"LT Pharmacy Buyer, LLC (dba) Link Pharmacy",PH,267256,Active,10/22/2025,06/30/2026,2140 Justin Rd,Ste 100,Highland Village,,TX,75077,regulatory@linkrx.org
LTC Prescription Providers #2,PH,266589,Active,06/09/2022,06/30/2026,220 1/2 3rd Ave.,,Proctor,St Louis,MN,55810,philip@huntdrug.net
"LTC Prescription Providers, INC",PH,266588,Active,06/09/2022,06/30/2026,220 3rd Ave.,,Proctor,St Louis,MN,55810,philip@huntdrug.net
"Lumicera Health Services, LLC",PH,267319,Active,01/07/2026,06/30/2026,9185 E. Pima Center Parkway,Suite 200,Scottsdale,,AZ,85258,licensing@lumicera.com
"Lumicera Health Services, LLC",PH,267320,Active,01/07/2026,06/30/2026,310 Integrity Drive,Suite 101,Madison,,WI,53717,licensing@lumicera.com
"Lumicera Health Services, LLC",PH,267333,Active,01/21/2026,06/30/2026,20501 Seneca Meadows Parkway,Suite 120,Germantown,,MD,20876,licensing@lumicera.com
"Lynnfield Compounding Center, Inc. (dba) Freedom FP Fertility Phamacy",PH,267083,Active,01/28/2025,06/30/2026,374 Merrimac Street,Suite 200,Newburyport,,MA,01950,philip.damato@curascript.com
"Lynnfield Drug, Inc. (dba) Freedom Fertility Pharmacy",PH,267087,Active,02/06/2025,06/30/2026,374 Merrimac Street,Suite 100,Newburyport,,MA,01950,hilary.veinot@evernorth.com
M. N. Pharmacy LLC (dba) Amazon Pharmacy #003,PH,266245,Active,12/07/2020,06/30/2026,"M.N. Pharmacy, Llc","6701 NW 7th Street, Suite 199",Miami,,FL,33126,pmi2-licensing@pillpack.com
"Mackenthun/Beck Pharmacy, Inc. (dba) Mackenthun Beck Pharmacy",PH,265877,Active,06/27/2019,06/30/2026,851 Marketplace Drive,,Waconia,Carver,MN,55387,pharmacy@mackenthuns.com
"Madame Rx, LLC (dba) Chemistry Rx",PH,266379,Active,06/30/2021,06/30/2026,950 Henderson Blvd.,,Folcroft,,PA,19032,licensing@chemistryrx.com
Madelia Health,PH,200780,Active,06/26/1975,06/30/2026,121 Drew Avenue Se,,Madelia,Watonwan,MN,56062,jmalmskog@Madeliahealth.org
Madison Healthcare Services (dba) Madison Hospital,PH,200448,Active,06/19/1975,06/30/2026,820 3rd Avenue,,Madison,Lac qui Parle,MN,56256,dnyflot@mlhmn.org
"Magnolia Pharmacy Services, LLC (dba) Magnolia Pharmacy",PH,266907,Active,04/29/2024,06/30/2026,"2620 Bethelview Dr., Ste. 100",,Cumming,,GA,30040,lindsey.tesseyman@mymagnoliarx.com
Magnum Compounding LLC,PH,267198,Active,09/16/2025,06/30/2026,490 W 84th St,,Hialeah,,FL,33014,pharmacy@magnumcompounding.com
MAH Pharmacy LLC (dba) Evernorth EnGuide Pharmacy,PH,265557,Active,05/01/2018,06/30/2026,4600 N. Hanley Rd. Ste C,,St. Louis,,MO,63134,Kyle.Dexter@express-scripts.com
MAH Pharmacy LLC (dba) Evernorth EnGuide Pharmacy,PH,263806,Active,12/20/2011,06/30/2026,4867 Dixie Highway,,Fairfield,,OH,45014,robert_konkus@express-scripts.com
Mahnomen Health Center,PH,263958,Active,09/17/2012,06/30/2026,414 W Jefferson Ave,,Mahnomen,Mahnomen,MN,56557,jaylan.omar@mahnomenhealthcenter.org
Main St RX LLC,PH,267036,Active,10/21/2024,06/30/2026,"5670 38th Ave S, Ste. A",,Fargo,,ND,58104,scott@mymainstrx.com
"Malanda, Inc. (dba) Mandell's Clinical Pharmacy",PH,263213,Active,07/28/2008,06/30/2026,7 Cedar Grove Lane,Suite 24,Somerset,,NJ,08873,licenses@mandellsrx.com
"Manatee Pharmacy Services, Inc. (dba) Manatee Discount Pharmacy",PH,266884,Active,02/21/2024,06/30/2026,1802 59th Street West,,Bradenton,,FL,34209,compliance@mdprx.com
MAO Pharmacy Inc (dba) Westwood Pharmacy Clinical Services,PH,265972,Active,11/14/2019,06/30/2026,8905 Three Chopt Rd,,Henrico,,VA,23229,SPAL@westwoodpharmacy.com
Maple Grove Hospital Corporation (dba) Maple Grove Hospital Pharmacy,PH,263451,Active,11/18/2009,06/30/2026,9875 Hospital Drive,,Maple Grove,Hennepin,MN,55369,megan.reed@maplegrovehospital.org
Marley Drug Inc.,PH,266244,Active,12/07/2020,06/30/2026,5008 Peters Creek Parkway,,Winston-Salem,,NC,27127,compliance@medicure.com
Mattson Pharmacy Inc (dba) Greenbush Pharmacy,PH,260108,Active,03/12/1984,06/30/2026,P.O. Box 39,152 Main Street North,Greenbush,Roseau,MN,56726,mattsonpharmacy@mncable.net
"Mattson Pharmacy, Inc. (dba) Mattson Pharmacy",PH,201190,Active,08/07/1975,06/30/2026,111 Main Avenue South,,Roseau,Roseau,MN,56751,mattsonpharmacy@mncable.net
"Maxor National Pharmacy Services, LLC (dba) VytlOne Pharmacy",PH,265556,Active,04/30/2018,06/30/2026,416 S Tyler,,Amarillo,,TX,79101,licensing@maxor.com
"Maxor National Pharmacy Services, LLC (dba) VytlOne Specialty Pharmacy",PH,264663,Active,03/03/2015,06/30/2026,6101 43rd Street Ste. C,,Lubbock,,TX,79407,licensing@maxor.com
"Maxor National Pharmacy Services, LLC (dba) VytlOne Specialty Pharmacy",PH,264338,Active,02/18/2014,06/30/2026,"Maxor National Pharmacy Services, Llc",216 S Polk St,Amarillo,,TX,79101,licensing@maxor.com
Mayo Clinic (dba) Mayo Clinic Infusion Therapy Center Pharmacy,PH,266765,Active,06/29/2023,06/30/2026,4115 West Frontage Road Hwy 52 NW,FF3-348,Rochester,Olmsted,MN,55901,heyliger.alexander@mayo.edu
Mayo Clinic Brackenridge Outpatient Research Pharmacy,PH,265945,Active,10/11/2019,06/30/2026,21 2nd Street SW,Room Bk 1-50,Rochester,Olmsted,MN,55902,mcpharmacyorss@mayo.edu
Mayo Clinic Cancer Treatment Center Pharmacy,PH,263441,Active,10/30/2009,06/30/2026,Gonda 10-178,200 First Street SW,Rochester,Olmsted,MN,55905,irvine.clayton@mayo.edu
Mayo Clinic Health System - Lake City,PH,261637,Active,12/23/1998,06/30/2026,500 West Grant Street,,Lake City,Wabasha,MN,55041,kennedy.kelly@mayo.edu
Mayo Clinic Health System - Southwest Minnesota Region (dba) Mayo Clinic Health System - Waseca,PH,267335,Active,01/22/2026,06/30/2026,501 North State St.,,Waseca,Waseca,MN,56093,davis.kelsie@mayo.edu
Mayo Clinic Health System- Southeast Minnesota Region (dba) Mayo Clinic Health System - Cannon Falls,PH,265478,Active,01/01/2018,06/30/2026,32021 County 24 Blvd - Inpatient Pharmacy,,Cannon Falls,Goodhue,MN,55009,frykman.paul@mayo.edu
Mayo Clinic Health System- Southeast Minnesota Region (dba) Mayo Clinic Health System-Austin Clinic Pharmacy,PH,264085,Active,04/04/2013,06/30/2026,1000 1st Dr NW,,Austin,Mower,MN,55912,knoll.rick@mayo.edu
Mayo Clinic Health System- Southwest Minnesota Region (dba) Mayo Clinic Health System-Waseca,PH,265482,Active,01/11/2018,06/30/2026,501 North State St,,Waseca,Waseca,MN,56093,davis.kelsie@mayo.edu
Mayo Clinic Health System-Fairmont,PH,200992,Active,07/10/1975,06/30/2026,800 Medical Center Drive,,Fairmont,Martin,MN,56031,mathiowetz.eric@mayo.edu
Mayo Clinic Health System-Southeast Minnesota Region (dba) Mayo Clinic Health System Pharmacy - Albert Lea,PH,261534,Active,02/28/1998,06/30/2026,404 West Fountain Street,,Albert Lea,Freeborn,MN,56007,knoll.rick@mayo.edu
Mayo Clinic Health System-Southeast Minnesota Region (dba) Mayo Clinic Health System-Albert Lea,PH,200439,Active,06/19/1975,06/30/2026,404 West Fountain St,,Albert Lea,Freeborn,MN,56007,flaker.susan@mayo.edu
Mayo Clinic Health System-Southeast Minnesota Region (dba) Mayo Clinic Health System-Red Wing,PH,265477,Active,01/01/2018,06/30/2026,701 Hewitt Blvd,,Red Wing,Goodhue,MN,55066,flaker.susan@mayo.edu
"Mayo Clinic Health System-Southeast Minnesota Region, Inc. (dba) Mayo Clinic Health System Pharmacy - Cannon Falls",PH,267068,Active,01/07/2025,06/30/2026,"32021 County 24 Blvd., Suite 1716",,Cannon Falls,Goodhue,MN,55009,rstoutptpharmcom@mayo.edu
Mayo Clinic Health System-Southeast Minnesota Regions (dba) Mayo Clinic Health System - Austin Hospital Pharmacy,PH,264086,Active,04/04/2013,06/30/2026,1000 1st Dr NW,,Austin,Mower,MN,55912,bachmeier.bradley@mayo.edu
Mayo Clinic Health System-Southwest Minnesota Region (dba) Mayo Clinic Health System-Mankato,PH,200743,Active,06/26/1975,06/30/2026,1025 Marsh Street,,Mankato,Blue Earth,MN,56001,sweeten.perry@mayo.edu
Mayo Clinic Health System-Southwest Minnesota Region (dba) Mayo Clinic Health System-New Prague,PH,265481,Active,01/11/2018,06/30/2026,301 Second St NE,,New Prague,Le Sueur,MN,56071,kelly.ellen@mayo.edu
Mayo Clinic Health System-St. James (dba) St. James Medical Center-Mayo Health System,PH,200891,Active,07/10/1975,06/30/2026,1101 Moulton And Parson's Drive,P.O. Box 460,St James,Watonwan,MN,56081,jandl.vanda@mayo.edu
"Mayo Clinic Hosp - Rochester, Methodist Campus Phcy",PH,200540,Active,06/26/1975,06/30/2026,201 West Center Street,,Rochester,Olmsted,MN,55902,Christensen.Jason@mayo.edu
Mayo Clinic Hospital-Rochester,PH,201162,Active,07/17/1975,06/30/2026,1216 2nd Street SW,,Rochester,Olmsted,MN,55902,anderson.ryan2@mayo.edu
Mayo Foundation for Medical Education and Research (dba) Mayo Clinic Pharmacy ,PH,265938,Active,10/04/2019,06/30/2026,3551 Commercial Drive SW,,Rochester,Olmsted,MN,55902,rstoutptpharmcom@mayo.edu
Mayo Foundation for Medical Education and Research (dba) Mayo Clinic Pharmacy (Northwest),PH,267155,Active,07/09/2025,06/30/2026,4111 West Frontage Rd. 52 NW,,Rochester,Olmsted,MN,55901,rstoutptpharmcom@mayo.edu
Mayo Foundation for Medical Education and Research (dba) Mayo Clinic Pharmacy - Baldwin,PH,260848,Active,12/05/1991,06/30/2026,"221 4th Ave Sw, Ste 1116",,Rochester,Olmsted,MN,55902,rstoutptpharmcom@mayo.edu
Mayo Foundation for Medical Education and Research (dba) Mayo Clinic Pharmacy Eisenberg,PH,262170,Active,08/08/2002,06/30/2026,201 West Center St,Suite Lo19,Rochester,Olmsted,MN,55902,rstoutptpharmcom@mayo.edu
Mayo Foundation for Medical Education and Research (dba) Mayo Clinic Pharmacy Mary Brigh,PH,262169,Active,08/08/2002,06/30/2026,"1216 Second St Sw, Suite M600B",,Rochester,Olmsted,MN,55902,rstoutptpharmcom@mayo.edu
Mayo Foundation for Medical Education and Research (dba) Mayo Clinic Pharmacy Northeast,PH,262409,Active,03/25/2004,06/30/2026,3041 Stonehedge Drive NE,,Rochester,Olmsted,MN,55906,rstoutptpharmcom@mayo.edu
Mayo Foundation for Medical Education and Research (dba) Mayo Clinic Pharmacy Subway,PH,263699,Active,05/25/2011,06/30/2026,"200 First St Sw, Suite SL14",,Rochester,Olmsted,MN,55905,rstoutptpharmcom@mayo.edu
"Mayo Pharmacy, Inc. (dba) Mayo Pharmacy",PH,267323,Active,01/12/2026,06/30/2026,303 N 4th St,,Bismarck,,ND,58501,info@mayopharmacynd.com
MCHS Skemp Clinic Pharmacy,PH,266213,Active,10/26/2020,06/30/2026,Mayo Clinic Health System,800 West Avenue South,La Crosse,,WI,54650,frederixon.natalie@mayo.edu
MedFront LLC (dba) MedFront Pharmacy,PH,267262,Active,10/29/2025,06/30/2026,4041 W Wheatland Rd,Ste. 204,Dallas,,TX,75237,medfrontpharmacy@gmail.com
Medical Metrics LLC (dba) Medmetrics Pharmacy,PH,266838,Active,10/18/2023,06/30/2026,1075 W Queen Creek Rd,Ste 2,Chandler,,AZ,85248,nathan@medmetricsrx.com
Medical Pharmacy Moorhead Inc. ,PH,265281,Active,02/17/2017,06/30/2026,950 40th Ave S,Suite 103,Moorhead,Clay,MN,56560,sheila@mhdmedpharm.com
Medical Pharmacy Moorhead Inc. (dba) Medical Pharmacy Moorhead,PH,260722,Active,08/06/1990,06/30/2026,101 11Th Street South,,Moorhead,Clay,MN,56560,sheila@mhdmedpharm.com
"Medical Supplies, Inc (dba) TruCare Pharmacy",PH,265810,Active,04/02/2019,06/30/2026,320 4th St. SW Ste 1,,Willmar,Kandiyohi,MN,56201,jennifer.lewison@divinehouse.org
"Medication Management Partners, LLC",PH,264220,Active,10/01/2013,06/30/2026,13601 Kenton Ave,,Crestwood,,IL,60418,compliance@mmprx.com
"Medications & Essentials Delivered Swiftly, Inc.",PH,267304,Active,12/18/2025,06/30/2026,1104 2nd Ave,,New York,,NY,10022,medicationsessentials@gmail.com
Medicine Chest Pharmacy Inc. (dba) Medicine Chest Pharmacy,PH,265323,Active,05/27/2017,06/30/2026,2187 4th St,,White Bear Lake,Ramsey,MN,55110,rxmedchest@gmail.com
"MediSuite, LLC",PH,266422,Active,09/20/2021,06/30/2026,160 Macgregor Pines Dr,Suite 110,Cary,,NC,27511,info@medisuiterx.com
"MedMinder Systems, Inc. (dba) MedMinder Pharmacy",PH,266764,Active,06/28/2023,06/30/2026,320 Norwood Park South,Suite 101,Norwood,,MA,02062,licensing@medminder.com
MedOne L.C. (dba) MedOne Pharmacy Services,PH,267364,Active,03/25/2026,06/30/2026,2460 Kerper Blvd.,Suite 701,Dubuque,,IA,52001,medonerx@medone-rx.com
"MedOne, L.C. (dba) MedOne Pharmacy Services",PH,264392,Active,05/02/2014,06/30/2026,1580 University Ave,,Dubuque,,IA,52001,medonerx@medone-rx.com
MedOptions RX LLC,PH,267203,Active,09/16/2025,06/30/2026,450 E Devon Ave,Suite 170,Itasca,,IL,60143,Jennifer.otto@medoptionsrx.com
MedPack LLC (dba) MedPack,PH,266577,Active,05/31/2022,06/30/2026,5923 Strickland Ave,,Brooklyn,,NY,11234,jb@medpackrx.com
"MedQuest Pharmacy, Inc.",PH,266325,Active,05/12/2021,06/30/2026,669 West 900 North,,North Salt Lake,,UT,84054,Jessica.Michieli@belmarpharma.com
MedRock TN LLC,PH,266743,Active,06/20/2023,06/30/2026,6116 Shallowford Rd #105,,Chattanooga,,TN,37421,tn@medrockpharmacy.com
"MedRx Infusion Clinical Pharmacy, LLC (dba) MedRx Infusion Clinical Pharmacy",PH,267270,Active,11/03/2025,06/30/2026,415-417 N Oak Street,,Inglewood,,CA,90302,pic@medrxinfusion.com
"Meds For Vets, LLC",PH,263078,Active,09/12/2007,06/30/2026,9550 S State St,,Sandy,,UT,84070,licensing@medsforvets.com
"Meds, LLC",PH,267005,Active,09/13/2024,06/30/2026,837 S Riverside Dr,STE 300,Elmhurst,,IL,60126,admin@meds.co
Meeker County (dba) Meeker Memorial Hospital,PH,267275,Active,11/05/2025,06/30/2026,612 South Sibley Ave,,Litchfield,Meeker,MN,55355,bkosel@meekermemorial.org
Meijer Sores Limited Partnership (dba) Meijer Pharmacy #463,PH,264877,Active,12/16/2015,06/30/2026,1515 Profit Dr,,Fort Wayne,,IN,46808,john.persaud@meijer.com
Meijer Stores Limited Partnership (dba) Meijer Specialty Pharmacy,PH,265380,Active,07/14/2017,06/30/2026,8455 Haggerty Road,,Belleville,,MI,48111,kirsten.ferraro@meijer.com
Melbourne Pharma LLC,PH,267162,Active,07/15/2025,06/30/2026,2235 S. Babcock St.,,Melbourne,,FL,32901,nmarling@melbournepharma.com
"Melrose Pharmacy, Inc.",PH,265941,Active,10/11/2019,06/30/2026,611 Main Street West,,Melrose,Stearns,MN,56352,melhpharm@meltel.net
MEMAW Inc. (dba) Rochester Health Mart Pharmacy,PH,265919,Active,09/03/2019,06/30/2026,"176 Virginia Ave, 3rd Floor",,Rochester,,PA,15074,broyek@memawinc.com
"Meta Pharmacy Services, LLC (dba) Meta Pharmacy Services",PH,267078,Active,01/24/2025,06/30/2026,8352 W Warm Springs Road,Suite 120,Las Vegas,,NV,89113,admin@metapharmacyservices.com
Methodist Hospital Pharmacy,PH,200304,Active,06/19/1975,06/30/2026,6500 Excelsior Boulevard,P.O. Box 650,St Louis Park,Hennepin,MN,55426,kelly.becicka@PARKNICOLLET.COM
Metro Drugs 3rd Ave. Corp.,PH,267229,Active,10/10/2025,06/30/2026,"243 E. 60th St., FL1",,New York   ,,NY,10022,marks@metrodrugs.com
"Midland Vet Services, LLC (dba) Midland Vet Services Pharmacy",PH,265002,Active,02/25/2016,06/30/2026,11722 Stonegate Circle,,Omaha,,NE,68164,jared@midlandvetservices.com
Mille Lacs Health System,PH,201047,Active,07/17/1975,06/30/2026,200 North Elm Street,P.O. Box A,Onamia,Mille Lacs,MN,56359,pharmacy@mlhealth.org
Mille Lacs Health System (dba) Mille Lacs Health System Community Pharmacy - Isle,PH,266604,Active,06/24/2022,06/30/2026,215 Main Street West,,Isle,Mille Lacs,MN,56342,kthompso@mlhealth.org
Mille Lacs Health System (dba) Mille Lacs Health System Community Pharmacy - Onamia,PH,266492,Active,06/01/2022,06/30/2026,200 N Elm St,,Onamia,Mille Lacs,MN,56359,jmcdonnell@mlhealth.org
"Millers of Wyckoff, Inc.",PH,267085,Active,02/05/2025,06/30/2026,678 Wyckoff Avenue,,Wyckoff,,NJ,07481,stephenl@daywel.com
"Mills Compounding Pharmacy, LLC (dba) Mills Compounding",PH,267367,Active,04/08/2026,06/30/2027,1744 West Maple Road,Suite B,Birmingham,,MI,48009,info@millscompounding.com
Minimed Distribution Corporation,PH,266096,Active,06/16/2020,06/30/2026,18302 Talavera Ridge,,San Antonio,,TX,78257,rs.nrpharmacy@medtronic.com
Minnesota Ave N Pharmacy Services LTD (dba) GuidePoint Pharmacy,PH,265835,Active,06/01/2019,06/30/2026,226 Minnesota Ave N,,Aitkin,Aitkin,MN,56431,matt.d@guidepointpharmacy.com
Minnesota Medication Repository Program (dba) RoundtableRx,PH,267097,Active,02/27/2025,06/30/2026,2112 NE Broadway St. #230,,Minneapolis,Hennepin,MN,55413,info@roundtablerx.org
Minnesota Oncology & Hematology P.A. (dba) Minnesota Cancer Care Pharmacy,PH,261921,Active,07/01/2000,06/30/2026,1580 Beam Avenue,,Maplewood,Ramsey,MN,55109,brian.meger@usoncology.com
Minnesota Oncology Hematology PA (dba) Minnesota Cancer Care Pharmacy,PH,266722,Active,04/25/2023,06/30/2026,10150 Niagara Ln N,Suite 100,Maple Grove,Hennepin,MN,55369,nicole.reinarzstover@usoncology.com
Minnesota State Colleges and Universities ,PH,200808,Active,06/26/1975,06/30/2026,21 Carkoski Commons,,Mankato,Blue Earth,MN,56001,mnsurx@mnsu.edu
Minnesota Valley Health Center Inc. (dba) Ridgeview Le Sueur Medical Center,PH,266741,Active,06/13/2023,06/30/2026,621 S Fourth St,,Le Sueur,Le Sueur,MN,56058,michelle.borchart@ridgeviewmedical.org
Mix Pharmacy LLC,PH,265606,Active,07/09/2018,06/30/2026,1266 Helmo Ave N,,Oakdale,Washington,MN,55128,alanna.humphrey@mixpharmacy.com
"MIXLAB TX, LLC. ",PH,266928,Active,06/17/2024,06/30/2026,953 Hilltop Dr,,Weatherford,,TX,76086,LICENSINGTX@MIXLAB.COM
"Mixlab, Inc.",PH,266905,Active,04/29/2024,06/30/2026,2223 Federal Ave,,Los Angeles,,CA,90064,amanda@mixlab.com
"Mixlab, Inc.",PH,266912,Active,05/15/2024,06/30/2026,336 W 37th St.,Ste 850,New York,,NY,10018,mirna@mixlab.com
"Mixlab, Inc.",PH,267099,Active,03/06/2025,06/30/2026,3880 N 28th Terrace,,Hollywood,,FL,33020,LicensingFL@mixlab.com
MixMyRx Ventures LLC (dba) MixMyRx,PH,266686,Active,02/10/2023,06/30/2026,8696 Vineland Ave,,Orlando,,FL,32821,mixmyrxcorp@mixmyrx.com
MMRX Health LLC (dba) Vitascripts,PH,266895,Active,03/15/2024,06/30/2026,11661 Countryway Blvd,,Tampa,,FL,33626,vitascripts@gmail.com
MN Veterans Home Pharmacy,PH,201261,Active,02/17/1976,06/30/2026,5101 Minnehaha Avenue,,Minneapolis,Hennepin,MN,55417,mary.e.johnson@state.mn.us
"MOBE, LLC",PH,266494,Active,01/26/2022,06/30/2026,3701 Wayzata Blvd,Suite 450,Minneapolis,Hennepin,MN,55416,medservices@mobeforlife.com
Monument Health Home Plus LLC (dba) Monument Health Home + Home Infusion Pharmacy,PH,266556,Active,04/22/2022,06/30/2026,224 Elk Street,Ste 100,Rapid City,,SD,57701,pharmacy@monument.health
Morris Apothecary LLC (dba) Morris Apothecary,PH,266122,Active,06/30/2020,06/30/2026,69 New Road,,Parsippany,,NJ,07054,morris@apothecopharmacy.com
"Mountain Lake Pharmacy, LLC (dba) Peterson Drug and Gifts",PH,266002,Active,01/15/2020,06/30/2026,1007 3rd Ave,P.O. Box 310,Mountain Lake,Cottonwood,MN,56159,eschroeder@nucara.com
MS4 PLLC (dba) The Medicine Shoppe ,PH,266984,Active,08/27/2024,06/30/2026,4476 31st Ave S,STE 105,Fargo,,ND,58104,on45th@medicineshoppefargo.com
MS4 PLLC (dba) The Medicine Shoppe Pharmacy,PH,266629,Active,09/08/2022,06/30/2026,503 14th St. South,,Benson,Swift,MN,56215,benson.admin@medicineshoppefargo.com
Murray County Memorial Hospital,PH,200637,Active,06/26/1975,06/30/2026,2042 Juniper Avenue,,Slayton,Murray,MN,56172,mahonc@murraycountymed.org
Musely Compounding Pharmacy East LLC,PH,266852,Active,11/20/2023,06/30/2026,305 Shawnee North Dr.,Suite 600,Suwanee,,GA,30024,musely2@gmail.com
MVP Pharmacy LLC (dba) Mountain View Pharmacy,PH,267305,Active,12/18/2025,06/30/2026,230 South Main St.,,Bountiful,,UT,84010,MVPPHARMACYLLC@gmail.com
MWI Veterinary Supply Co. (dba) Animal Rx Pharmacy,PH,266991,Active,08/28/2024,06/30/2026,5025 State Route 267,,Lebanon,,IN,46052,MWILicensing@mwiah.com
MWI Veterinary Supply Co. (dba) Animal Rx Pharmacy,PH,263182,Active,05/15/2008,06/30/2026,2450 Midpoint Dr,,Edwardsville,,KS,66111,LLair@mwianimalhealth.com
MWI Veterinary Supply Co. (dba) Animal Rx Pharmacy,PH,263997,Active,12/04/2012,06/30/2026,"5655 11Th Ave E, Suite 200",,Shakopee,Scott,MN,55379,mjeffers@mwianimalhealth.com
Nash-Finch LLC (dba) Family Fare Pharmacy,PH,267314,Active,01/02/2026,06/30/2026,425 Main Street West,,Cannon Falls,Goodhue,MN,55009,snpharmacylicensing@spartannash.com
"Nashville Pharmacy Services, LLC (dba) NPS Pharmacy Direct",PH,267157,Active,07/09/2025,06/30/2026,"278 Franklin Rd, Ste. 335",,Brentwood,,TN,37027,Compliance@npspharmacy.com
"National Pharmacy, Inc. (dba) National Pharmacy",PH,266703,Active,02/10/2023,06/30/2026,7420 Santa Monica Boulevard,,West Hollywood,,CA,90046,nationalcompounding@gmail.com
National Treatment Delivery and Care LLC,PH,266290,Active,02/19/2021,06/30/2026,710 South Military Trail,Suite 710,Deerfield Beach,,FL,33442,admin@ntdc.com
"Nationwide Compounding Rx, LLC (dba) Nationwide Compounding",PH,266463,Active,12/06/2021,06/30/2026,14000 N Hayden Rd,Suite 104,Scottsdale,,AZ,85260,compliance.nationwide@gmail.com
NDVR Pharmacy LLC (dba) Lifeline CMO Pharmacy,PH,267360,Active,03/10/2026,06/30/2026,3233 Corporate CT,,Ellicott City,,MD,21042,lifelinecmorx@gmail.com
Neovance Specialty Pharmacy LLC,PH,263392,Active,06/30/2009,06/30/2026,"100 Technology Park, Suite 158",,Lake Mary,,FL,32746,nrxinfo@neovance.com
New Leaf Specialty Pharmacy LLC (dba) New Leaf Specialty Pharmacy,PH,265627,Active,07/26/2018,06/30/2026,"3930 Westown Pkwy, Suite B",,West Des Moines,,IA,50266,amber@mynlrx.com
"New Vitalis, LLC (dba) New Vitalis Pharmacy",PH,266998,Active,09/03/2024,06/30/2026,4139 Cadillac Court ,Ste 201,Louisville,,KY,40213,mfrancia@newvitalis.com
"Newport Drugs, Inc.",PH,264166,Active,07/18/2013,06/30/2026,1644 Hastings Ave,,Newport,Washington,MN,55055,newportdrug@comcast.net
"Nicholas L Smith Pharmacy, LLC (dba) Smith Pharmacy",PH,266531,Active,03/15/2022,06/30/2026,1800 Freedom Rd,Unit D,Little Chute,,WI,54140,refills@smithpharmacyrx.com
Nicollet Pharmacy L.L.C. ,PH,267086,Active,02/05/2025,06/30/2026,2805 Nicollet Ave,,Minneapolis,Hennepin,MN,55408,d.mohammed@dauus.com
NIS Pharmacy Services LTD (dba) GuidePoint Pharmacy,PH,264101,Active,04/22/2013,06/30/2026,1472 County Road 5,,Longville,Cass,MN,56655,mike.lv@guidepointpharmacy.com
"NMB Pharmacy, Inc (dba) FuzeRx Miami",PH,266328,Active,05/14/2021,06/30/2026,1203 NE 163rd St,Suite 103,North Miami Beach,,FL,33162,rx.compliance@fuzehealth.com
"Noble Health Services, Inc.",PH,264284,Active,12/20/2013,06/30/2026,6040 Tarbell Rd,,Syracuse,,NY,13206,contactus@noblehealthservices.com
"Noble Health Services, Inc. (dba) Transcript Pharmacy",PH,265488,Active,01/18/2018,06/30/2026,"2506 Lakeland Dr, Ste 201",,Flowood,,MS,39232,sp202@noblehealthservices.com
"Noblesville Low Cost Pharmacy, LLC",PH,266104,Active,06/22/2020,06/30/2026,758 Westfield Rd,,Noblesville,,IN,46062,info@NoblesvilleLowCostPharmacy.com
"Nomi Pharma, LLC",PH,266851,Active,11/16/2023,06/30/2026,3696 W 2100 S,,Salt Lake City,,UT,84120,nomipharma-ut@nomihealth.com
North American Custom Laboratories LLC (dba) FarmaKeio,PH,265987,Active,12/27/2019,06/30/2026,1736 N. Greenville Ave,,Richardson,,TX,75081,justin.graves@farmakeio.com
"North Coast Medical Supply, LLC (dba) Advanced Diabetes Supply",PH,266254,Active,12/29/2020,06/30/2026,"2544 Campbell Place, Ste 150",,Carlsbad,,CA,92009,laano@northcoastmed.com
"North Dakota State University (dba) Family Healthcare Pharmacy South, NDSU",PH,265664,Active,08/31/2018,06/30/2026,"4025 9th Ave S, Suite D",,Fargo,,ND,58103,nwald@famhealthcare.org
"North Dakota State University (dba) Family Healthcare Pharmacy, NDSU",PH,261516,Active,12/19/1997,06/30/2026,301 NP Avenue N,,Fargo,,ND,58102,jiverson@famhealthcare.org
"North Huntingdon Medical, Inc (dba) Accuserv Pharmacy",PH,267362,Active,03/19/2026,06/30/2026,8731 Route 30,Suite 1,North Huntingdon,,PA,15642,licensing@kernahealth.com
North Memorial Health Care (dba) North Memorial Health Pharmacy - Maple Grove,PH,263560,Active,07/30/2010,06/30/2026,9825 Hospital Drive Ste. 100,,Maple Grove,Hennepin,MN,55369,john.sandstrom@northmemorial.com
North Memorial Health Care (dba) North Memorial Health Pharmacy - Robbinsdale,PH,200751,Active,06/26/1975,06/30/2026,3300 Oakdale Avenue North,,Robbinsdale,Hennepin,MN,55422,john.sandstrom@northmemorial.com
North Memorial Health Care (dba) North Memorial Health Pharmacy - Specialty Center,PH,263023,Active,05/16/2007,06/30/2026,3435 West Broadway,,Robbinsdale,Hennepin,MN,55422,john.sandstrom@northmemorial.com
North Prairie Pharmacies LLC (dba) Prairie Pharmacy FA1,PH,266597,Active,06/21/2022,06/30/2026,4731 13th Ave SW,,Fargo,,ND,58103,dennis@wallsrx.com
North State Healthy Solutions LLC (dba) Haldey Pharmaceutical Compounding,PH,266534,Active,04/29/2022,06/30/2026,3619 Provost Ave,FL 1,Bronx,,NY,10466,License@hcompound.com
Northern Itasca Hospital District (dba) Bigfork Valley Pharmacy,PH,261348,Active,05/01/1996,06/30/2026,258 Pine Tree Drive,P.O. Box 258,Bigfork,Itasca,MN,56628,hbibeau@bigforkvalley.org
Northern Itasca Hospital District (dba) Bigfork Valley Pharmacy,PH,263744,Active,08/19/2011,06/30/2026,810 Poplar St,,Floodwood,St Louis,MN,55736,hbibeau@bigforkvalley.org
Northern Itasca Hospital District (dba) Bigfork Valley Pharmacy,PH,263746,Active,08/19/2011,06/30/2026,410 Second St NW,,Big Falls,Koochiching,MN,56627,hbibeau@bigforkvalley.org
Northern Itasca Hospital District (dba) Bigfork Valley Pharmacy,PH,263745,Active,08/19/2011,06/30/2026,12052 Main St,,Northome,Koochiching,MN,56661,hbibeau@bigforkvalley.org
"Northern Pharmacy And Medical Equipment, Inc.",PH,265355,Active,07/01/2017,06/30/2026,6701 Harford Rd,,Baltimore,,MD,21234,liccred@northernpharmacy.com
Northern Pines Medical Center (dba) Essentia Health Northern Pines,PH,200749,Active,06/26/1975,06/30/2026,5211 Highway 110,,Aurora,St Louis,MN,55705,peter.mattson@essentiahealth.org
Northfield Hospital Pharmacy,PH,200537,Active,06/26/1975,06/30/2026,2000 North Avenue,,Northfield,Rice,MN,55057,ANDERSONG@NORTHFIELDHOSPITAL.ORG
Northmark Pharmacy,PH,265575,Active,06/07/2018,06/30/2026,1945 Cei Dr,,Blue Ash,,OH,45242,dchachare@vcphealth.com
Nuclear Diagnostic Products Inc.,PH,266249,Active,12/11/2020,06/30/2026,101 Roundhill Drive,,Rockaway,,NJ,07866,markn@radiopharmacy.com
Nudak Ventures LLC (dba) NuCara Pharmacy #3,PH,265973,Active,11/19/2019,06/30/2026,209 E San Marnan Drive,,Waterloo,,IA,50702,license@nucara.com
"NuDak Ventures, LLC (dba) Nucara Pharmacy (#23)",PH,263879,Active,05/16/2012,06/30/2026,216 Washburne Ave,,Paynesville,Stearns,MN,56362,paynesville@nucara.com
"NuDak Ventures, LLC (dba) Nucara Pharmacy (#38)",PH,265545,Active,04/23/2018,06/30/2026,1106 Hobart St,,Hawley,Clay,MN,56549,license@nucara.com
"Nufactor, Inc.",PH,265162,Active,09/14/2016,06/30/2026,1601 Old Greensboro Rd #B,,Kernersville,,NC,27284,nclicensing@nufactor.com
"Nufactor, Inc.",PH,265163,Active,09/14/2016,06/30/2026,44900 Winchester Rd.,,Temecula,,CA,92590,calicensing@nufactor.com
"NuFactor, Inc.",PH,266483,Active,01/10/2022,06/30/2026,1650 Lakeside Pkwy,Suite 404-A,Flower Mound,,TX,75028,txlicensing@nufactor.com
"Nufactor, Inc.",PH,266891,Active,03/08/2024,06/30/2026,701 Koehler Ave,Unit 2 & 3,Ronkonkoma,,NY,11779,nufactorny@gmail.com
"Nura, PLLC",PH,266716,Active,03/28/2023,06/30/2026,2104 Northdale Blvd NW,Suite 220,Coon Rapids,Anoka,MN,55433,acommers@nuraclinics.com
"Nutrishare, LLC",PH,266399,Active,07/28/2021,06/30/2026,9850 Kent St,,Elk Grove,,CA,95624,calicensing@nutrishare.com
"Nutrishare, LLC",PH,266367,Active,06/18/2021,06/30/2026,11020 Plantside Drive,,Louisville,,KY,40299,kylicensing@nutrishare.com
NYA Pharmacy L.L.C. (dba) Marsden Pharmacy,PH,264871,Active,11/25/2015,06/30/2026,402 Faxon Rd N,P.O. Box 600,Norwood,Carver,MN,55368,rloegering@mac.com
Oakdell Compounding Pharmacy LLC (dba) Oakdell Compounding Pharmacy,PH,267358,Active,03/04/2026,06/30/2026,7220 Louis Pasteur Dr,Ste 168,San Antonio,,TX,78229,Info@oakdellpharmacy.com
Ocean Breeze Associates LLC (dba) Ocean Breeze Healthcare,PH,263732,Active,07/01/2011,06/30/2026,"235 Dongan Hills Ave, Suite 2B",,Staten Island,,NY,10305,drspada@oceanbreezehealthcare.com
"Ocean Drug, Inc. (dba) Encino Pharmacy aka MDR Pharmaceutical Care",PH,264964,Active,01/06/2016,06/30/2026,"17071 Ventura Blvd, #100",,Encino,,CA,91316,dmakhani@mdrusa.com
Olidia Pharmacy Inc.,PH,266673,Active,11/07/2022,06/30/2026,7530 Market Place Dr.,,Eden Prairie,Hennepin,MN,55344,olidiapharmacy@gmail.com
Olmsted Medical Center,PH,201263,Active,02/17/1976,06/30/2026,1650 4th Street Southeast,,Rochester,Olmsted,MN,55904,nwinchell@olmmed.org
"OMC Retail Services, LLC (dba Olmsted Medical Center Chatfield Pharmacy)",PH,265963,Active,11/08/2019,06/30/2026,237 Main St North,,Chatfield,Olmsted,MN,55923,cdornack@olmmed.org
"OMC Retail Services, LLC (dba Olmsted Medical Center Northwest Pharmacy)",PH,264014,Active,01/08/2013,06/30/2026,"5067 55th St Nw, Suite A",,Rochester,Olmsted,MN,55901,cdornack@olmmed.org
"OMC Retail Services, LLC (dba Olmsted Medical Center Pine Island Pharmacy)",PH,266572,Active,07/18/2022,06/30/2026,111 County Rd 11,,Pine Island,Goodhue,MN,55963,cdornack@olmmed.org
"OMC Retail Services, LLC (dba) Olmsted Medical Center Southeast Pharmacy",PH,264500,Active,07/07/2014,06/30/2026,210 9th St SE,,Rochester,Olmsted,MN,55904,cdornack@olmmed.org
Omniscript Compounding LLC,PH,266977,Active,08/08/2024,06/30/2026,4045 E Bell RD STE 163,,Phoenix,,AZ,85032,licensing@omniscriptrx.com
"Onamia Pharmacy, LLC (dba) Onamia Drug",PH,266207,Active,10/12/2020,06/30/2026,516 Main St,P.O. Box 249,Onamia,Mille Lacs,MN,56359,danayang84@yahoo.com
"OncoMed The Oncology Pharmacy of Buffalo, NY, LLC (dba) Onco360",PH,267051,Active,12/05/2024,06/30/2026,140 John James Audubon Parkway,SUITE 101,Amherst,,NY,14228,compliance@onco360.com
"One Way Drug, LLC (dba) Partell Specialty Pharmacy",PH,265576,Active,06/07/2018,06/30/2026,"5835 S Eastern Ave, Suite 101",,Las Vegas,,NV,89119,info@partellpharmacy.com
OP Pharmacy LLC (dba) OnePoint Patient Care,PH,266932,Active,06/24/2024,06/30/2026,"2220 Jack Breault Dr., ",Suite 200,Hudson,,WI,54016-4549,compliance@pharmerica.com
OP Pharmacy LLC (dba) OnePoint Patient Care,PH,267137,Active,06/04/2025,06/30/2026,2651 Compass Rd,STE 100,Glenview,,IL,60026,compliance@pharmerica.com
Open Cities Health Center Inc,PH,267281,Active,11/18/2025,06/30/2026,409 North Dunlap Street,,St Paul,Ramsey,MN,55104,Stacy.Ferderer@opencitieshealth.org
OPS International Incorporated (dba) Olympia Pharmacy,PH,267115,Active,04/01/2025,06/30/2026,4600 L B McLeod Road,,Orlando,,FL,32811,licensing@olympiapharmacy.com
Optime Care Inc,PH,267153,Active,07/03/2025,06/30/2026,4060 Wedgeway Ct,,Earth City,,MO,63045,licensing@optimecare.com
Optimed Specialty Pharmacy,PH,265047,Active,04/13/2016,06/30/2026,6480 Technology Dr,Suite A,Kalamazoo,,MI,49009,compliance@optimedpharmacy.com
Optimedicus LLC,PH,266933,Active,06/26/2024,06/30/2026,8609 Lyndale Ave South,Suite 101-k,Bloomington,Hennepin,MN,55420,optimedicus@gmail.com
"Option Care Enterprises, INC (dba) Option Care",PH,266258,Active,01/12/2021,06/30/2026,"Option Care Enterprises, Inc.","870 N Arlington Heights Rd, Suite 101",Itasca,,IL,60143,oc-peandl@optioncare.com
"Option Care Enterprises, Inc. (dba) Option Care",PH,266313,Active,04/28/2021,06/30/2026,"870 North Arlington Heights Rd, Suite 102",,Itasca,,IL,60143,oc-peandl@optioncare.com
"Option Care Enterprises, Inc. (dba) Option Care",PH,264682,Active,03/23/2015,06/30/2026,10924 John Galt Blvd,,Omaha,,NE,68137,oc-peandl@optioncare.com
"Option Care Enterprises, Inc. (dba) Option Care",PH,263567,Active,08/16/2010,06/30/2026,1000 S Benton Drive,Suite 405,Sauk Rapids,Benton,MN,56379,oc-peandl@optioncare.com
"Option Care Enterprises, inc. (dba) Option Care",PH,262204,Active,07/25/2002,06/30/2026,2750 Arthur Street,,Roseville,Ramsey,MN,55113,oc-peandl@optioncare.com
"Optum Frontier Therapies II, LLC",PH,266286,Active,02/17/2021,06/30/2026,6425 Santa Margarita St,Unit 110,Las Vegas,,NV,89118,orxpharmlic@optum.com
"Optum Frontier Therapies, LLC",PH,266227,Active,11/05/2020,06/30/2027,325 W Atherton Rd,Suite 1,Flint,,MI,48507,orxpharmlic@optum.com
"Optum Infusion Services 305, LLC",PH,266398,Active,07/22/2021,06/30/2026,4000 Chemical Rd,Suite 100,Plymouth Meeting,,PA,19462,orxpharmlic@optum.com
"Optum Infusion Services 305, LLC",PH,263638,Active,01/07/2011,06/30/2026,15529 College Blvd,,Lenexa,,KS,66219,orxpharmlic@optum.com
"Optum Infusion Services 308, LLC",PH,267228,Active,10/10/2025,06/30/2026,"485 N. Juniper Drive, Ste. 2",,Chandler,,AZ,85226,orxpharmlic@optum.com
"Optum Infusion Services 500, Inc.",PH,265717,Active,10/01/2018,06/30/2026,2685 Patton Rd,,Roseville,Ramsey,MN,55113,orxpharmlic@optum.com
"Optum Infusion Services 550, LLC",PH,266415,Active,08/30/2021,06/30/2026,7167 E Kemper Road,,Cincinnati,,OH,45249,cynthia.hale@optum.com
"Optum Pharmacy 700, LLC",PH,266452,Active,11/09/2021,06/30/2026,19 Chapin Rd,Bldg D Ste D8,Pine Brook,,NJ,07058,orxpharmlic@optum.com
"Optum Pharmacy 701, LLC",PH,266720,Active,03/31/2023,06/30/2026,8131 W Bostian Road,Ste A350,Woodinville,,WA,98072,orxpharmlic@optum.com
"Optum Pharmacy 701, LLC",PH,266719,Active,03/31/2023,06/30/2026,1830 South Horne,,Mesa,,AZ,85204,orxpharmlic@optum.com
"Optum Pharmacy 701, LLC",PH,266352,Active,06/10/2021,06/30/2026,4100 S. Saginaw St,Suite D,Flint,,MI,48507,orxpharmalic@optum.com
"Optum Pharmacy 702, LLC",PH,264328,Active,02/07/2014,06/30/2026,1050 Patrol Rd,,Jeffersonville,,IN,47130,kathleen.lilja@optum.com
"Optum Pharmacy 704, Inc.",PH,265829,Active,04/25/2019,06/30/2026,5627 University Heights Ste 108,,San Antonio,,TX,78249,orxpharmlic@optum.com
"Optum Pharmacy 705, LLC",PH,264192,Active,08/19/2013,06/30/2026,1100 Lee Branch Lane,,Birmingham,,AL,35242,orxpharmlic@optum.com
"Optum Pharmacy 705, LLC",PH,263652,Active,02/07/2011,06/30/2026,3539 Bluecutt Rd,,Columbus,,MS,39705,orxpharmlic@optum.com
"Optum Pharmacy 801, Inc.",PH,265283,Active,02/23/2017,06/30/2026,24416 N 19th Ave,Suite 100,Phoenix,,AZ,85085,orxpharmlic@optum.com
OptumRx,PH,262864,Active,08/29/2006,06/30/2026,"6800 West 115th Street, Suite 600",,Overland Park,,KS,66211,orxpharmlic@optum.com
"OptumRx, Inc. (dba) OptumRx",PH,266994,Active,08/30/2024,06/30/2026,7159 Corklan Drive,Flagler Center 300,Jacksonville,,FL,32258,orxpharmlic@optum.com
"Orsini Pharmaceutical Services, LLC",PH,266885,Active,02/21/2024,06/30/2026,1282 North Wilson Road,Suite A,Columbus,,OH,43204-1574,qualitycompliance@orsinihc.com
"Orsini Pharmaceutical Services, LLC",PH,265774,Active,03/30/2019,06/30/2026,1107 Nicholas Blvd.,,Elk Grove Village,,IL,60007,qualitycompliance@orsinihc.com
"OSRX, Inc. #2675",PH,266954,Active,07/16/2024,06/30/2026,"2675 Palmer Street, Suite D",,Missoula,,MT,59808,info@osrxpharmaceuticals.com
Our Lady of Peace (dba) Our Lady of Peace Home,PH,266784,Active,07/24/2023,06/30/2026,2076 St. Anthony Ave,,St Paul,Ramsey,MN,55104,aarond@ourladyofpeacemn.org
Outpatient Pharmacy Corp (dba) Invictus Pharmacy,PH,266935,Active,07/01/2024,06/30/2026,60 Essex Street,Ste 202,Rochelle Park,,NJ,07662,info@invictuspharmacy.com
"Palm Beach Pharmaceuticals, Inc.",PH,263282,Active,12/22/2008,06/30/2026,"8409 North Military Trail, Suite 125",,Palm Beach Gardens,,FL,33410,janet@pbpharmacyinc.com
Palmetto Specialty Pharm LLC (dba) Palmetto Pharm,PH,266666,Active,11/04/2022,06/30/2026,1200 Two Island Ct.,Suite B Unit 100,Mount Pleasant,,SC,29466,rfennick@palmettopharm.com
"Pandia Pharmacy, Inc. (dba) Pandia Pharmacy",PH,266674,Active,11/16/2022,06/30/2027,1900 Camden Ave,Ste 101-A,San Jose,,CA,95124,info@pandiapharmacy.com
PANTHERx Specialty LLC (dba) PANTHERx Specialty Pharmacy,PH,265794,Active,03/31/2019,06/30/2026,24 Summit Park Dr.,Ste 101,Pittsburgh,,PA,15275,mboehm@pantherxrare.com
PANTHERx Specialty LLC (dba) PANTHERx Specialty Pharmacy,PH,265826,Active,04/25/2019,06/30/2026,1120 Stevenson Mill Rd.,Ste 400,Coraopolis,,PA,15108,mboehm@pantherxrare.com
PANTHERX Specialty LLC (dba) Pantherx Specialty Pharmacy,PH,267034,Active,10/21/2024,06/30/2026,280 Moore Lane,,Collierville,,TN,38017,mboehm@pantherxrare.com
Paoli Apothecary LLC,PH,265944,Active,10/11/2019,06/30/2026,255 W. Lancaster Ave,"Mob 1, Ste 107",Paoli,,PA,19301,admin@paoliapothecarypa.com
"Paragon hemophilia Solutions, LLC (dba) Paragon Healthcare Specialty",PH,266378,Active,06/30/2021,06/30/2026,"Paragon Hemophilia Solutions, Llc","3033 W President George Bush Highway, Suite 100B",Plano,,TX,75075,phslicensing@ParagonHealthcare.com
"Paragon Infusion Care, Inc.",PH,266324,Active,05/12/2021,06/30/2026,3033 W. President George Bush Hwy,Suite 100A,Plano,,TX,75075,licensingdal@paragonhealthcare.com
Park Nicollet Clinic (dba) HealthPartners Infusion Pharmacy - Burnsville,PH,264156,Active,07/05/2013,06/30/2026,14000 Fairview Dr,,Burnsville,Dakota,MN,55337,Farrej@healthpartners.com
Park Nicollet Clinic (dba) HealthPartners Infusion Pharmacy - Frauenshuh,PH,260674,Active,03/05/1990,06/30/2026,3931 Louisiana Avenue,,St Louis Park,Hennepin,MN,55426,blake.tranby_laudahl@parknicollet.com
Park Nicollet Clinic (dba) HealthPartners Infusion Pharmacy - Maple Grove,PH,264209,Active,08/22/2013,06/30/2026,"9555 Upland Lane N, Suite 2120",,Maple Grove,Hennepin,MN,55369,laura.krasky@parknicollet.com
Park Nicollet Clinic (dba) HealthPartners Infusion Pharmacy - St. Louis Park,PH,263616,Active,11/29/2010,06/30/2026,"3800 Park Nicollet Blvd., Suite 7 South",,St Louis Park,Hennepin,MN,55416,wade.strop@parknicollet.com
Parkway Pharmacy LP,PH,265452,Active,12/04/2017,06/30/2026,3502 Us Highway 9,,Howell,,NJ,07731,blez@parkwaysp.com
"Partners In Care Pharmacy, Inc. (dba) Thrifty White Partners in Care",PH,266621,Active,08/19/2022,06/30/2026,706 38th St. NW,Unit B,Fargo,,ND,58102,licensing2@thriftywhite.com
"Patient Service Center, LLC (dba) Access Therapy Center",PH,266870,Active,01/02/2024,06/30/2026,304 Merchant Lane,,Pittsburgh,,PA,15205,licensing@raremedpsc.com
"Patient-Direct Rx, LLC",PH,266138,Active,07/18/2020,06/30/2026,Patient Direct Rx Llc,"301 Oxford Valley Road, Suite 1203A",Yardley,,PA,19067,eborell@patientdirectrx.com
"Paw Paw Village Drug, Inc",PH,267104,Active,03/06/2025,06/30/2026,322 E Michigan Ave,,Paw Paw,,MI,49079,jstull@pawpawpharmacy.com
"Pay less Compounders, LLC (dba) Northwest Compounders",PH,267003,Active,09/03/2024,06/30/2026,8505 SW Creekside Place,Suite 110,Beaverton,,OR,97008,info@northwestcompounders.com
"PCA Corrections, LLC (dba) Synchrony Louisville Pharmacy",PH,267309,Active,12/19/2025,06/30/2026,2700 Stanley Gault Pkwy,Ste 129,Louisville,,KY,40223,shs-regulatory-lou@synchronyhs.com
"PCA Iowa RX, LLC (dba) Synchrony Des Moines Pharmacy",PH,265918,Active,09/03/2019,06/30/2026,4307 NW Urbandale Drive,,Urbandale,,IA,50322,marcobejarno@pcapharmacy.com
"Pearland Unicare Pharmacy, LLC (dba) Pyramids Pharmacy I",PH,266544,Active,04/07/2022,06/30/2026,3569 Business Center Dr,Ste 175,Pearland,,TX,77584,credentialing@pyramidspharmacy.com
"Pearland Unicare Pharmacy, LLC (dba) Pyramids Pharmacy I",PH,267366,Active,04/03/2026,06/30/2027,3569 Business Center Dr,Suite 110,Pearland,,TX,77584,CREDENTIALING@PYRAMIDSPHARMACY.COM
"Pediatric Home Respiratory Services, LLC (dba) Pediatric Home Service",PH,265703,Active,12/04/2018,06/30/2026,2800 Cleveland Ave N,,Roseville,Ramsey,MN,55113,credentialing-ROS@pediatrichomeservice.com
"Pelican Drug, Inc. (dba) Pelican Drug",PH,259988,Active,11/01/1982,06/30/2026,11 North Broadway,P.O. Box 621,Pelican Rapids,Otter Tail,MN,56572,PELDRG@LORETEL.NET
"Pentec Health, Inc.",PH,263902,Active,06/01/2012,06/30/2026,4 Creek Pkwy,,Boothwyn,,PA,19061,pharmacyregulatory@pentechealth.com
"Pentec Health, Inc.",PH,265996,Active,12/30/2019,06/30/2026,"120 Forbes Blvd, Suite 140",,Mansfield,,MA,02048,pharmacyregulatory2@pentechealth.com
Perfection Rx LLC,PH,267269,Active,11/03/2025,06/30/2026,2025 High Ridge Rd,Ste 2017,Boynton Beach,,FL,334262,perfectionrxllcfl@gmail.com
"Perform Specialty, LLC (dba) PerformSpecialty",PH,264597,Active,11/13/2014,06/30/2026,"2416 Lake Orange Dr, Suite 190",,Orlando,,FL,32837,info@performspecialty.com
Perham Hospital District,PH,200303,Active,06/19/1975,06/30/2026,1000 Coney St W,,Perham,Otter Tail,MN,56573,tracey.bovkoon@perhamhealth.org
Perigon Pharmacy 360,PH,266575,Active,05/23/2022,06/30/2026,1120 Stevenson Mill Rd,Ste 200,Coraopolis,,PA,15108,pharmacy-regcom@perigonhealth.org
"Personalized Skin Solutions, Inc.",PH,266660,Active,10/26/2022,06/30/2026,155 Solar Dr.,,Imperial,,PA,15126,compliance@personalizedskinsolutions.com
"Pet's Choice Pharmacy, LLC",PH,267080,Active,01/24/2025,06/30/2026,814 K Street,,Belleville,,KS,66935,pharmacy@petschoicepharmacy.com
Petcare Rx Inc.,PH,266769,Active,06/30/2023,06/30/2026,52 Merton Avenue,,Lynbrook,,NY,11563,pharmacy@petcarerx.com
"PetMart Pharmacy, LLC",PH,263808,Active,12/20/2011,06/30/2026,2404 East Broadway Ave,,Maryville,,TN,37804,petmartpharmacy@gmail.com
PetMed Express Inc. (dba) Petmeds.com,PH,261460,Active,07/01/1997,06/30/2026,420 South Congress Ave,,Delray Beach,,FL,33445,EKHORIATY@1800PETMEDS.COM
"PETNET Solutions, Inc",PH,262067,Active,01/15/2002,06/30/2026,2021 6th St Se,,Minneapolis,Hennepin,MN,55455,petnetpharmacyaffairs@petnetsolutions.com
"PETNET Solutions, Inc.",PH,266619,Active,08/19/2022,06/30/2026,555 Bonnie Lane,,Elk Grove Village,,IL,60007,adam.pepek@petnetsolutions.com
"Petscript, Inc. (dba) Prolab Pharmacy",PH,263173,Active,04/18/2008,06/30/2026,3020 Lamar,,Paris,,TX,75460,jay@petscript.net
PGBB LLC (dba) Specialty Care Rx,PH,266892,Active,03/14/2024,06/30/2026,200 E. Katella Ave.,Suite A,Orange,,CA,92867,OCINFO@MYSCRX.COM
"Phalen Family Pharmacy, Ltd. ",PH,263673,Active,03/31/2011,06/30/2026,"1001 Johnson Pkwy, Suite B23",,St Paul,Ramsey,MN,55106,pfp@phalenpharmacy.com
Pharm Properties LLC (dba) Prairie Pharmacy,PH,266464,Active,12/07/2021,06/30/2026,244 Central Ave,,Long Prairie,Todd,MN,56347,prairiepharm@gmail.com
"Pharma Buddies Corp, Corporation (dba) Rosemont Specialty Pharmacy",PH,266805,Active,08/21/2023,06/30/2026,1727 Orlando Central Parkway,,Orlando,,FL,32809,customerservice@rosemontspecialtyrx.com
Pharmacare Inc (dba) InHealth Specialty Pharmacy,PH,267343,Active,01/30/2026,06/30/2026,3342 Sheyenne St,,West Fargo,,ND,58078,pharmacy@inhealthrx.net
"Pharmaceutical Care Consultants of Florida, Inc. (dba) Skip's Pharmacy",PH,265339,Active,06/17/2015,06/30/2026,160 SW 12Th Ave,Suite 102,Deerfield Beach,,FL,33442,teegio23@gmail.com
"Pharmaceutical Specialties, LLC (dba) VytlOne Specialty Pharmacy",PH,265191,Active,11/01/2016,06/30/2026,"Pharmaceutical Specialties, Llc","150 Cleveland Rd, Suite B",Bogart,,GA,30622,licensing@maxor.com
PharmaCord LLC (dba) PharmaCord,PH,267006,Active,09/13/2024,06/30/2026,11001 Bluegrass Parkway,Suite 200,Louisville,,KY,40299,rx@pharmacord.com
"Pharmacy Acquisition Co., LLC (dba) NewEra Pharmacy",PH,266693,Active,01/09/2023,06/30/2026,1286 SE Holgate Blvd.,Ste C2,Portland,,OR,97202,Tyler@newerapharmacy.com
"Pharmacy Alternatives, LLC",PH,263807,Active,12/20/2011,06/30/2026,"501 W Lake St, Suite 105",,Elmhurst,,IL,60126,compliance@pharmerica.com
Pharmacy Corporation of America (dba) PharMerica,PH,261548,Active,03/31/1998,06/30/2026,5255 East River Rd,Suite 204,Fridley,Anoka,MN,55421,compliance@pharmerica.com
Pharmacy Corporation of America (dba) PharMerica,PH,261458,Active,05/30/1997,06/30/2026,6330 East 75th Street,Suite 322,Indianapolis,,IN,46250,compliance@pharmerica.com
Pharmacy Corporation of America (dba) PharMerica,PH,261521,Active,12/03/1997,06/30/2026,1507 West 51st Street,,Sioux Falls,,SD,57105,compliance@pharmerica.com
Pharmacy Express Inc,PH,266990,Active,08/28/2024,06/30/2026,991 Main Street,Suite 1B,Paterson,,NJ,07503,INFO@PHARMACYEXPRESSNJ.COM
Pharmacy Inc.,PH,266657,Active,10/17/2022,06/30/2026,370 Industrial Rd,,Murray,,KY,42071,jeannie.saylor@adapthealth.com
"Pharmacy Specialties & Clinic, Inc.",PH,262225,Active,10/11/2002,06/30/2026,"2333 W 57th St, Suite 109",,Sioux Falls,,SD,57108,lucas@rxpsi.com
PharmaGroup Select LLC (dba) NextRx,PH,266920,Active,05/23/2024,06/30/2026,"2909 Falling Leaf Lane, Ste. A",,Columbia  ,,MO,65201,kierstyn@nextrx.com
"Pharmalabs, LLC (dba) Pharmalabs",PH,264772,Active,06/30/2015,06/30/2026,"10901 Roosevelt Blvd N, #1200C",,St Petersburg,,FL,33716,mhuynh@plabrx.com
"PharmaLogic Austin, LLC.",PH,267075,Active,01/24/2025,06/30/2026,10600 N. Lamar Blvd.,,Austin,,TX,78753,AustinPharmacy@radiopharmacy.com
"PharmaLogic Cincinnati, LLC",PH,266879,Active,01/31/2024,06/30/2026,200 Albert Sabin Way,Rm G310,Cincinnati,,OH,45267,cgrahl@radiopharmacy.comm
"PharmaLogic Colorado, LLC (dba) PharmaLogic Colorado",PH,266821,Active,09/26/2023,06/30/2026,2115 N Scranton Street,Suite 1065,Aurora,,CO,80045,DenverPharmacy@radiopharmacy.com
"PharmaLogic New York City, LLC.",PH,267011,Active,09/16/2024,06/30/2026,390 Concord Ave,,Bronx,,NY,10454,NewYorkCityPharmacy@radiopharmacy.com
Pharmara Labs LLC (dba) Formulation Compounding Center,PH,266929,Active,06/21/2024,06/30/2026,1511 Justin Road,Suite 106A,Lewisville,,TX,,compliance.formulation@gmail.com
Pharmascript Inc.,PH,265160,Active,09/14/2016,06/30/2026,5437 N. Broadway Ave,,Chicago,,IL,60640,mike@pharma-script.com
Pharmblue Massachusetts LLC (dba) Avita Pharmacy (1061),PH,264825,Active,09/13/2015,06/30/2026,163 Pleasant St,Suite 3,Attleboro,,MA,02703,toni.moro@avitapharmacy.com
"Pharmco, Inc. (dba) Pharmco",PH,266489,Active,01/24/2022,06/30/2026,381 Van Ness Ave,Ste 1506,Torrance,,CA,90501,info@pharmco.us.com
"PharmCo, LLC (dba) Pharmcorx",PH,266565,Active,05/05/2022,06/30/2026,400 Ansin Blvd,Suite A,Hallandale Beach,,FL,33009,operations@Pharmcorx.com
"Pharmko, Inc.",PH,267247,Active,10/14/2025,06/30/2026,298 Central Ave,,Lawrence,,NY,11559,ash@pharmko.com
Pharmpedia LLC,PH,267339,Active,01/28/2026,06/30/2026,"10301 Democracy Lane, Suite 300",,Fairfax,,VA,22030,admin@pharmpedia-rx.com
Pharmscript of IA LLC,PH,266503,Active,02/10/2022,06/30/2026,2601 104th Street,Suite 300,Urbandale,,IA,50322,licensing@Pharmscript.com
Pharmxpress Limited Liability Company (dba) Pharmxpress Pharmacy,PH,266848,Active,11/14/2023,06/30/2026,4951 E Adamo Dr.,#110,Tampa,,FL,33605,mypharmxpress@gmail.com
Phil Pharmacy Solutions LLC (dba) PhilRx,PH,266636,Active,09/14/2022,06/30/2026,150 E Campus View Blvd,Suite 210,Columbus,,OH,43235,bop-applications@usephil.com
"Physicians Preference Pharmacy International, LLC",PH,265796,Active,03/25/2019,06/30/2026,20214 Braidwood Drive Ste 140,,Katy,,TX,77450,kim.bennett@hotzepharmacy.com
PillPack LLC (dba) Amazon Pharmacy #005,PH,266330,Active,05/14/2021,06/30/2026,20416 72nd Ave South,,Kent,,WA,98032,pse1-licensing@pillpack.com
PillPack LLC (dba) Amazon Pharmacy #006,PH,266275,Active,01/27/2021,06/30/2026,3620 Plainfield Rd,,Indianapolis,,IN,46231,pin2-licensing@pillpack.com
PillPack LLC (dba) Amazon Pharmacy #013,PH,267272,Active,11/04/2025,06/30/2026,751  Douglas Drive North,Suite 100,Golden Valley,Hennepin,MN,55422,ap013-licensing@pillpack.com
PillPack LLC (dba) PillPack by Amazon Pharmacy,PH,265653,Active,09/11/2018,06/30/2026,"250 Commercial St, Suite 2012",,Manchester,,NH,03101,pmh1-licensing@pillpack.com
PillStat Rx LLC (dba) HomeFree Pharmacy Services,PH,266578,Active,05/31/2022,06/30/2026,805 Beachway Dr,,Indianapolis,,IN,46224,parayback@safedose.com
Pine Medical Center (dba) Essentia Health Sandstone,PH,261523,Active,12/23/1997,06/30/2026,705 Lundorff Dr S,,Sandstone,Pine,MN,55072,gina.roth@essentiahealth.org
"Pine Pharmacy and Home Care Products Center, Inc. (dba) Pine Pharmacy",PH,266517,Active,03/02/2022,06/30/2026,5110 Main St,Ste 101,Williamsville,,NY,14221,rph@pinepharmacy.com
"Pipeline Health Holdings, LLC (dba) PipelineRx",PH,266799,Active,08/14/2023,06/30/2026,7455 Arroyo Crossing,Suite 220,Las Vegas,,NV,89113,lstevens@pipelinerx.xom
Pipestone County Medical Center Pharmacy,PH,200890,Active,07/10/1975,06/30/2026,916 4th Ave SW,,Pipestone,Pipestone,MN,56164,kayla.thooft@avera.org
Plyant Village Pharmacy Inc (dba) Village Compounding Pharmacy,PH,263064,Active,07/25/2007,06/30/2026,"975 Corbindale Road, Suite 100",,Houston,,TX,77024,info@villagecompounding.com
PMDX LLC (dba) FEDRX PHARMACY,PH,267294,Active,12/02/2025,06/30/2026,2731 W Division St,Ste A,Chicago,,IL,60622,info@fedrxmed.com
"Polaris Pharmacy Services of Fort Lauderdale, LLC (dba) Polaris Pharmacy Services",PH,265101,Active,07/08/2016,06/30/2026,2900 NW 60th St,,Ft Lauderdale,,FL,33309,jdehombre@polarisrx.com
Polaris Pharmacy Services of Minnesota LLC,PH,267105,Active,03/12/2025,06/30/2026,4220 Park Glen Road,,St Louis Park,Hennepin,MN,55416,ghunt@polarisrx.com
Polaris Pharmacy Services of Tampa LLC (dba) Prime Pharmacy,PH,265721,Active,12/05/2018,06/30/2026,5908 Hampton Oaks Parkway,Suite N,Tampa,,FL,33610,mhurley@polarisrx.com
Polaris Pharmacy Services of Tennessee LLC,PH,267121,Active,04/18/2025,06/30/2026,7005 Westbelt Dr,Suite 102,Nashville,,TN,37209,Ghunt@polarisrx.com
"Polaris Pharmacy Services of Warrington, LLC (dba) Polaris Pharmacy Services",PH,266789,Active,08/03/2023,06/30/2026,125 Titus Ave.,,Warrington,,PA,18976,ghunt@polarisrx.com
"Polaris Specialty Pharmacy, LLC (dba) Polaris Specialty Rx",PH,266875,Active,01/26/2024,06/30/2026,100 Enterprise Drive,Suite 501,Rockaway,,NJ,07866,admin@signiorx.com
"Polaris Specialty Pharmacy, LLC (dba) Polaris Specialty RX",PH,267008,Active,09/13/2024,06/30/2026,1010 E Arrow Hwy,,Covina,,CA,91724,Ghunt@polarisRX.com
"Positudes, Inc.",PH,262977,Active,02/27/2007,06/30/2026,44 Bond St,,Westbury,,NY,11590,vfusaro@thealliancepharmacy.org
Post Acute Pharmacy Consulting L.L.C.,PH,267353,Active,02/25/2026,06/30/2026,2150 3rd Street,Suite 27,White Bear Lake,Ramsey,MN,55110,tbettel@gmail.com
"Postmeds, Inc. (dba) FuzeRX Hayward",PH,266559,Active,04/29/2022,06/30/2026,3121 Diablo Ave,,Hayward,,CA,94545,rx.compliance@fuzehealth.com
"PrairieCare, LLC (dba) PrairieCare",PH,266651,Active,10/12/2022,06/30/2026,9400 Zane Ave N,,Brooklyn Park,Hennepin,MN,55443,pharmacy@prairie-care.com
Praxis Specialty Pharmacy LLC (dba) Praxis RX Pharmacy,PH,267200,Active,09/16/2025,06/30/2026,5455 W Waters,Ste 214,Tampa,,FL,33634,licensing@proxisrx.com
Precision Medication Inc. (dba) Precision Medicine,PH,267042,Active,11/06/2024,06/30/2026,2657 Merrick Rd,,Bellmore,,NY,11710,licensingNY@mypcphealth.com
"Premier Kids Care, Inc",PH,264881,Active,12/16/2015,06/30/2026,221 Plaza Dr,,Monroe,,GA,30655,marsha@premierkidscare.com
"Premium Healthcare, LLC (dba) ",PH,267160,Active,07/15/2025,06/30/2026,2400 SW 69 Ave,Suite 120,Miami,,FL,33155,credentials@phcpharmacy.com
Prescription Center Pharmacy Inc (dba) Southpointe Pharmacy,PH,266344,Active,05/26/2021,06/30/2026,2400 32nd Ave S,,Fargo,,ND,58103,contracting@southpointepharmacy.com
Prescription Center Pharmacy Inc. ,PH,266348,Active,06/01/2021,06/30/2026,"Prescription Center Pharmacy, Inc.",2701 13Th Ave S,Fargo,,ND,58103,rxcenter@southpointepharmacy.com
"Prescription Dispensing Laboratories, Inc.",PH,266859,Active,12/18/2023,06/30/2026,1513 E New Hope Drive ,Unit E,Cedar Park,,TX,78641,rsolano@pdlabs.net
Prevent Rx,PH,266545,Active,04/08/2022,06/30/2026,2925 10th Ave N,Suite 108,Palm Springs,,FL,33461,info@prevent-rx.com
"Prevent Rx 3, LLC (dba) AdvanceCare Ft. Lauderdale",PH,267216,Active,09/29/2025,06/30/2026,2372 Wilton Drive,,Wilton Manors,,FL,33305,contracting@advancecarerx.net
Prime Therapeutics Pharmacy LLC,PH,266671,Active,11/04/2022,06/30/2026,2256 South 3600 West,Suite A,West Valley City,,UT,84119,ptran@magellanhealth.com
Prime Therapeutics Pharmacy LLC,PH,266672,Active,11/04/2022,06/30/2026,6870 Shadowridge Drive,Suite 111,Orlando,,FL,32812,IMcGee@magellanhealth.com
"Primera Compounding, LLC (dba) Primera Professional Pharmacy",PH,266853,Active,11/21/2023,06/30/2026,3745 Highway 6,,Sugar Land,,TX,77478,admin@primerarx.com
Princeton Medical Pharmacy LLC (dba) Apotheco Pharmacy Princeton,PH,266137,Active,07/13/2020,06/30/2026,10 Forrestal Road South,Suite 102,Princeton,,NJ,08540,princeton@apothecopharmacy.com
"PRO-Spectus Health Solutions, LLC",PH,267250,Active,10/14/2025,06/30/2026,15058 Beltway Drive,Suite 119B,Addison,,TX,75001,pharmacy@pro-spectushealthsolutions.com
"Proact Pharmacy Services, Inc.",PH,264278,Active,12/18/2013,06/30/2026,1226 Us Hwy 11,,Gouverneur,,NY,13642,mailorder@proactpharmacyservices.com
"ProCare Pharmacy Care, LLC",PH,266979,Active,08/08/2024,06/30/2026,2850 N Commerce Parkway,,Miramar,,FL,33025,amolina@procarerx.com
"ProCare Pharmacy Direct, LLC dba CVS/Specialty ",PH,261958,Active,10/11/2000,06/30/2026,105 Mall Blvd.,,Monroeville,,PA,15146,permitinfo@cvshealth.com
"ProCare Pharmacy, LLC (dba) CVS/pharmacy #48637",PH,265581,Active,06/08/2018,06/30/2026,"2700 Northeast Expressway Ne, Suite B-800",,Atlanta,,GA,30345,permitinfo@cvshealth.com
"ProCare Pharmacy, LLC (dba) CVS/pharmacy (#2751)",PH,263386,Active,06/12/2009,06/30/2026,426 S Henderson Street,,Fort Worth,,TX,76104,permitinfo@cvshealth.com
"ProCompounding, LLC (dba) ProCompounding",PH,266864,Active,01/02/2024,06/30/2026,527 N State of Franklin Rd,Suite 2,Johnson City,,TN,37604,jessica.patrone@procompounding.com
"Professional Pharmacy Resources, LLC (dba) Professional Pharmacy Resources",PH,266715,Active,03/28/2023,06/30/2026,4854 Woodbine Rd,Unit 5,Pace,,FL,32571,pharmacist@propharmrx.com
Progress Pharmacy Inc.,PH,266440,Active,10/12/2021,06/30/2026,8170 Okeechobee Blvd,Suite 5,West Palm Beach,,FL,33411,info@progresspharmacy.com
"ProHealth Pharmacy Solutions, LLC",PH,266800,Active,08/14/2023,06/30/2026,500 Winderley Place,Ste 228,Maitland,,FL,32751,license@homeinfusion.com
"Propel Pharmacy, LLC",PH,265875,Active,06/27/2019,06/30/2026,5962 State Route 31,Suite 4,Cicero,,NY,13039,pharmacydept@nurx.co
Proscripts LLC,PH,267322,Active,01/09/2026,06/30/2026,20 BroadHollow Rd,Suite LL2,Melville,,NY,11747,dflaumenbaum@proscriptsrx.com
"Prosperity Pharmacy Med Center, Inc. (dba) Hann's Pharmacy",PH,266694,Active,01/12/2023,06/30/2026,"8505 Arlington Blvd., #110",,Fairfax,,VA,22031,info@hannspharmacy.com
"Prosperity RX Arlington, Inc. (dba) Preston's Pharmacy",PH,266827,Active,09/29/2023,06/30/2026,5101 Langston Blvd,,Arlington,,VA,22207,info@prestonspharmacy.com
PRxP of CA LLC,PH,266695,Active,01/12/2023,06/30/2026,4345 E Lowell St,Stes C &amp; D,Ontario,,CA,91761,info@340bpharm.com
PRxP of New York LLC (dba) Broadway Family Pharmacy,PH,267052,Active,12/05/2024,06/30/2026,601 Amsterdam Ave,,New York,,NY,10024,info@340bpharm.com
PSG of Sarasota LLC (dba) IV Solutions RX,PH,266394,Active,07/12/2021,06/30/2026,"5315 Avion Park Drive, Suite 120",,Tampa,,FL,33607,sgrant@ivsolutionsrx.com
"Publix Super Markets, Inc. (dba) Publix Pharmacy #3213",PH,265900,Active,07/23/2019,06/30/2026,"1950 Sand Lake Rd, Bldg 5",,Orlando,,FL,32809,specialtypharmacy@publix.com
"Puramint, LLC (dba) Puramint",PH,266876,Active,01/29/2024,06/30/2026,9305 Leesville Rd,Ste 101,Raleigh,,NC,27613,licensing@puramint.com
Pure Pharmacy Fishers LLC (dba) Pure Pharmacy,PH,267096,Active,02/21/2025,06/30/2026,6950 E 96th St,Suite 100,Fishers,,IN,46038,info@purerxcompounding.com
Purformance Wellness Pharmacy LLC (dba) Seven Cells,PH,267277,Active,11/07/2025,06/30/2026,555 Heritage Drive,Suite 101,Jupiter,,FL,33458,ss@sevencells.com
"Quaker Community Pharmacy, LLC (dba) Better Dose Rx",PH,266615,Active,08/03/2022,06/30/2026,304 Village at Stones Crossing,,Easton,,PA,18045,betterdosepharm@gmail.com
Quality Compounding Rx of America LLC,PH,267102,Active,03/06/2025,06/30/2026,801 S Rancho Drive,Suite E7,Las Vegas,,NV,89106,jub@qcrxusa.com
"Radius Living Rx, LP (dba) Radius Living Rx",PH,267306,Active,12/18/2025,06/30/2026,130 Wabasha St. South,Suite 100,St Paul,Ramsey,MN,55107,nuitto@radiuslivingrx.com
"Raina Rx, LLC (dba) Route 300 Pharmacy",PH,266088,Active,05/31/2020,06/30/2026,1208 Route 300,Suite 103,Newburgh,,NY,12550,license@bioplusrx.com
Randy Martins Health and Wellness LLC (dba) Hillstone Pharmacy,PH,267302,Active,12/10/2025,06/30/2026,9947 Kingston Pike,,Knoxville,,TN,37922,randym@hillstonepharmacy.com
Randy's Family Drug and Gift Inc.,PH,260457,Active,08/01/1987,06/30/2026,121 1st Avenue South,,Sleepy Eye,Brown,MN,56085,rfdrug@gmail.com
Range Regional Health Services (dba) Fairview Range Pharmacy,PH,267274,Active,11/05/2025,06/30/2026,3605 Mayfair Ave,,Hibbing,St Louis,MN,55746,dept-fps-licensing@fairview.org
Range Regional Health Services.,PH,205112,Active,06/15/1977,06/30/2026,750 34th Street East,,Hibbing,St Louis,MN,55746,dept-fps-licensing@fairview.org
Rare Specialty Services LLC (dba) Rare Specialty Pharmacy,PH,267176,Active,07/29/2025,06/30/2026,398 W Grand Ave,,Rahway,,NJ,07065,info@rarespecialtyrx.com
RARX II LLC,PH,267103,Active,03/06/2025,06/30/2026,5233 Harding Place,STE 5259B,Nashville,,TN,37217,compliance@medipakrx.com
"RCH Pharmacy Services, Ltd. (dba) GuidePoint Pharmacy",PH,261271,Active,05/01/1995,06/30/2026,202 North Broadway Ave,,Rochester,Olmsted,MN,55906,gary@guidepointpharmacy.com
"Realo Specialty Care Pharmacy, Inc.",PH,267035,Active,10/21/2024,06/30/2026,"860 Aviation Parkway, Suite 1400",,Morrisville,,NC,27560,connect@realospecialtycare.com
Red Chip of Nevada,PH,266983,Active,08/27/2024,06/30/2026,18009 Sky Park Circle,STE F,Irvine,,CA,92614,Pharmacy@redchip.org
RedPharm Drug,PH,262126,Active,06/07/2002,06/30/2026,6501 City West Parkway,,Eden Prairie,Hennepin,MN,55344,micah.byers@instymeds.com
Regency Hospital of Minneapolis LLC,PH,262513,Active,09/20/2004,06/30/2026,1300 Hidden Lakes Parkway,,Golden Valley,Hennepin,MN,55422,ajwhitehead@regencyhospital.com
Regents of the University of Michigan (dba) The Regents of the University of Michigan - Joy Road,PH,267089,Active,02/11/2025,06/30/2026,7300 W Joy Road,,Dexter,,MI,48130,pharm-licensing-admin@med.umich.edu
Regents of the University of Minnesota,PH,266901,Active,04/16/2024,06/30/2026,1365 Gortner Avenue,Room 344,Saint Paul,Ramsey,MN,55108,vetpharm@umn.edu
Regents of the University of Minnesota (dba) Boynton Health Pharmacy,PH,200816,Active,06/26/1975,06/30/2026,"410 Church Street Se, N300",,Minneapolis,Hennepin,MN,55455,hage0258@umn.edu
Regional Health Services of Howard County (dba) Cresco Family Pharmacy,PH,267289,Active,11/26/2025,06/30/2026,235 8th Ave W,,Cresco,,IA,52136,savana.kriener@rhshc.com
Regional Health Services of Howard County (dba) Cresco Family Pharmacy South,PH,267265,Active,11/03/2025,06/30/2026,303 2nd Ave SW,,Cresco,,IA,52136,cfpsouth@rhshc.com
Regions Hospital,PH,200443,Active,06/19/1975,06/30/2026,640 Jackson Street,,St Paul,Ramsey,MN,55101,sheri.n.ober@healthpartners.com
Regions Hospital (dba) Regions Community Pharmacy - 401 Phalen,PH,267336,Active,01/28/2026,06/30/2026,401 Phalen Boulevard,Suite 1001,St. Paul,Ramsey,MN,55130,hprxoperations@healthpartners.com
Regions Hospital (dba) Regions Hospital Outpatient Pharmacy,PH,261218,Active,12/10/1994,06/30/2026,640 Jackson Street,,St Paul,Ramsey,MN,55101,jennifer.j.mccarthy@healthpartners.com
Regions Hospital (dba) Regions Hospital Woodbury Specialty Center Pharmacy,PH,267124,Active,05/01/2025,06/30/2026,233 Radio Dr,,Woodbury,Washington,MN,55125,sheri.n.ober@healthpartners.com
Rejuvenation Pharmacy Incorporated LLC (dba) Swyft Scripts - DFW,PH,267191,Active,09/15/2025,06/30/2026,1550 Norwood Dr,STE 300,Hurst,,TX,76054,DFW@SwyftScripts.com
"Reliant Care Solutions, LP",PH,266923,Active,05/31/2024,06/30/2026,8 Neshaminy Interplex Dr,Ste 102,Trevose,,PA,19053,cgennarelli@reliantcaresolutions.com
Renal Pharmacy Services LLC (dba) Physicians Dialysis Pharmacy,PH,266806,Active,08/23/2023,06/30/2026,1000 Park Centre Blvd,Ste 134,Miami Gardens,,FL,33169,ldillon@phydialysis.com
RescueMeds LLC,PH,266931,Active,06/24/2024,06/30/2026,1994 Moreland Parkway,STE 3B,Annapolis,,MD,21401,Pharmacy@resuemeds.com
Restorative Compounding Pharmacy and Wellness LLC,PH,267263,Active,10/29/2025,06/30/2026,4450 Dixie Hwy,Ste A,Waterford,,MI,48329,info@restorativecompounding.com
"Restore Rx, Inc.",PH,265374,Active,07/15/2017,06/30/2026,5169 Brunswick Road Box 305,,Brunswick,,TN,38014,pharmacy@restorerx.com
Revelation Pharmacy LLC (dba) EVERWELL Specialty Pharmacy,PH,266925,Active,06/10/2024,06/30/2026,6506 N Davis Hwy,,Pensacola,,FL,32504,info@everwellrx.com
Revival Animal Health LLC,PH,266306,Active,03/24/2021,06/30/2026,"Revival Animal Health, Llc",1700 Albany Place SE,Orange City,,IA,51041,rx@RevivalAnimal.com
Revive Rx LLC (dba) Revive Rx,PH,266125,Active,07/02/2020,06/30/2026,"3831 Golf Drive, Suite A",,Houston,,TX,77018,compliance@reviverx.com
"RGH Enterprises, LLC (dba) Edgepark Medical Supplies; Cardinal Health at Home",PH,266435,Active,10/06/2021,06/30/2026,"1810 Summit Commerce Park, Suite 200",,Twinsburg,,OH,44087,licensure@cardinalhealth.com
Rich Apothecary Inc (dba) Lake Elmo Compounding Pharmacy,PH,266566,Active,05/13/2022,06/30/2026,1715 Tower Dr W,Ste 300,Stillwater,Washington,MN,55082,lep@lakeelmopharmacy.com
Ridgeview Medical Center (dba) Ridgeview,PH,266833,Active,10/04/2023,06/30/2026,111 Hundertmark Rd,Suite 440,Chaska,Carver,MN,55318,michelle.borchart@ridgeviewmedical.org
Ridgeview Medical Center (dba) Ridgeview,PH,261836,Active,11/17/1999,06/30/2026,500 South Maple Street,,Waconia,Carver,MN,55387,mike.meyers@ridgeviewmedical.org
"Ridgeway Pharmacy, LTD (dba) Ridgeway Pharmacy Closed Door",PH,266906,Active,04/29/2024,06/30/2026,2824 US HWY 93N,,Victor,,MT,59875,cmaloney@ridgewayrx.com
"River Medical Pharmacy, LLC",PH,266090,Active,05/31/2020,06/30/2026,4752 Research Dr,,San Antonio,,TX,78240,license@bioplusrx.com
River's Edge Hospital And Clinic,PH,200740,Active,06/26/1975,06/30/2026,1900 North Sunrise Drive,,St Peter,Nicollet,MN,56082,pmeskan@rehc.org
Riverside Pharmacy Associates LLC (dba) Apex Specialty Pharmacy,PH,266382,Active,06/30/2021,06/30/2026,616 NW Platte Valley Drive,,Riverside,,MO,64150,darren@rxapex.com
RiverView Healthcare Association (dba) RiverView Healthcare Pharmacy,PH,200996,Active,07/10/1975,06/30/2026,323 South Minnesota Street,,Crookston,Polk,MN,56716,berickson2@riverviewhealth.org
RLS (USA) Inc,PH,267273,Active,11/05/2025,06/30/2026,16259 Stagg Street,,Van Nuys,,CA,91406,licensing@rls.bio
RLS (USA) Inc.,PH,267139,Active,06/11/2025,06/30/2026,1 Naylon Place,,Livingston,,NJ,07039,licensing@rls.bio
RLS (USA) Inc.,PH,267140,Active,06/11/2025,06/30/2026,945 Edgewood Ave,Suite A1,Wood Dale,,IL,60191,licensing@rls.bio
Robbinsdale Pharmacy Inc,PH,266736,Active,06/12/2023,06/30/2026,4080 W. Broadway Ave,Suite 145,Robbinsdale,Hennepin,MN,55422,robbinsdalepharmacy@gmail.com
ROBERT J. MATTHEWS COMPANY (dba) Matthews Veterinary Pharmacy,PH,266645,Active,10/04/2022,06/30/2026,2780 Richville Drive,,Massillon,,OH,44646,mvp@rjmatthews.com
Rochester City Pharmacy L. L. C.,PH,267012,Active,09/16/2024,06/30/2026,Unit 1306,1312 7th Street NW,Rochester,Olmsted,MN,55901,femsy99@yahoo.com
"Rochester Home Infusion, Inc.",PH,266610,Active,07/13/2022,06/30/2026,221 First Ave SW,#105,Rochester,Olmsted,MN,55902,mohammed.farah@optioncare.com
"Rock Valley Compounding Pharmacy, LLC",PH,266869,Active,01/02/2024,06/30/2026,811 S. Perryville Rd,Unit 109,Rockford,,IL,61108,info@RVCRX.com
Roeschen's Healthcare LLC (dba) Omnicare Of Chippewa Falls WI,PH,267058,Active,12/17/2024,06/30/2026,2815 County HWY I,Ste B,Chippewa Falls,,WI,54729,douaneng.lee@omnicare.com
Roeschen's Healthcare LLC (dba) Omnicare of Milwaukee,PH,263040,Active,06/25/2007,06/30/2026,5185 South Ninth Street,,Milwaukee,,WI,53221,permitinfo@cvshealth.com
Rolseth Drug Co.,PH,200352,Active,06/19/1975,06/30/2026,107 Lake Street North,,Forest Lake,Washington,MN,55025,rolsethdrug@gmail.com
Rolseth Drug Co. (dba) Lindstrom Thrifty White Pharmacy,PH,261285,Active,08/01/1995,06/30/2026,30699 Lincoln Road,,Lindstrom,Chisago,MN,55045,lindstromdrug@gmail.com
Rolseth Drug Co. (dba) Wyoming Drug,PH,205664,Active,02/01/1979,06/30/2026,P.O. Box 584,26710 Forest Boulevard,Wyoming,Chisago,MN,55092,mjgarrison88@gmail.com
Roman Health Pharmacy LLC,PH,267187,Active,09/08/2025,06/30/2026,19210 Van Ness Avenue,,Torrance,,CA,90501,RXLicensing@ro.com
Roman Health Pharmacy LLC,PH,267365,Active,03/25/2026,06/30/2026,121 N. Weber Rd.,,Romeoville,,IL,60446,RxLicensing@ro.co
Roman Health Pharmacy LLC,PH,266505,Active,02/14/2022,06/30/2026,1560-1564 Barclay Blvd,,Buffalo Grove,,IL,60089,rxlicensing@ro.co
"Roman Health Pharmacy, LLC",PH,265858,Active,05/31/2019,06/30/2026,3602 Quantum Blvd,,Boynton Beach,,FL,33426,rxlicensing@ro.co
"ROMAT VENTURES, INC (dba) ALCHEMIST PHARMA",PH,267026,Active,10/21/2024,06/30/2026,11301 N US HWY 301,STE 106,Thonotosassa,,FL,33592,pharmaalchemist@gmail.com
Ron Group LLC (dba) Blue Sky Specialty Pharmacy ,PH,266364,Active,06/15/2021,06/30/2026,1501 Belle Isle Ave #150,,Mount Pleasant,,SC,29464,karla@bssprx.com
"Rood And Riddle Veterinary Pharmacy, LLC (dba) Rood and Riddle Veterinary Pharmacy",PH,267156,Active,07/09/2025,06/30/2026,2150 Georgetown Rd,Bldg 25,Lexington,,KY,40511,kzaccarelli@rrvp.com
"RPC2B, LLC",PH,266684,Active,11/30/2022,06/30/2026,61 E Willow St,,Millburn,,NJ,07041,licensing@rpc2brx.com
"RPH Partners, LLC (dba) Prescription Mart",PH,266405,Active,08/02/2021,06/30/2026,4144 Dowlen Rd,,Beaumont,,TX,77706,abyerly@scriptcare.com
"RTS Americas, Inc.",PH,267338,Active,01/28/2026,06/30/2026,510 Lake Cook Road,Floor 1 East,Deerfiled,,IL,60015,licensure@cardinalhealth.com
"RTS Americas, Inc.",PH,265342,Active,06/22/2017,06/30/2026,"One Baxter Pkwy, Bldg, Df4-1",,Deerfield,,IL,60015,licensure@cardinalhealth.com
RVL Pharmacy LLC,PH,266205,Active,10/08/2020,06/30/2026,2500 Main St Extension,Unit 10,Sayreville,,NJ,08872,gcermele@rvlpharmacy.com
"RWF Pharmacy Services, Ltd. (dba) GuidePoint Pharmacy #103",PH,261726,Active,08/01/1999,06/30/2026,216 South Washington Street,,Redwood Falls,Redwood,MN,56283,mike.rwf@guidepointpharmacy.com
"Rx Artisans, Inc.",PH,261987,Active,02/15/2001,06/30/2026,1421 Wayzata Blvd,,Wayzata,Hennepin,MN,55391,adam@rxartisans.com
"Rx Outreach, Inc",PH,263609,Active,11/03/2010,06/30/2026,3171-3183 Riverport Tech Center Drive,,Maryland Heights,,MO,63043,sergio.barranco@rxoutreach.org
Rx Plus Solutions LLC (dba) CraftedRx,PH,266792,Active,08/10/2023,06/30/2026,609 N State Hwy 47,Ste C,Warrenton,,MO,63383,info@crafted-rx.com
"Rx To Go, LLC",PH,266253,Active,12/18/2020,06/30/2026,14543 Global Parkway,Suite 100,Ft Myers,,FL,33913,compliancerxtogo@flcancer.com
"Rx.Co Pharmacy, LLC",PH,267194,Active,09/15/2025,06/30/2026,9151 S Prosperity Rd,Suite 100,West Jordan,,UT,84081,licensing@rx.com
"RxAnte Pharmacy Services, LLC (dba) Mosaic Pharmacy Service",PH,266466,Active,12/10/2021,06/30/2026,45999 Center Oak Plaza,Suite 120,Sterling,,VA,20166,pharmacylicensing@mosaicpharmacy.com
Rxcompoundstore.com LLC,PH,266781,Active,07/21/2023,06/30/2026,8950 SW 74th Court,Suite 101,Miami,,FL,33156,mario@rxcompoundstore.com
"Saint Elizabeth's Hospital of Wabasha, Inc. (dba) Gundersen St. Elizabeth`s Hospitals and Clinics",PH,266119,Active,06/25/2020,06/30/2026,1200 Grant Blvd West,,Wabasha,Wabasha,MN,55981,klhenn@emplifyhealth.org
"SAKRX, LLC (dba) KOHLL'S RX",PH,267144,Active,06/17/2025,06/30/2026,12741 Q Street,,Omaha,,NE,68137,akohll@kohlls.com
SAKS GA LLC (dba) Omega Pharmacy,PH,267101,Active,03/06/2025,06/30/2026,2714 Osborne Rd,Unit J,Saint Marys,,GA,31558,smhealthga@gmail.com
"Salamen & Worthing Enterprises, LLC (dba) Clark Professional Pharmacy",PH,266902,Active,04/18/2024,06/30/2026,3280 Washtenaw Ave,Suite B,Ann Arbor,,MI,48104,licensing@clarkrx.com
"Sam West, Inc.",PH,262030,Active,08/10/2001,06/30/2026,3035 Denmark Avenue,,Eagan,Dakota,MN,55121,Complic@wal-mart.com
"Sam's West, Inc.",PH,262096,Active,02/25/2002,06/30/2026,16701 94th Avenue North,,Maple Grove,Hennepin,MN,55311,complic@wal-mart.com
"Sam's West, Inc.",PH,261982,Active,01/31/2001,06/30/2026,4743 Maple Grove Road,,Hermantown,St Louis,MN,55811,complic@wal-mart.com
"Sam's West, Inc.",PH,261896,Active,08/10/2001,06/30/2026,1850 Buerkle Road,,White Bear Lake,Ramsey,MN,55110,complic@wal-mart.com
"Sam's West, Inc.",PH,262643,Active,10/17/2005,06/30/2026,3410 NW 55th Street,,Rochester,Olmsted,MN,55901,complic@wal-mart.com
"Sam's West, Inc.",PH,263574,Active,08/20/2010,06/30/2026,207 County Road 120,,St Cloud,Stearns,MN,56303,Complic@wal-mart.com
"Sam's West, Inc.",PH,264106,Active,04/25/2013,06/30/2026,1831 E Madison Ave,,Mankato,Blue Earth,MN,56001,complic@wal-mart.com
"Sam's West, Inc. (dba) (Sam's Club Pharmacy #4787)",PH,262274,Active,04/02/2003,06/30/2026,200 American Blvd. W,,Bloomington,Hennepin,MN,55420,complic@wal-mart.com
"Sam's West, Inc. (dba) (Sam's Club Pharmacy #6312)",PH,262185,Active,08/01/2002,06/30/2026,9925 Hudson Road,,Woodbury,Dakota,MN,55125,complic@wal-mart.com
"Sam's West, Inc. (dba) Sam's Club Pharmacy (#4736)",PH,262032,Active,08/10/2001,06/30/2026,14940 Florence Trail,,Apple Valley,Dakota,MN,55124,complic@wal-mart.com
"Sam's West, Inc. (dba) Sam's Club Pharmacy (#6311)",PH,262263,Active,03/06/2003,06/30/2026,8201 Old Carriage Court,,Shakopee,Scott,MN,55379,complic@wal-mart.com
Sam's West. Inc.,PH,261898,Active,08/22/2001,06/30/2026,8150 University Avenue NE,,Fridley,Anoka,MN,55432,complic@wal-mart.com
"Sandsrx, LLC",PH,265584,Active,06/13/2018,06/30/2026,4 Regency Dr,,Wylie,,TX,75098,mahdi@sandsrx.com
Sanford Bismarck (dba) Sanford Bismarck Retail Pharmacy,PH,264589,Active,11/06/2014,06/30/2026,300 N 7th St,,Bismarck,,ND,58501,Kevin.House@sanfordhealth.org
Sanford Health Network,PH,200547,Active,06/26/1975,06/30/2026,1018 6th Avenue,,Worthington,Nobles,MN,56187,bryan.hagen@sanfordhealth.org
Sanford Health Network (dba) Sanford,PH,201199,Active,08/07/1975,06/30/2026,251 5th Street East,,Tracy,Lyon,MN,56175,shawna.sprengeler@sanfordhealth.org
Sanford Health Network (dba) Sanford Aberdeen Medical Center,PH,266456,Active,11/22/2021,06/30/2026,2905 3rd Ave SE,,Aberdeen,,SD,57401,ashley.hansen@sanfordhealth.org
Sanford Health Network (dba) Sanford Canby Medical Center,PH,260420,Active,07/01/1987,06/30/2026,112 St Olaf Avenue South,,Canby,Yellow Medicine,MN,56220,justin.kindopp@sanfordhealth.org
Sanford Health Network (dba) Sanford Jackson Medical Center,PH,202400,Active,03/04/1976,06/30/2026,1430 North Highway,,Jackson,Jackson,MN,56143,shanee.hanning@sanfordhealth.org
Sanford Health Network (dba) Sanford Rapid City Remote Pharmacy,PH,266976,Active,08/08/2024,06/30/2026,4941 St. Martins Drive,,Rapid City,,SD,57702,drew.diedrich@sanfordhealth.org
Sanford Health Network (dba) Sanford Westbrook Medical Center,PH,262168,Active,07/24/2002,06/30/2026,920 Bell Avenue,,Westbrook,Cottonwood,MN,56183,Maria.Grogan@SanfordHealth.org
Sanford Health Network North (dba) Sanford Health Wheaton Pharmacy,PH,263706,Active,07/01/2011,06/30/2026,401 12Th St N,,Wheaton,Traverse,MN,56296,chelsie.falk@sanfordhealth.org
Sanford Health Network North (dba) Sanford Medical Center Thief River Falls,PH,263102,Active,10/12/2007,06/30/2026,3001 Sanford Parkway,,Thief River Falls,Pennington,MN,56701,max.thompson@sanfordhealth.org
Sanford Health Network North (dba) Sanford Pharmacy Thief River Falls,PH,266732,Active,06/07/2023,06/30/2026,3001 Sanford Pkwy,,Thief River Falls,Pennington,MN,56701,melissa.highness@sanfordhealth.org
Sanford Health of Northern Minnesota (dba) Sanford Bagley Medical Center,PH,264240,Active,10/25/2013,06/30/2026,203 4th St NW,,Bagley,Clearwater,MN,56621,samuel.dwyer@sanfordhealth.org
Sanford Health of Northern Minnesota (dba) Sanford Bemidji Infusion Pharmacy,PH,265655,Active,08/21/2018,06/30/2026,1233 34th St NW Suite B,,Bemidji,Beltrami,MN,56601,paul.jilek@sanfordhealth.org
Sanford Health of Northern Minnesota (dba) Sanford Bemidji Medical Center,PH,200888,Active,07/10/1975,06/30/2026,1300 Anne Street NW,,Bemidji,Beltrami,MN,56601,samuel.dwyer@sanfordhealth.org
Sanford Health of Northern Minnesota (dba) Sanford Bemidji Medical Center Oncology Pharmacy,PH,265656,Active,08/21/2018,06/30/2026,"1233 34th St Nw, Suite A",,Bemidji,Beltrami,MN,56601,paul.jilek@sanfordhealth.org
Sanford Health of Northern Minnesota (dba) Sanford Blackduck Pharmacy,PH,265871,Active,07/08/2019,06/30/2026,81 1st Street NW Ste A,,Blackduck,Beltrami,MN,56630,kari.timms@sanfordhealth.org
Sanford Health of Northern Minnesota (dba) Sanford Pharmacy 1611 Anne St,PH,266637,Active,09/14/2022,06/30/2026,1611 Anne St. NW,Suite 1,Bemidji,Beltrami,MN,56601,matthew.webb@sanfordhealth.org
Sanford Health of Northern Minnesota (dba) Sanford Pharmacy Bemidji,PH,266638,Active,09/14/2022,06/30/2026,1233 34th St. NW,Suite C,Bemidji,Beltrami,MN,55601,matthew.webb@sanfordhealth.org
"Sanford Healthcare Accessories, LLC (dba) Sanford Health Equip",PH,266291,Active,02/24/2021,06/30/2026,2710 W 12Th St,,Sioux Falls,,SD,57104,julie.patterson@sanfordhealth.org
Sanford Luverne Medical Center ,PH,200294,Active,06/19/1975,06/30/2026,1600 North Kniss Avenue,,Luverne,Rock,MN,56156,sarah.wrigg@sanfordhealth.org
Sanford Medical Center (dba) Sanford Cancer Center Oncology Clinic Pharmacy,PH,265595,Active,05/07/2018,06/30/2026,1309 W 17th Street,,Sioux Falls,,SD,57104,joe.weber@sanfordhealth.org
Sanford Medical Center Fargo (dba) Sanford Pharmacy Alexandria,PH,266723,Active,05/01/2023,06/30/2026,1525 Broadway St #100,,Alexandria,Douglas,MN,56308,carla.meyer@sanfordhealth.org
Sanford Medical Center Fargo (dba) Sanford Pharmacy Broadway,PH,266993,Active,08/30/2024,06/30/2026,737 Broadway N,,Fargo,,ND,58102,melissa.highness@sanfordhealth.org
Sanford Medical Center Fargo (dba) Sanford Pharmacy Detroit Lakes,PH,266724,Active,05/01/2023,06/30/2026,"1245 Washington Ave, Suite B",,Detroit Lakes,Becker,MN,56501,melissa.highness@sanfordhealth.org
Sanford Medical Center Fargo (dba) Sanford Pharmacy I94,PH,266094,Active,06/09/2020,06/30/2026,5225 23rd Ave S,,Fargo,,ND,58104,melissa.highness@sanfordhealth.org
Sanford Medical Center Fargo (dba) Sanford Pharmacy Moorhead,PH,266733,Active,06/07/2023,06/30/2026,4000 28th Avenue South,,Moorhead,Clay,MN,56560,melissa.highness@sanfordhealth.org
Sanford Pharmacy Medical Center Broadway,PH,263497,Active,03/12/2010,06/30/2026,801 Broadway North,,Fargo,,ND,58102,Katie.Galbreath@sanfordhealth.org
"Santa Cruz Biotechnology, Inc. (dba) Santa Cruz Rx",PH,264221,Active,10/01/2013,06/30/2026,"3600 Dry Creek Rd, Ste E-3",,Paso Robles,,CA,93446,pharmacy@scbt.com
"Saveway Compounding Pharmacy, LLC (dba) Saveway Compounding Pharmacy",PH,266956,Active,07/18/2024,06/30/2026,31 Albe Drive,Suite 1,Newark,,DE,19702,license@savewaypharmacy.com
"Sawtooth Mountain Clinic, Inc. (dba) Sawtooth Mountain Clinic Pharmacy",PH,266219,Active,11/04/2020,06/30/2026,"Sawtooth Mountain Clinic, Inc.","513 5th Ave West, Room 201",Grand Marais,Cook,MN,55604,kate@SawtoothMountainClinic.org
"SBH Medical, LTD. (dba) OPTIORX - 290 ",PH,267077,Active,01/24/2025,06/30/2026,7654 Crosswoods Dr,,Columbus,,OH,43235,customerservice@sbhmed.com
Schraft's 2.0 LLC (dba) Schraft's 2.0,PH,265245,Active,01/13/2017,06/30/2026,3 Wing Dr Ste 102,,Cedar Knolls,,NJ,07927,vkhavulya@schrafts2.com
Script Partner Pharmacy LLC,PH,267057,Active,12/10/2024,06/30/2026,400 S. Woods Mill Road,Suite 105,Chesterfield,,MO,63017,Licensing@scriptpartner.com
ScriptCo Inc. (dba) ScriptCo Pharmacy,PH,267280,Active,11/14/2025,06/30/2026,6916 Woodway Dr,,Woodway,,TX,76712,support@scriptco.com
"ScriptHero Pharmacy, LLC. (dba) CoverMyMeds Pharmacy",PH,266909,Active,05/07/2024,06/30/2026,"910 John St, Ste 3A",,Columbus,,OH,43223,pharmacylicensing@covermymeds.com
"Scripts for Life, Inc. (dba) Seacrest Pharmacy",PH,267317,Active,01/07/2026,06/30/2026,1403 W Boynton Beach Blvd.,Suite 1,Boynton Beach,,FL,33426,SEACRESTPHARMACY@GMAIL.COM
"Scripts Rx Pharmacy, LLC (dba) Scripts Rx Pharmacy",PH,266815,Active,09/26/2023,06/30/2026,7515 S Main St,Ste 180,Houston,,TX,77030,info@scriptsrxpharmacy.com
"SD&J LLC (dba) Made-in Indianapolis Pharmacy & Medical Equipment, Patient Direct Pharmacy",PH,266950,Active,07/16/2024,06/30/2026,3350 N High School Rd ,Ste J,Indianapolis,,IN,46224,Jack.wells@miipharmacy.com
"Seip Drug, LLC ",PH,266861,Active,01/02/2024,06/30/2026,316 MN Hwy 78 N,Suite 100,Ottertail,Otter Tail,MN,56571,seipdrugottertail@gmail.com
"Seip Drug, LLC ",PH,266573,Active,05/31/2022,06/30/2026,109 E Main,Suite D,Frazee,Becker,MN,56544,seipdrugdocs@gmail.com
"Seip Drug, LLC ",PH,266084,Active,05/27/2020,06/30/2026,97 Miller St,,New York Mills,Otter Tail,MN,56567,seipdrugdocs@gmail.com
"Seip Drug, LLC ",PH,266419,Active,09/14/2021,06/30/2026,116 Mn-28,,Morris,Stevens,MN,56267,seipdrugmorris@gmail.com
"Seip Drug, LLC ",PH,265450,Active,11/21/2017,06/30/2026,210 Main St W,,Clarissa,Todd,MN,56440,seipdrugdocs@gmail.com
"Seip Drug, LLC ",PH,263523,Active,05/05/2010,06/30/2026,124 2nd Ave NW,P.O. Box 157,Bertha,Todd,MN,56437,seipdrugdocs@gmail.com
"Seip Drug, LLC ",PH,263364,Active,04/07/2009,06/30/2026,101 E 4th St,P.O. Box 528,Park Rapids,Hubbard,MN,56470,seippr8@gmail.com
"Seip Drug, LLC ",PH,262969,Active,02/09/2007,06/30/2026,519 Douglas Avenue,P.O. Box 304,Henning,Otter Tail,MN,56551,seiphen@arvig.net
"Seip Drug, LLC",PH,263035,Active,06/12/2007,06/30/2026,113 Lake Avenue North,P.O. Box 538,Battle Lake,Otter Tail,MN,56515,seipdrugbl5@gmail.com
"Seip Drug, LLC (dba) Moorhead Drug",PH,266900,Active,04/15/2024,06/30/2026,801 Center Ave,,Moorhead,Clay,MN,56560,moorhead.drug@gmail.com
"SelectRx KS, LLC",PH,267110,Active,03/17/2025,06/30/2026,418 W Frontier Lane,,Olathe,,KS,66061,qi.compliance@selectrx.com
Senderra RX Partners LLC (dba) Senderra Rx Partners,PH,267350,Active,02/18/2026,06/30/2026,3712 E Plano Parkway,Suite 200,Plano,,TX,75074,pharmacy@senderrarx.com
"Senderra RX Partners, LLC",PH,267349,Active,02/18/2026,06/30/2026,9330 LBJ Freeway,Suite 1300,Dallas,,TX,75243,pharmacyg@senderrarx.com
"Senderra Rx Partners, LLC",PH,267060,Active,12/17/2024,06/30/2026,"9330 LBJ Freeway, Suite 1300",,Dallas,,TX,75243,pharmacyg@senderrarx.com
"Senderra Rx Partners, LLC",PH,266828,Active,09/29/2023,06/30/2026,3712 E Plano Parkway,Suite 200,Plano,,TX,75074,pharmacy@senderrarx.com
"Senior Life Pharmacy, LLC (dba) SeniorLifeRX",PH,266951,Active,07/16/2024,06/30/2026,5002 S Elk River RD,,Elkview,,WV,25071,slrxlicensing@gmail.com
Setzer Pharmacy Inc.,PH,265400,Active,08/18/2017,06/30/2026,1685 Rice Street,,Roseville,Ramsey,MN,55113,setzer.ries@gmail.com
Seven Hills Pharmacy LLC (dba) FuzeRx Cincinnati,PH,266670,Active,11/04/2022,06/30/2026,2722 E. Kemper Rd,,Sharonville,,OH,45241,rx.compliance@fuzehealth.com
Seward Pharmacy,PH,265836,Active,07/01/2019,06/30/2026,2209 East Lake Street,,Minneapolis,Hennepin,MN,55407,eliasusso@gmail.com
"Shan-Pham Diversified Holdings, Inc (dba) MEDHope Pharmacy",PH,267327,Active,01/20/2026,06/30/2026,12946 Dairy Ashford Rd,Suite 450,Sugar Land,,TX,77478,compliance@medhopepharmacyrx.com
Shelby County Health Care Corporation (dba) Regional One Health Pharmacy Stage Post,PH,266836,Active,10/17/2023,06/30/2026,3111 Stage Post Dr.,Suite 102-104,Barlett,,TN,38133,etwigg@regionalonehealth.com
Shifa Pharmacy LLC,PH,266714,Active,03/28/2023,06/30/2026,1516 E Lake St #103,,Minneapolis,Hennepin,MN,55407,moham498@umn.edu
Sibley Medical Center (dba) Ridgeview Sibley Medical Center ,PH,264317,Active,01/29/2014,06/30/2026,601 W Chandler St,,Arlington,Sibley,MN,55307,laura.ward@ridgeviewmedical.org
"Signa Pharmacy Group, LLC (dba) New Solutions Functional Wellness Pharmacy",PH,267331,Active,01/21/2026,06/30/2026,1901 Medi Park Dr.,Suite 120,Amarillo,,TX,79106,mikala@newsolutionsfwp.com
"Simple Meds, LLC (dba) SelectRx IN",PH,266600,Active,06/21/2022,06/30/2026,6810 Hillsdale Ct,,Indianapolis,,IN,46250,kyle.decker@simplemeds.com
"Sina Drug, LLC (dba) Onco360",PH,266871,Active,01/18/2024,06/30/2026,7125 Janes Ave.,Suite 700,Woodridge,,IL,60517,compliance@onco360.com
"Sina Drug, LLC (dba) Onco360",PH,266277,Active,02/01/2021,06/30/2026,"Sina Drug, Llc","1985 Marcus Ave, Ste 120",New Hyde Park,,NY,11042,compliance@onco360.com
"Sina Drug, LLC (dba) Onco360",PH,265270,Active,02/13/2017,06/30/2026,"13410 Eastpoint Centre Dr, Suite 101",,Louisville,,KY,40223,compliance@onco360.com
Siverson's Pharmacy And Gifts LLC,PH,265840,Active,06/01/2019,06/30/2026,120 S Main Street,,Hendricks,Lincoln,MN,56136,sladeSiverson@gmail.com
"SKNV Pharmacy, LLC",PH,266801,Active,08/15/2023,06/30/2026,3155 SW 10th St.,Suite 6A,Deerfield Beach,,FL,33442,rxlicense@sknv.com
Sleepy Eye Medical Center,PH,261747,Active,09/16/1999,06/30/2026,400 4th Avenue NW,,Sleepy Eye,Brown,MN,56085,lfischer@semedicalcenter.org
"SLTN Pharmacy Services, Ltd (dba) GuidePoint Pharmacy",PH,265087,Active,06/14/2016,06/30/2026,2010 Juniper Ave,,Slayton,Murray,MN,56172,slayton@guidepointpharmacy.com
"SLTN Pharmacy Services, Ltd (dba) Guidepoint Pharmacy",PH,265085,Active,06/14/2016,06/30/2026,115 N St Paul Ave,,Fulda,Murray,MN,56131,fulda@guidepointpharmacy.com
"SLTN Pharmacy Services, Ltd (dba) GuidePoint Pharmacy",PH,265088,Active,06/14/2016,06/30/2026,735 Main St,,Edgerton,Pipestone,MN,56128,edgerton@guidepointpharmacy.com
"SmartPractice Allergen Bank, LLC",PH,264366,Active,03/12/2014,06/30/2026,3400 E McDowell Rd,,Phoenix,,AZ,85008,devans@smarthealth.com
SmartScript Pharmacy LLC (dba) SmartScript Pharmacy,PH,267017,Active,10/10/2024,06/30/2026,"4041 State Road 91, Ste B",,Oshkosh,,WI,54904,customer.service@smartscriptpharmacy.com
SmartScripts LLC (dba) SmartScripts,PH,265298,Active,03/15/2017,06/30/2026,1010 W Madison St,,Washington,,IA,52353,compliance@smartscripts.com
SMDC Medical Center (dba) Infusion Center Pharmacy,PH,261241,Active,01/01/1995,06/30/2026,420 East 1st Street,Mail Drop 1s2E20,Duluth,St Louis,MN,55805,paul.schillo@essentiahealth.org
SMP Pharmacy Solutions LLC (dba) SMP Pharmacy Solutions,PH,266159,Active,08/12/2020,06/30/2026,"Smp Pharmacy Solutions, Llc","7500 NW 26th St, Suite 101",Miami,,FL,33122,compliance@smppharmacy.com
SMSC Pharmacy,PH,262982,Active,03/01/2007,06/30/2026,15045 Mystic Lake Drive,,Prior Lake,Scott,MN,55372,bweiers@shakopeedakota.org
"SNF Holdings, LLC",PH,266169,Active,08/26/2020,06/30/2026,31035 Schoolcraft Road,,Livonia,,MI,48150,snfholdingsllc@gmail.com
"Sofie, Co. (dba) Sofie",PH,265561,Active,05/09/2018,06/30/2026,801 Forestwood Dr,,Romeoville,,IL,60446,Regulatoryaffairs@sofie.com
"Solara Medical Supplies, LLC",PH,265813,Active,04/01/2019,06/30/2026,"2084 Otay Lakes Rd., Suite 102",,Chula Vista,,CA,91913,jwilliams@adapthealth.com
Soleo Health Inc,PH,265336,Active,06/15/2017,06/30/2026,"415 S 48th St, Suite 101",,Tempe,,AZ,85281,credentialing@soleohealth.com
Soleo Health Inc.,PH,265971,Active,11/13/2019,06/30/2026,10210 Werch Drive,Suite 202,Woodridge,,IL,60517,credentialing@soleohealth.com
Soleo Health Inc.,PH,266309,Active,03/29/2021,06/30/2026,6190 Shamrock Ct,Suite 100,Dublin,,OH,43016,credentialing@soleohealth.com
"Sonexus Health Pharmacy Services, LLC",PH,264255,Active,10/31/2013,06/30/2026,2730 S Edmonds Ln,Suite 400,Lewisville,,TX,75067,licensure@cardinalhealth.com
Sorkin's Rx LTD (dba) CareMed Pharmaceutical Services,PH,266278,Active,02/03/2021,06/30/2026,"1985 Marcus Ave, Ste 130",,New Hyde Park,,NY,11042,compliance@onco360.com
"SortPak Rx, Inc.",PH,266854,Active,11/21/2023,06/30/2026,655 N Central Ave,22nd Floor,Glendale,,CA,91203,info@sortpak.com
"South Miami Pharmacy II, LLC (dba) SMP Pharmacy Solutions #2",PH,266196,Active,10/01/2020,06/30/2026,"South Miami Pharmacy Ii, Llc","7500 North West 26th St, Suite 102",Miami,,FL,33122,jenny@smppharmacy.com
"South Walton Pharmacy, LLC (dba) Santa Rosa Pharmacy",PH,267328,Active,01/21/2026,06/30/2026,2050 W county Hwy 30a,M1-106,Santa Rosa Beach,,FL,32459,JBERRYBEDELL@PHARMAFUSIONRX.COM
"Southeast Quality Pharmacy, LLC (dba) Anazaohealth",PH,267106,Active,03/12/2025,06/30/2026,5401 Hangar court,,Tampa,,FL,33634,southeastlicensing@anazaohealth.com
"Southern Tier Home Infusion, Inc. (dba) Pharmacy Innovations",PH,263962,Active,09/20/2012,06/30/2026,2936 W 17th St,,Erie,,PA,16505,licensing@pharmacyinnovations.net
Southside Pharmacy LTD (dba) Southside Pharmacy,PH,264180,Active,07/31/2013,06/30/2026,1301 33rd St S,,St Cloud,Stearns,MN,56301,dwunder1111@hotmail.com
Specialty Care Rx,PH,267345,Active,02/02/2026,06/30/2026,200 E Katella Ave,Suite A,Orange,,CA,92867,ocinfo@myscrx.com
"Specialty Medical Drugstore, LLC (dba) GoGoMeds",PH,265458,Active,12/08/2017,06/30/2026,"525 Alexandria Pike, Suite 100",,Southgate,,KY,41071,licensing@gogomeds.com
"Specialty Pharmacy Management, LLC (dba) Reliance Rx",PH,267296,Active,12/03/2025,06/30/2026,"15 Earhart Dr., Suite 101",,Amherst,,NY,14221,compliance-contracting@reliancerxsp.com
Specialty Rx MI LLC,PH,266908,Active,05/07/2024,06/30/2027,35608 Warren Road,,Westland,,MI,48185,licensing@pharmfoodgroup.com
Specialty Veterinary Pharmacy Inc.,PH,263600,Active,10/15/2010,06/30/2026,4159 Bluebonnet Dr,,Stafford,,TX,77477,laura.baty@svpmeds.com
Spectrum Solutions RX LLC,PH,267359,Active,03/04/2026,06/30/2026,12278 S Lone Peak Pky,Suite 106,Draper,,UT,84020,pharmacy@genesiscompounding.com
Spectrum Solutions Rx LLC,PH,266528,Active,03/11/2022,06/30/2026,12278 S. Lone Peak Pkwy,Ste 106,Draper,,UT,84020,pharmacy@spectrumsolution.com
"Sphinx Pharmacy Group Webster, LLC (dba) Pyramids Infusion Center",PH,267354,Active,03/02/2026,06/30/2026,3569 Business Center Dr,Ste 130,Pearland,,TX,77584,infusion@pyramidspharmacy.com
"Spring Creek Pharmacy, Inc. (dba) Spring Creek Pharmacy",PH,267168,Active,07/22/2025,06/30/2026,3737 Mapleshade Ln,,Plano,,TX,75075,info@springcreekpharmacy.com
"SPRX, Inc. (dba) InjuryScripts",PH,266329,Active,05/14/2021,06/30/2026,3740 St. Johns Bluff Rd. S,#21,Jacksonville,,FL,32224,compliance@injuryscripts.com
St Francis Regional Medical Center Pharmacy,PH,200746,Active,06/26/1975,06/30/2026,1455 St Francis Ave,,Shakopee,Scott,MN,55379,Bradley.Zimmermann@allina.com
St. Alexius Medical Center (dba) St. Alexius Outpatient Pharmacy,PH,266334,Active,05/19/2021,06/30/2026,900 E Broadway,,Bismarck,,ND,58501,kristen.peterson520@commonspirit.org
St. Cloud Hospital (dba) CentraCare - St. Cloud Hospital Pharmacy,PH,266501,Active,04/01/2022,06/30/2026,1406 6TH Ave N,,St Cloud,Stearns,MN,56303,karskyk@centracare.com
St. Cloud Hospital (dba) CentraCare-Plaza Pharmacy,PH,266502,Active,04/01/2022,06/30/2026,1900 CentraCare Circle,Ste 1350,St Cloud,Stearns,MN,56303,karskyk@centracare.com
"St. Elizabeth's Hospital of Wabasha, Inc. (dba) Gundersen Pharmacy",PH,266120,Active,06/25/2020,06/30/2026,1200 Grant Blvd West,Suite 101,Wabasha,Wabasha,MN,55981,klhenn@emplifyhealth.org
St. Francis Medical Center Pharmacy,PH,261077,Active,10/01/1993,06/30/2026,2400 St. Francis Drive,,Breckenridge,Wilkin,MN,56520,lori.meyer@commonspirit.org
St. Gabriel's Pharmacy,PH,266079,Active,05/19/2020,06/30/2026,811 2nd Street SE,,Little Falls,Morrison,MN,56345,heather.rodriguez@commonspirit.org
St. Joseph's Area Health Services (dba) CHI St. Joseph`s Health,PH,261076,Active,10/01/1993,06/30/2026,600 Pleasant Avenue S,,Park Rapids,Hubbard,MN,56470,scott.kosel@commonspirit.org
St. Joseph's Medical Center (dba) Essentia Health St. Joseph's Medical Center,PH,200543,Active,06/26/1975,06/30/2026,523 North 3rd Street,,Brainerd,Crow Wing,MN,56401,sarah.patton@essentiahelath.org
St. Jude Children's Research Hospital (dba) St. Jude Children's Research Hospital Pharmacy,PH,263563,Active,08/02/2010,06/30/2026,262 Danny Thomas Place,,Memphis,,TN,38105,william.humphrey@stjude.org
"St. Luke Lab, LLC (dba) St. Luke Compounding Pharmacy",PH,267268,Active,11/03/2025,06/30/2026,9338 Little Rd,,Tampa,,FL,34654,admin@stlukecompounding.com
St. Luke's Hospital of Duluth,PH,263043,Active,07/05/2007,06/30/2026,1001 E Superior Street,,Duluth,St Louis,MN,55802,ben.anderson@slhduluth.com
St. Luke's Hospital of Duluth (dba) Aspirus Lake View Pharmacy - Two Harbors,PH,263906,Active,06/25/2012,06/30/2026,325 11Th Ave,,Two Harbors,Lake,MN,55616,alyssa.hastings@slhduluth.com
St. Luke's Hospital of Duluth (dba) Aspirus St. Luke's Hospital,PH,200442,Active,06/19/1975,06/30/2026,915 East 1st Street,,Duluth,St Louis,MN,55805,anne.schapman@slhduluth.com
St. Luke's Hospital of Duluth (dba) Aspirus St. Luke's Pharmacy - Duluth,PH,261419,Active,02/01/1997,06/30/2026,"1000 East First Street, Suite 200",,Duluth,St Louis,MN,55805,khaugen@slhduluth.com
St. Mary's Duluth Clinic Health System (dba) Essentia Health Duluth,PH,261515,Active,01/01/1998,06/30/2026,502 East Second Street,,Duluth,St Louis,MN,55805,andrew.radzak@essentiahealth.org
St. Mary's Innovis Health (dba) Essentia Health Detroit Lakes Pharmacy,PH,263266,Active,07/01/2008,06/30/2026,St Mary's Innovis Health,211 Frazee Street E,Detroit Lakes,Becker,MN,56501,AmbulatoryPharmacyServices@essentiahealth.org
St. Mary's Medical Center (dba) Essentia Health St. Mary's Medical Center,PH,266767,Active,06/29/2023,06/30/2026,402 E 2nd St,,Duluth,St Louis,MN,55805,heather.cary@essentiahealth.org
St. Mary's Regional Health Center,PH,261628,Active,12/01/1998,06/30/2026,1027 Washington Avenue,,Detroit Lakes,Becker,MN,56501,kayla.ruppert@essentiahealth.org
State University of Iowa (dba) UI Health Care - ACT Circle Pharmacy,PH,267210,Active,09/23/2025,06/30/2026,2100 ACT Circle,,Iowa City,,IA,52245,lane-nelson@uiowa.edu
"Stellus Rx, LLC (dba) Stellus Rx #1001",PH,266919,Active,05/23/2024,06/30/2026,8277 Belleview Drive,Suite 250,Plano,,TX,75024,pharmacy@stellusrx.com
"SterlingRx, Inc (dba) Sterling Specialty Pharmacy",PH,265419,Active,09/26/2017,06/30/2026,1312 Northland Drive,Suite 500,Mendota Heights,Dakota,MN,55120,ty.heuer@sterlingspecialtyrx.com
Stevens Community Medical Center,PH,200997,Active,07/10/1975,06/30/2026,400 E 1st Street,,Morris,Stevens,MN,56267,evarga@scmcinc.org
"Stokes Healthcare, Inc. (dba) Stokes Pharmacy",PH,265995,Active,12/30/2019,06/30/2026,6000 Commerce Parkway,Suite A,Mount Laurel,,NJ,08054,licensing@stokespharmacy.com
"Strategic Pharmaceutical Solutions, Inc. (dba) Vetsource Home Delivery",PH,267027,Active,10/21/2024,06/30/2026,"711 Gibson Blvd., Ste. A-1",,Harrisburg,,PA,17104,rdixon@vetsource.com
"Strategic Pharmaceutical Solutions, Inc. (dba) Vetsource Home Delivery",PH,267028,Active,10/21/2024,06/30/2026,17014 NE Sandy Blvd.,,Portland,,OR,97230,rdixon@vetsource.com
"Strategic Pharmaceutical Solutions, Inc. (dba) Vetsource Home Delivery",PH,267053,Active,12/05/2024,06/30/2026,4251 Dale Earnhardt,Blvd. Ste 100,Northlake,,TX,76262,rdixon@vetsource.com
"Strive Pharmacy Missouri, LLC",PH,267018,Active,10/10/2024,06/30/2026,2058 Fenton Logistics Park,,Fenton,,MO,63026,licensingMO@strivepharmacy.com
Summit Access Solutions LLC (dba) RareMed Solutions,PH,266825,Active,09/27/2023,06/30/2026,200 Industry Drive,Suite 100,Pittsburgh,,PA,15275,licensing@raremed.com
"Summit Health Pharmacy, LLC",PH,267082,Active,01/27/2025,06/30/2026,3400 Edgmont Ave,,Brookhaven,,PA,19015,licensing@summithealthrx.com
"Summit Pharmacy, Inc. (dba) TrustRX Pharmacy",PH,266453,Active,11/17/2021,06/30/2026,2320 W Peoria Ave,Ste D-132,Phoenix,,AZ,85029,spersons@summitrx.com
Super Health Pharmacy LLC,PH,266856,Active,12/07/2023,06/30/2026,6390 Amboy Road,,Staten Island,,NY,10309,nursing@superhealthpharmacy.com
"Super Saver Pharmacy #4, LLC (dba) Rush Pharmacy",PH,267015,Active,09/27/2024,06/30/2026,1977 Alafaya Trail,Suite 1121,Oviedo,,FL,32765,Licensing@rushpharmacy.com
"Superior Pharmacy Solutions, Inc.",PH,264414,Active,05/29/2014,06/30/2026,2050 E Algonquin Road,Suite 606,Schaumburg,,IL,60173,spatel@superiorbiologics.com
"SUPERVALU Pharmacies, Inc (dba) Cub Pharmacy #1650/624",PH,260753,Active,02/27/1991,06/30/2026,3550 Vicksburg Lane North,,Plymouth,Hennepin,MN,55447,licensegroup@unfi.com
"SUPERVALU Pharmacies, Inc (dba) Cub Pharmacy #1913/621",PH,260606,Active,10/01/1989,06/30/2026,2850 26th Avenue South,,Minneapolis,Hennepin,MN,55406,licensegroup@unfi.com
"SUPERVALU Pharmacies, Inc (dba) Cub Pharmacy #1914/623",PH,260728,Active,10/15/1990,06/30/2026,12900 Riverdale Drive,,Coon Rapids,Anoka,MN,55448,licensegroup@unfi.com
"SUPERVALU Pharmacies, Inc.  (dba) Cub Pharmacy",PH,263360,Active,03/23/2009,06/30/2026,10520 France Avenue South,,Bloomington,Hennepin,MN,55431,licensegroup@unfi.com
"SUPERVALU Pharmacies, Inc. (Cub Pharmacy)",PH,263255,Active,10/06/2008,06/30/2026,1020 Diffley Road,,Eagan,Dakota,MN,55123,licensegroup@unfi.com
"SUPERVALU Pharmacies, Inc. (Cub Pharmacy)",PH,264448,Active,07/10/2014,06/30/2026,200 Pioneer Trail,,Chaska,Carver,MN,55318,licensegroup@unfi.com
"SUPERVALU Pharmacies, Inc. (Cub Pharmacy)",PH,264469,Active,07/17/2014,06/30/2026,1201 Larpenteur Ave W,,Roseville,Ramsey,MN,55113,licensegroup@unfi.com
"SUPERVALU Pharmacies, Inc. (Cub Pharmacy)",PH,264468,Active,07/17/2014,06/30/2026,10200 6th Ave N,,Plymouth,Hennepin,MN,55441,dylan.hall@cub.com
"SUPERVALU Pharmacies, Inc. (Cub Pharmacy)",PH,265185,Active,10/24/2016,06/30/2026,10881 University Ave NE,,Blaine,Anoka,MN,55434,licensegroup@unfi.com
"SUPERVALU Pharmacies, Inc. (Cub Pharmacy)",PH,262619,Active,07/15/2005,06/30/2026,8600 114th Avenue North,,Champlin,Hennepin,MN,55316,s01643.rx@cub.com
"SUPERVALU Pharmacies, Inc. (Cub Pharmacy)",PH,262671,Active,11/08/2005,06/30/2026,7900 Market Boulevard,,Chanhassen,Carver,MN,55317,deborah.a.hartman@cub.com
"SUPERVALU Pharmacies, Inc. (dba) Cub Pharmacy",PH,262965,Active,02/01/2007,06/30/2026,100 Opportunity Blvd Ne,,Cambridge,Isanti,MN,55008,s01645.rx@cub.com
"SUPERVALU Pharmacies, Inc. (dba) Cub Pharmacy",PH,262947,Active,12/13/2006,06/30/2026,13855 Rogers Drive,,Rogers,Hennepin,MN,55374,licensegroup@unfi.com
"SUPERVALU Pharmacies, Inc. (dba) Cub Pharmacy",PH,262362,Active,11/07/2003,06/30/2026,3717 Lexington Avenue North,,Arden Hills,Ramsey,MN,55126,pharmacy.x.769@cub.com
"SUPERVALU Pharmacies, Inc. (dba) Cub Pharmacy",PH,261594,Active,10/16/1998,06/30/2026,1198 Vierling Drive East,,Shakopee,Scott,MN,55379,licensegroup@unfi.com
"SUPERVALU Pharmacies, Inc. (dba) Cub Pharmacy",PH,262078,Active,11/02/2001,06/30/2026,4205 Pheasant Ridge Drive,,Blaine,Anoka,MN,55449,licensegroup@unfi.com
"SUPERVALU Pharmacies, Inc. (dba) Cub Pharmacy",PH,261060,Active,10/20/1993,06/30/2026,1059 Meadowlands Drive,,White Bear Lake,Ramsey,MN,55127,licensegoup@unfi.com
"SUPERVALU Pharmacies, Inc. (dba) Cub Pharmacy",PH,260354,Active,10/25/1986,06/30/2026,8690 East Point Douglas Road,,Cottage Grove,Washington,MN,55016,licensegroup@unfi.com
"SUPERVALU Pharmacies, Inc. (dba) Cub Pharmacy",PH,264467,Active,07/17/2014,06/30/2026,1540 New Brighton Blvd.,,Minneapolis,Hennepin,MN,55413,licensegroup@unfi.com
"SuperValu Pharmacies, Inc. (dba) Cub Pharmacy",PH,266899,Active,04/12/2024,06/30/2026,"2480 NW Scott Road, Suite 100",,Rochester,Olmsted,MN,55901,licensegroup@unfi.com
"SUPERVALU Pharmacies, Inc. (dba) Cub Pharmacy",PH,267122,Active,04/23/2025,06/30/2026,1750 County Rd 42 West,,Burnsville,Dakota,MN,55337,s01966.rx@cub.com
"SUPERVALU Pharmacies, Inc. (dba) Cub Pharmacy #1598/682",PH,261415,Active,04/02/1997,06/30/2026,12595 Central Avenue Ne,,Blaine,Anoka,MN,55434,licensegroup@unfi.com
"SUPERVALU Pharmacies, Inc. (dba) Cub Pharmacy #1604/632",PH,260831,Active,10/23/1991,06/30/2026,15350 Cedar Avenue,,Apple Valley,Dakota,MN,55124,licensegroup@unfi.com
"SUPERVALU Pharmacies, Inc. (dba) Cub Pharmacy #1608/604",PH,260322,Active,07/28/1986,06/30/2026,585 Northtown Drive,,Blaine,Anoka,MN,55434,licensegroup@unfi.com
"SUPERVALU Pharmacies, Inc. (dba) Cub Pharmacy #1611/601",PH,260333,Active,07/01/1986,06/30/2026,100 West County Road B,,Maplewood,Ramsey,MN,55117,licensegroup@unfi.com
"SUPERVALU Pharmacies, Inc. (dba) Cub Pharmacy #1612/602",PH,260334,Active,07/01/1986,06/30/2026,1801 Market Drive,,Stillwater,Washington,MN,55082,s01612@cub.com
"SUPERVALU Pharmacies, Inc. (dba) Cub Pharmacy #1658/603",PH,260323,Active,07/28/1986,06/30/2026,300 East Travelers Trail,,Burnsville,Dakota,MN,55337,licensegroup@unfi.com
"SUPERVALU Pharmacies, Inc. (dba) Cub Pharmacy #1916/638",PH,260879,Active,02/05/1992,06/30/2026,4801 County Road 101,,Minnetonka,Hennepin,MN,55345,brett.moldenhauer@cub.com
"SUPERVALU Pharmacies, Inc. (dba) Cub Pharmacy #1917/639",PH,260886,Active,04/08/1992,06/30/2026,8015 Den Road,,Eden Prairie,Hennepin,MN,55344,s0197.rx@cub.com
"SUPERVALU Pharmacies, Inc. (dba) Cub Pharmacy #1922/685",PH,261336,Active,06/05/1996,06/30/2026,19216 Freeport Street,,Elk River,Sherburne,MN,55330,Pharmacy.x.685@cub.com
"SUPERVALU Pharmacies, Inc. (dba) Cub Pharmacy #1932/715",PH,262115,Active,01/24/2002,06/30/2026,2100 Snelling Avenue North,,Roseville,Ramsey,MN,55113,licensegroup@unfi.com
"SUPERVALU Pharmacies, Inc. (dba) Cub Pharmacy (#1587)",PH,266013,Active,02/14/2020,06/30/2026,4601 Snelling Ave South,,Minneapolis,Hennepin,MN,55406,licensegroup@unfi.com
"SUPERVALU Pharmacies, Inc. (dba) Cub Pharmacy (#1589)",PH,264470,Active,07/17/2014,06/30/2026,7191 10th St N,,Oakdale,Washington,MN,55128,licensegroup@unfi.com
"SUPERVALU Pharmacies, Inc. (dba) Cub Pharmacy (#1591)",PH,264863,Active,12/09/2015,06/30/2026,1920 Buerkle Rd,,White Bear Lake,Ramsey,MN,55110,robert.fleming@cub.com
"SUPERVALU Pharmacies, Inc. (dba) Cub Pharmacy (#1595)",PH,264447,Active,07/07/2014,06/30/2026,5370 16th St W,,St Louis Park,Hennepin,MN,55416,licensegroup@unfi.com
"SUPERVALU Pharmacies, Inc. (dba) Cub Pharmacy (#1597)",PH,264452,Active,07/14/2014,06/30/2026,17756 Kenwood Trail,,Lakeville,Dakota,MN,55044,licensegroup@unfi.com
"SUPERVALU Pharmacies, Inc. (dba) Cub Pharmacy (#1635/757)",PH,262237,Active,01/23/2003,06/30/2026,1729 Market Boulevard,,Hastings,Dakota,MN,55033,licensegroup@unfi.com
"SUPERVALU Pharmacies, Inc. (dba) Cub Pharmacy (#1636/749)",PH,262341,Active,09/20/2003,06/30/2026,23800 State Highway 7,,Shorewood,Hennepin,MN,55331,licensegroup@unfi.com
"SUPERVALU Pharmacies, Inc. (dba) Cub Pharmacy (#1637/748)",PH,262246,Active,03/28/2003,06/30/2026,2423 South Highway 3,,Northfield,Rice,MN,55057,licensegroup@unfi.com
"SUPERVALU Pharmacies, Inc. (dba) Cub Pharmacy (#1638/745)",PH,262213,Active,11/06/2002,06/30/2026,2050 Northdale Boulevard,,Coon Rapids,Anoka,MN,55433,licensegroup@unfi.com
"SUPERVALU Pharmacies, Inc. (dba) Cub Pharmacy (#1639/761)",PH,262128,Active,10/12/2002,06/30/2026,7850 Cahill Avenue,,Inver Grove Heights,Dakota,MN,55076,s01639.rx@cub.com
"SUPERVALU Pharmacies, Inc. (dba) Cub Pharmacy (#1640/768)",PH,262352,Active,11/07/2003,06/30/2026,14075 Highway 13 South,,Savage,Scott,MN,55378,licensegroup@unfi.com
"SUPERVALU Pharmacies, Inc. (dba) Cub Pharmacy (#1654/763)",PH,262836,Active,07/20/2006,06/30/2026,9655 Colorado Lane North,,Brooklyn Park,Hennepin,MN,55445,licensegroup@unfi.com
"SUPERVALU Pharmacies, Inc. (dba) Cub Pharmacy (#1656/759)",PH,262388,Active,01/21/2004,06/30/2026,7435 179th Street,,Lakeville,Dakota,MN,55044,licensegroup@unfi.com
"SUPERVALU Pharmacies, Inc. (dba) Cub Pharmacy (#1657/786)",PH,263091,Active,09/25/2007,06/30/2026,20250 Heritage Drive,,Lakeville,Dakota,MN,55044,licensegroup@unfi.com
"SUPERVALU Pharmacies, Inc. (dba) Cub Pharmacy (#1693)",PH,264446,Active,07/07/2014,06/30/2026,1104 Lagoon Ave,,Minneapolis,Hennepin,MN,55408,meghan.k.kirchhoff@cub.com
"SUPERVALU Pharmacies, Inc. (dba) Cub Pharmacy (#1695)",PH,264453,Active,07/14/2014,06/30/2026,1276 Town Centre Dr,,Eagan,Dakota,MN,55123,licensegroup@unfi.com
"SUPERVALU Pharmacies, Inc. (dba) Cub Pharmacy (#1935/764)",PH,262408,Active,03/19/2004,06/30/2026,2197 Old Hudson Road,,St Paul,Ramsey,MN,55119,Pharmacy.x.764@supervalu.com
"SUPERVALU Pharmacies, Inc. (dba) Cub Pharmacy (#1939/771)",PH,262458,Active,08/26/2004,06/30/2026,701 West Broadway Avenue,,Minneapolis,Hennepin,MN,55411,s01939.rx@cub.com
"SUPERVALU Pharmacies, Inc. (dba) Cub Pharmacy (#1962)",PH,264711,Active,05/07/2015,06/30/2026,2612 S Broadway St,,Alexandria,Douglas,MN,56308,s01962.rx@cub.com
"SUPERVALU Pharmacies, Inc. (dba) Cub Pharmacy (#1965)",PH,266083,Active,05/21/2020,06/30/2026,900 Central Ave,,St Michael,Wright,MN,55376,s01965.rx@cub.com
"SUPERVALU Pharmacies, Inc. (dba) Cub Pharmacy (#4973/791)",PH,263254,Active,10/03/2008,06/30/2026,1177 Clarence St,,St Paul,Ramsey,MN,55106,S04973.rx@unfi.com
"SUPERVALU Pharmacies, Inc. (dba) Cub Pharmacy (#684)",PH,261314,Active,03/27/1996,06/30/2026,2390 White Bear Avenue North,,Maplewood,Ramsey,MN,55109,ryan.nguyen@cub.com
"SUPERVALU Pharmacies, Inc. (dba) Cub Specialty Pharmacy #1964",PH,265075,Active,06/08/2016,06/30/2026,421 3rd St S,,Stillwater,Washington,MN,55082,S01964.rx@cub.com
"SUPERVALU Pharmacies, Inc. (dba)Cub Pharmacy #1616/617",PH,260528,Active,11/09/1988,06/30/2026,1940 Cliff Lake Road,,Eagan,Dakota,MN,55122,wade.m.trawby@cub.com
"SUPERVALU Pharmacies, Inc. (dba)Cub Pharmacy #1632/691",PH,261596,Active,12/04/1998,06/30/2026,216 7th Street West,,Monticello,Wright,MN, 55362,licensegroup@unfi.com
"SUPERVALU Pharmacies, Inc. (dba)Cub Pharmacy #1634/693",PH,262112,Active,01/16/2002,06/30/2026,2013 Broadway Avenue West,,Forest Lake,Washington,MN,55025,licensegroup@unfi.com
"SUPERVALU Pharmacies, Inc., (dba) Cub Pharmacy (#1600/661)",PH,261058,Active,10/27/1993,06/30/2026,8150 Wedgewood Lane,,Maple Grove,Hennepin,MN,55369,licensegroup@unfi.com
"SUPERVALU Pharmacies, Inc., (dba) Cub Pharmacy (#1601/674)",PH,261230,Active,04/26/1995,06/30/2026,5301 36th Avenue North,,Crystal,Hennepin,MN,55422,licensegroup@unfi.com
"SUPERVALU Pharmacies, Inc., (dba) Cub Pharmacy (#1602/756)",PH,261996,Active,01/22/2001,06/30/2026,1021 15th Avenue Se,,Rochester,Olmsted,MN,55904,licensegroup@unfi.com
"SUPERVALU Pharmacies, Inc., (dba) Cub Pharmacy (#1603/653)",PH,261071,Active,12/01/1993,06/30/2026,615 West Central Entrance,,Duluth,St Louis,MN,55811,licensegroup@unfi.com
"SUPERVALU Pharmacies, Inc., (dba) Cub Pharmacy (#1606/734)",PH,261974,Active,12/11/2000,06/30/2026,1800 Madison Avenue,,Mankato,Blue Earth,MN,56001,licensegroup@unfi.com
"SUPERVALU Pharmacies, Inc., (dba) Cub Pharmacy (#1607/704)",PH,261654,Active,03/12/1999,06/30/2026,2201 First Street South,,Willmar,Kandiyohi,MN,56201,kayli.l.mccann@cub.com
"SUPERVALU Pharmacies, Inc., (dba) Cub Pharmacy (#1630/712)",PH,261668,Active,05/07/1999,06/30/2026,246 57th Ave NE,,Fridley,Anoka,MN,55432,licensegroup@unfi.com
"SUPERVALU Pharmacies, Inc., (dba) Cub Pharmacy (#1633/709)",PH,261670,Active,05/22/1999,06/30/2026,4445 Nathan Lane,,Plymouth,Hennepin,MN,55442,licensegroup@unfi.com
"SUPERVALU Pharmacies, Inc., (dba) Cub Pharmacy (#1649/732)",PH,262021,Active,05/14/2001,06/30/2026,2600 Rice Creek Road,,New Brighton,Ramsey,MN,55112,licensegroup@unfi.com
"SUPERVALU Pharmacies, Inc., (dba) Cub Pharmacy (#1651/744)",PH,262023,Active,07/23/2001,06/30/2026,3784 150th Street,,Rosemount,Dakota,MN,55068,licensegroup@unfi.com
"SUPERVALU Pharmacies, Inc., (dba) Cub Pharmacy (#1653/758)",PH,262027,Active,08/17/2001,06/30/2026,1200 South Riverfront Drive,,Mankato,Blue Earth,MN,56001,licensegroup@unfi.com
"SUPERVALU Pharmacies, Inc., (dba) Cub Pharmacy (#1915/627)",PH,260768,Active,04/23/1991,06/30/2026,2001 South Robert Street,,West St Paul,Dakota,MN,55118,licensegroup@unfi.com
"SUPERVALU Pharmacies, Inc., (dba) Cub Pharmacy (#1920/671)",PH,261263,Active,07/12/1995,06/30/2026,5937 Nicollet Avenue,,Minneapolis,Hennepin,MN,55419,licensegroup@unfi.com
"SUPERVALU Pharmacies, Inc., (dba) Cub Pharmacy (#1923/686)",PH,261405,Active,02/26/1997,06/30/2026,6775 York Avenue South,,Edina,Hennepin,MN,55435,licensegroup@unfi.com
"SUPERVALU Pharmacies, Inc., (dba) Cub Pharmacy (#1924/690)",PH,261679,Active,05/12/1999,06/30/2026,3620 Texas Avenue South,,St Louis Park,Hennepin,MN,55426,licensegroup@unfi.com
"SUPERVALU Pharmacies, Inc., (dba) Cub Pharmacy (#1925/695)",PH,261856,Active,01/12/2000,06/30/2026,3245 County Road 10,,Brooklyn Center,Hennepin,MN,55429-4525,licensegroup@unfi.com
"SUPERVALU Pharmacies, Inc., (dba) Cub Pharmacy (#1931/710)",PH,261667,Active,05/28/1999,06/30/2026,8421 Lyndale Avenue South,,Bloomington,Hennepin,MN,55420,licensegroup@unfi.com
"SUPERVALU Pharmacies, Inc., (dba) Cub Pharmacy (1629/679)",PH,261414,Active,03/19/1997,06/30/2026,3930 Silver Lake Road,,St Anthony,Hennepin,MN,55421,licensegroup@unfi.com
"SUPERVALU Pharmacies, Inc., (dba) Cub Pharmacy (1921/678)",PH,261380,Active,10/09/1996,06/30/2026,8432 Tamarack Village,,Woodbury,Dakota,MN,55125,licensegroup@unfi.com
"SUPERVALU Pharmacies, Inc., (dba) Cub Pharmacy (1929/703)",PH,261595,Active,01/08/1999,06/30/2026,1008 Highway 55 East,,Buffalo,Wright,MN,55313,licensegroup@unfi.com
"Sward-Kemp Drug Co., Inc",PH,266293,Active,03/01/2021,06/30/2026,101 Caring Way,,Redwood Falls,Redwood,MN,56283,swardkempdrug@gmail.com
"Sweetgrass Pharmacy Carolina Park, LLC (dba) Sweetgrass Pharmacy Carolina Park",PH,267094,Active,02/20/2025,06/30/2026,3485 Park Ave Blvd,,Mt. Pleasant,,SC,29466,licensing@sweetgrasspharmacy.com
"Synergen Rx, LLC",PH,266509,Active,02/28/2022,06/30/2026,3990 Flowers Rd,Ste 530,Doraville,,GA,30360,jonathan.personius@synergenrx.com
Synergy Apothecary LLC (dba) Synergy Apothecary,PH,267145,Active,06/17/2025,06/30/2026,10101 W. Innovation Drive,Suite 600,Wauwatosa,,WI,53226,pharmacy@synergyapothecary.com
"Tabula Rasa HealthCare Group, Inc. (dba) CareKinesis",PH,265109,Active,07/18/2016,06/30/2026,228 Strawbridge Dr,Suite 200,Moorestown,,NJ,08057,mwr-mor@trhc.com
Tampa Pharmacy 13 LLC (dba) Tampa Specialty Pharmacy,PH,266606,Active,06/24/2022,06/30/2026,5908 Breckenridge Parkway,,Tampa,,FL,33610,licensing@rxplusmanagement.com
"Tarrytown Expocare IL, LLC",PH,266500,Active,02/08/2022,06/30/2026,8145 River Dr,Ste 106,Morton Grove,,IL,60053,licensing@tarrytownexpocare.com
Tarrytown Expocare LLC,PH,265969,Active,11/13/2019,06/30/2026,8500 Shoal Creek Blvd,Bldg 1,Austin,,TX,78757,licensing@tarrytownexpocare.com
Taylors Pharmacy LLC,PH,266953,Active,07/16/2024,06/30/2026,1021 W Fairbanks Ave,,Winter Park,,FL,32789,taylorslicensing@revelationpharma.com
TC Script LLC,PH,267049,Active,12/05/2024,06/30/2026,8275 N Pima Rd,Suite 1,Scottsdale,,AZ,85258,tc_script@mercalis.com
Telecare Pharmacy LLC,PH,266299,Active,03/11/2021,06/30/2026,324 Peterson Rd,,Libertyville,,IL,60048,nasirs@telecarepharma.com
"TelyRX Dallas, LLC (dba) TelyRX",PH,267148,Active,06/23/2025,06/30/2026,"8113 Ridgepoint Drive, Ste. 214",,Irving,,TX,75063,licensing@telyrx.com
"TelyRx, LLC (dba) TelyRx",PH,267154,Active,07/09/2025,06/30/2026,24761 US HWY 19 ,,Clearwater,,FL,33761,licensing@telyrx.com
"The Aliveness Project, Inc. (dba) THRIVE Rx",PH,267047,Active,11/18/2024,06/30/2026,3808 Nicollet Avenue,,Minneapolis,Hennepin,MN,55409,thriverx@aliveness.org
"The Art Of Medicine, LLC (dba) The Art of Medicine",PH,267071,Active,01/08/2025,06/30/2026,1335 Mt Vernon Street,,Philadelphia,,PA,19123,compliance@theartofmed.com
The City of Ortonville (dba) Ortonville Area Health Services,PH,200538,Active,06/26/1975,06/30/2026,450 Eastvold Avenue,,Ortonville,Big Stone,MN,56278,teresa.escher@oahs.us
The Compounding Pharmacy of America,PH,266441,Active,10/12/2021,06/30/2026,7240 Kingston Pike,Suite 136,Knoxville,,TN,37919,matthew@compoundingrxusa.com
The Cook Hospital (dba) Cook Hospital & Care Center,PH,260751,Active,12/14/1990,06/30/2026,10 South 5th Street East,,Cook,St Louis,MN,55723,tdebevec@cookhospital.org
The Drugstore at O'Bleness (dba) TheDrugstore on East State Street,PH,267007,Active,09/13/2024,06/30/2026,934 East State St,,Athens,,OH,45701,info@thedrugstoreoneaststate.com
"The Duluth Clinic, Ltd (dba) Essentia Health Duluth 2nd Street Pharmacy",PH,266729,Active,06/05/2023,06/30/2026,402 E 2nd Street,Suite 6320,Duluth,St Louis,MN,55805,AmbulatoryPharmacyServices@EssentiaHealth.org
"The Duluth Clinic, Ltd. (dba) Essentia Health Deer River Pharmacy",PH,266746,Active,07/01/2023,06/30/2026,"2 Division Street, Suite A",PO Box 38,Deer River,Itasca,MN,56636,AmbulatoryPharmacyServices@EssentiaHealth.org
"The Duluth Clinic, Ltd. (dba) Essentia Health Duluth 1st Street Pharmacy",PH,266747,Active,07/01/2023,06/30/2026,420 East 1st Street,Suite A,Duluth,St Louis,MN,55805,AmbulatoryPharmacyServices@EssentiaHealth.org
"The Duluth Clinic, Ltd. (dba) Essentia Health Duluth 3rd Street Pharmacy",PH,266748,Active,07/01/2023,06/30/2026,400 East 3rd Street,Suite A,Duluth,St Louis,MN,55805,AmbulatoryPharmacyServices@EssentiaHealth.org
"The Duluth Clinic, Ltd. (dba) Essentia Health Ely Pharmacy",PH,266749,Active,07/01/2023,06/30/2026,1500 E Sheridan Street,Suite 100,Ely,St Louis,MN,55731,AmbulatoryPharmacyServices@EssentiaHealth.org
"The Duluth Clinic, Ltd. (dba) Essentia Health Grand Rapids Pharmacy",PH,266750,Active,07/01/2023,06/30/2026,1542 Golf Course Rd,Ste 205,Grand Rapids,Itasca,MN,55744,AmbulatoryPharmacyServices@EssentiaHealth.org
"The Duluth Clinic, Ltd. (dba) Essentia Health Hermantown Pharmacy",PH,266751,Active,07/01/2023,06/30/2026,4855 W. Arrowhead Road,Suite A,Hermantown,St Louis,MN,55811,AmbulatoryPharmacyServices@EssentiaHealth.org
"The Duluth Clinic, Ltd. (dba) Essentia Health Hibbing Pharmacy",PH,266752,Active,07/01/2023,06/30/2026,730 East 34th Street,Suite A,Hibbing,St Louis,MN,55746,AmbulatoryPharmacyServices@EssentiaHealth.org
"The Duluth Clinic, Ltd. (dba) Essentia Health Hinckley Pharmacy",PH,266975,Active,08/08/2024,06/30/2027,45 Lady Luck DR,,Hinckley,Pine,MN,55037,AmbulatoryPharmacyServices@EssentiaHealth.org
"The Duluth Clinic, Ltd. (dba) Essentia Health International Falls Pharmacy",PH,266753,Active,07/01/2023,06/30/2026,2501 Keenan Drive,Suite A,International Falls,Koochiching,MN,56649,AmbulatoryPharmacyServices@EssentiaHealth.org
"The Duluth Clinic, Ltd. (dba) Essentia Health Lakeside Pharmacy",PH,266754,Active,07/01/2023,06/30/2026,4621 E. Superior St.,Suite A,Duluth,St Louis,MN,55804,AmbulatoryPharmacyServices@EssentiaHealth.org
"The Duluth Clinic, Ltd. (dba) Essentia Health Lakewalk Pharmacy",PH,266755,Active,07/01/2023,06/30/2026,1502 London Rd.,Suite 101,Duluth,St Louis,MN,55812,AmbulatoryPharmacyServices@EssentiaHealth.org
"The Duluth Clinic, Ltd. (dba) Essentia Health Miller Hill Pharmacy",PH,266756,Active,07/01/2023,06/30/2026,1600 Miller Trunk Highway,"Bulding D, Ste 102",Duluth,St Louis,MN,55811,AmbulatoryPharmacyServices@EssentiaHealth.org
"The Duluth Clinic, Ltd. (dba) Essentia Health Prescription Service Center",PH,266757,Active,07/01/2023,06/30/2026,204 Belknap St.,Suite 300,Superior,,WI,54880,AmbulatoryPharmacyServices@EssentiaHealth.org
"The Duluth Clinic, Ltd. (dba) Essentia Health Silver Bay Pharmacy",PH,266758,Active,07/01/2023,06/30/2026,99 Edison Blvd,Ste L,Silver Bay,Lake,MN,55614,AmbulatoryPharmacyServices@EssentiaHealth.org
"The Duluth Clinic, Ltd. (dba) Essentia Health Specialty Pharmacy",PH,266759,Active,07/01/2023,06/30/2026,204 Belknap Street,Suite 200,Superior,,WI,54880,AmbulatoryPharmacyServices@EssentiaHealth.org
"The Duluth Clinic, Ltd. (dba) Essentia Health Superior Belknap Pharmacy",PH,266760,Active,07/01/2023,06/30/2026,204 Belknap St,Ste 100,Superior,,WI,54880,AmbulatoryPharmacyServices@EssentiaHealth.org
"The Duluth Clinic, Ltd. (dba) Essentia Health Two Harbors Pharmacy",PH,266761,Active,07/01/2023,06/30/2026,802 11th St,Ste C,Two Harbors,Lake,MN,55616,AmbulatoryPharmacyServices@EssentiaHealth.org
"The Duluth Clinic, Ltd. (dba) Essentia Health Virginia Pharmacy",PH,266762,Active,06/28/2023,06/30/2026,1101 9th Street North,Suite A,Virginia,St Louis,MN,55792,AmbulatoryPharmacyServices@EssentiaHealth.org
"The Duluth Clinic, Ltd. (dba) Essentia Health West Duluth Pharmacy",PH,266763,Active,06/28/2023,06/30/2026,4212 Grand Avenue,Suite A,Duluth,St Louis,MN,55807,AmbulatoryPharmacyServices@EssentiaHealth.org
The Ely Community Pharmacy,PH,262191,Active,08/01/2002,06/30/2026,328 West Conan Street,,Ely,St Louis,MN,55731,nsperry@EBCH.ORG
The Kroger Co (dba) Kroger Columbus Central Fill,PH,264377,Active,04/01/2014,06/30/2026,2270 Rickenbacker Parkway W,,Columbus,,OH,43217,hvpccflicenses@kroger.com
The Kroger Co (dba) Kroger Pharmacy #011,PH,266667,Active,11/04/2022,06/30/2027,301 Logistics Avenue,Suite 200,Jeffersonville,,IN,47130,nathan.phillips@kroger.com
The Nebraska Medical Center (dba) Nebraska Medicine HUB Pharmacy,PH,266742,Active,06/20/2023,06/30/2026,770 N 114th St,,Omaha,,NE,68154,rxlicensing@nebraskamed.com
The Nebraska Medical Center Clinic Pharmacy,PH,264831,Active,09/17/2015,06/30/2026,989200 Nebraska Medical Center,,Omaha,,NE,68198-9200,rxlicensing@nebraskamed.com
The Pharmacy Hub 2 LLC,PH,267284,Active,11/24/2025,06/30/2026,2750 Bridge Way,Building # 2 Suite #180,Davie,,FL,33314,ken2@tphrx.com
The Pharmacy Hub LLC,PH,266596,Active,06/21/2022,06/30/2026,15600 NW 15th Ave.,Suite C,Miami,,FL,33169,ken@thepharmacyhub.com
The Saint Cloud Hospital (dba) Hospital Pharmacy,PH,200440,Active,06/19/1975,06/30/2026,1406 6th Avenue North,,St Cloud,Stearns,MN,56303,mahowaldja@centracare.com
The Saint Cloud Hospital (dba) St. Cloud Hospital Infusion Pharmacy,PH,262071,Active,11/14/2001,06/30/2026,"1900 Centracare Circle, Suite 1600",,St Cloud,Stearns,MN,56303,kuhlmanbi@centracare.com
The Salvation Army,PH,263620,Active,12/10/2010,06/30/2026,"120 North Broadway, Suite B",,Rochester,Olmsted,MN,55906,schultz.jessica2@mayo.edu
The Transplant Pharmacy LLC  (dba) CareDx Pharmacy,PH,266865,Active,01/02/2024,06/30/2026,630 Lakeland East Drive,Suite B,Flowood,,MS,39232,jgulley@caredx.com
"TheMarshRx, Inc (dba) Guidepoint Pharmacy (#112)",PH,265273,Active,02/13/2017,06/30/2026,600 Sherman Avenue,,Marshall,Lyon,MN,56258,marshallguidepoint@gmail.com
"TheraCom, LLC (dba) TheraCom",PH,266150,Active,08/10/2020,06/30/2026,"Theracom, Llc","345 International Blvd, Suite 200",Brooks,,KY,40109,jchicoli@amerisourcebergen.com
Thesis Pharmacy LLC (dba) Thesis Pharmacy,PH,267329,Active,01/21/2026,06/30/2026,3033 W Parker Rd,Suite 100,Plano,,TX,75023,licensing@thesispharmacy.com
Thies Lombard Pharmacy Inc. (dba) Lombard Pharmacy,PH,265856,Active,05/15/2019,06/30/2026,211 S. Main St.,,Lombard,,IL,60148,info@lombardpharmacy.com
Thousand Oaks Healthcare LLC (dba) Rite Away Pharmacy & Medical Supply,PH,267355,Active,03/02/2026,06/30/2026,2130 THousand Oaks Drive,Ste 110,San Antonio,,TX,78232,Riteawaytoh@gmail.com
Thrifty Drug Stores Inc. (dba) Thrifty White Drug #729,PH,259983,Active,11/01/1982,06/30/2026,206 North Main Street,,Crookston,Polk,MN,56716,licensing2@thriftywhite.com
Thrifty Drug Stores Inc. (dba) Thrifty White Drug #755,PH,262466,Active,06/07/2004,06/30/2026,205 6th Avenue,,Madison,Lac qui Parle,MN,56256,licensing2@thriftywhite.com
Thrifty Drug Stores Inc. (dba) Thrifty White Drug #758,PH,262631,Active,06/07/2005,06/30/2026,18 South Marshall Avenue,,Springfield,Brown,MN,56087,licensing2@thriftywhite.com
Thrifty Drug Stores Inc. (dba) Thrifty White Drug #759,PH,262688,Active,11/30/2005,06/30/2026,319 West Main Street,,Ada,Norman,MN,56510,licensing2@thriftywhite.com
Thrifty Drug Stores Inc. (dba) Thrifty White Drug #760,PH,262711,Active,01/25/2006,06/30/2026,760 Prentice Street,,Granite Falls,Yellow Medicine,MN,56241,licensing2@thriftywhite.com
Thrifty Drug Stores Inc. (dba) Thrifty White Drug (#736),PH,261151,Active,07/26/1994,06/30/2026,201 North Horace Avenue,,Thief River Falls,Pennington,MN,56701,licensing2@thriftywhite.com
Thrifty Drug Stores Inc. (dba) Thrifty White Pharmacy #727,PH,259904,Active,10/26/1981,06/30/2026,223 State Street N,,Waseca,Waseca,MN,56093,licensing2@thriftywhite.com
Thrifty Drug Stores Inc. (dba) Thrifty White Pharmacy #728,PH,259930,Active,01/14/1982,06/30/2026,1105 S Pokegama Ave,,Grand Rapids,Itasca,MN,55744,licensing2@thriftywhite.com
Thrifty Drug Stores Inc. (dba) Thrifty White Pharmacy #734,PH,261136,Active,07/12/1994,06/30/2026,1484 W Lincoln Ave,,Fergus Falls,Otter Tail,MN,56537,licensing2@thriftywhite.com
Thrifty Drug Stores Inc. (dba) Thrifty White Pharmacy #735,PH,261135,Active,07/12/1994,06/30/2026,111 W Vernon Ave,,Fergus Falls,Otter Tail,MN,56537,licensing2@thriftywhite.com
Thrifty Drug Stores Inc. (dba) Thrifty White Pharmacy #738,PH,265695,Active,11/12/2018,06/30/2026,209 Washington Street,,Brainerd,Crow Wing,MN,56401,licensing2@thriftywhite.com
Thrifty Drug Stores Inc. (dba) Thrifty White Pharmacy #741,PH,261920,Active,10/05/2000,06/30/2026,3517 E Beltline,,Hibbing,St Louis,MN,55746,licensing2@thriftywhite.com
Thrifty Drug Stores Inc. (dba) Thrifty White Pharmacy #742,PH,262006,Active,03/20/2001,06/30/2026,3 Highway 28 East,,Morris,Stevens,MN,56267,licensing2@thriftywhite.com
Thrifty Drug Stores Inc. (dba) Thrifty White Pharmacy #746,PH,262270,Active,02/04/2003,06/30/2026,31 Main Ave N,,Bagley,Clearwater,MN,56621,licensing2@thriftywhite.com
Thrifty Drug Stores Inc. (dba) Thrifty White Pharmacy #752,PH,262337,Active,08/20/2003,06/30/2026,211 South Main St,P.O. Box 457,Mahnomen,Mahnomen,MN,56557,licensing2@thriftywhite.com
Thrifty Drug Stores Inc. (dba) Thrifty White Pharmacy #754,PH,262429,Active,04/26/2004,06/30/2026,60 Arrowhead Ln,,Moose Lake,Carlton,MN,55767,licensing2@thriftywhite.com
Thrifty Drug Stores Inc. (dba) Thrifty White Pharmacy #767,PH,262936,Active,01/17/2007,06/30/2026,127 2nd Ave SW,,Milaca,Mille Lacs,MN,56353,licensing2@thriftywhite.com
Thrifty Drug Stores Inc. (dba) Thrifty White Pharmacy #769,PH,263171,Active,04/16/2008,06/30/2026,2409 Hannah Ave NW,,Bemidji,Beltrami,MN,56601,licensing2@thriftywhite.com
Thrifty Drug Stores Inc. (dba) Thrifty White Pharmacy #770,PH,263195,Active,06/12/2008,06/30/2026,724 Highway 7 E,,Montevideo,Chippewa,MN,56265,licensing2@thriftywhite.com
Thrifty Drug Stores Inc. (dba) Thrifty White Pharmacy #772,PH,263225,Active,08/13/2008,06/30/2026,707 Lundorff Drive South,Suite 2,Sandstone,Pine,MN,55072,licensing2@thriftywhite.com
Thrifty Drug Stores Inc. (dba) Thrifty White Pharmacy #774,PH,263332,Active,02/17/2009,06/30/2026,2622 Broadway Avenue,P.O. Box 87,Slayton,Murray,MN,56172,licensing2@thriftywhite.com
"Thrifty Drug Stores, Inc (dba) Thrifty White Pharmacy (#780)",PH,263766,Active,09/13/2011,06/30/2026,310 Lake St,P.O. Box 450,Warroad,Roseau,MN,56763,licensing2@thriftywhite.com
"Thrifty Drug Stores, Inc. (dba) Thrifty White Drug #750",PH,262300,Active,06/04/2003,06/30/2026,203 Mill Street North,P.O. Box 337,Fertile,Polk,MN,56540,licensing2@thriftywhite.com
"Thrifty Drug Stores, Inc. (dba) Thrifty White Pharmacy",PH,267361,Active,03/16/2026,06/30/2026,417 8th Ave NE,,Brainerd,Crow Wing,MN,56401,licensing2@thriftywhite.com
"Thrifty Drug Stores, Inc. (dba) Thrifty White Pharmacy #748",PH,266969,Active,08/06/2024,06/30/2026,216 Seventh St S,PO Box 1267,Walker,Cass,MN,56484,Licensing2@thriftywhite.com
"Thrifty Drug Stores, Inc. (dba) Thrifty White Pharmacy #756",PH,262514,Active,09/10/2004,06/30/2026,101 Cleveland Avenue East,P.O. Box 197,Karlstad,Kittson,MN,56732,Licensing2@thriftywhite.com
"Thrifty Drug Stores, Inc. (dba) Thrifty White Pharmacy #762",PH,266599,Active,08/10/2022,06/30/2026,6701 Evenstad Dr,Ste 200,Maple Grove,Hennepin,MN,55369,licensing@thriftywhite.com
"Thrifty Drug Stores, Inc. (dba) Thrifty White Pharmacy #768",PH,263065,Active,07/25/2007,06/30/2026,183 North Tyler Street,,Tyler,Lincoln,MN,56178,licensing2@thriftywhite.com
"Thrifty Drug Stores, Inc. (dba) Thrifty White Pharmacy #795",PH,266768,Active,06/30/2023,06/30/2026,421 11th St NW,Ste 100; PO Box 106,Wadena,Wadena,MN,56482,licensing2@thriftywhite.com
"Thrifty Drug Stores, Inc. (dba) Thrifty White Pharmacy (#740)",PH,261880,Active,05/01/2000,06/30/2026,105 International Dr #102,,Red Lake Falls,Red Lake,MN,56750,licensing2@thriftywhite.com
"Thrifty Drug Stores, Inc. (dba) Thrifty White Pharmacy (#776)",PH,263474,Active,01/26/2010,06/30/2026,400 Main Street,,Cold Spring,Stearns,MN,56320,licensing2@thriftywhite.com
"Thrifty Drug Stores, Inc. (dba) Thrifty White Pharmacy (#778)",PH,263601,Active,10/19/2010,06/30/2026,321 Jefferson St N,,Wadena,Wadena,MN,56482,licensing2@thriftywhite.com
"Thrifty Drug Stores, Inc. (dba) Thrifty White Pharmacy (#779)",PH,263633,Active,12/23/2010,06/30/2026,112A Main St S,,Pierz,Morrison,MN,56364,licensing2@thriftywhite.com
"Thrifty Drug Stores, Inc. (dba) Thrifty White Pharmacy (#781 )",PH,265815,Active,04/15/2019,06/30/2026,50 Minnesota Ave,,Breckenridge,Wilkin,MN,56520,licensing2@thriftywhite.com
"Thrifty Drug Stores, Inc. (dba) Thrifty White Pharmacy (#783)",PH,264496,Active,07/01/2014,06/30/2026,36 South Broadway,P.O. Box 65,Wells,Faribault,MN,56097,licensing2@thriftywhite.com
"Thrifty Drug Stores, Inc. (dba) Thrifty White Pharmacy (#787)",PH,265182,Active,10/18/2016,06/30/2026,246 Elm St W,,Annandale,Wright,MN,55302,licensing2@thriftywhite.com
"Thrifty Drug Stores, Inc. (dba) Thrifty White Pharmacy (#788)",PH,265315,Active,04/19/2017,06/30/2026,2410 S Pokegama Ave,,Grand Rapids,Itasca,MN,55744,licensing2@thriftywhite.com
"Thrifty Drug Stores, Inc. (dba) Thrifty White Pharmacy (#789)",PH,265416,Active,09/14/2017,06/30/2026,1703 Madison Ave,,Mankato,Blue Earth,MN,56001,licensing2@thriftywhite.com
"Thrifty Drug Stores, Inc. (dba) Thrifty White Pharmacy (#791)",PH,265503,Active,02/06/2018,06/30/2026,111 N Main Ave,P.O. Box 460,Baudette,Lake of the Woods,MN,56623,licensing2@thriftywhite.com
"Thrifty Drug Stores, Inc. (dba) Thrifty White Pharmacy (#792)",PH,265548,Active,05/01/2018,06/30/2026,221 Kennedy Memorial Dr.,Ste  A,Hoyt Lakes,St Louis,MN,55750,licensing2@thriftywhite.com
"Thrifty Drug Stores, Inc. (dba) Thrifty White Pharmacy (#793)",PH,265834,Active,05/22/2019,06/30/2026,1460 Montreal St. SE,,Hutchinson,McLeod,MN,55350,licensing2@thriftywhite.com
"Thrifty Drug Stores, Inc. (dba) Thrifty White Pharmacy (#794)",PH,266400,Active,07/29/2021,06/30/2026,1805 Minnesota Ave,Suite 2,Benson,Swift,MN,56215,licensing2@thriftywhite.com
"Thrifty Drug Stores, Inc. (dba)Thrifty White Pharmacy (#786) ",PH,265196,Active,11/07/2016,06/30/2026,2018 15th St NW,,Rochester,Olmsted,MN,55901,licensing2@thriftywhite.com
"Thrifty Drug Stores, Inc. (dba)Thrifty White Pharmacy (#790) ",PH,265491,Active,01/30/2018,06/30/2026,105 1st St S,,Olivia,Renville,MN,56277,licensing2@thriftywhite.com
"Tiberius, Inc. (dba) Custom Scripts Pharmacy",PH,261949,Active,10/18/2000,06/30/2026,27732 Cashford Circle,,Wesley Chapel,,FL,33544,melissa.custom.rx@gmail.com
"Tidewater Pharmacy and Medical Supply, LLC (dba) Tidewater Pharmacy and Compounding",PH,267119,Active,04/18/2025,06/30/2026,"421 Johnnie Dodds Blvd., Ste. 100",,Mount Pleasant,,SC,29464,tidewaterpharmacymedical@gmail.com
"Tomeldon Co., Inc (dba) Pharmacy Solutions",PH,266296,Active,03/02/2021,06/30/2026,1921 W. Pioneer Parkway,,Arlington,,TX,76013,james@rxcompound.com
Total Care Pharmacy,PH,264864,Active,01/20/2016,06/30/2026,7221 University Ave,,Fridley,Anoka,MN,55432,dan@ipsolutions.org
"Total Care Rx, Inc. (dba) World's Fair Pharmacy",PH,266223,Active,11/05/2020,06/30/2026,223-10 Union Turnpike,,Oakland Gardens,,NY,11364,adminlevel2@totalcarerx.com
"Total Vein Pharmacy, LLC (dba) AlleReach Pharmacy",PH,266203,Active,10/08/2020,06/30/2026,7920 Elmbrook Drive,Suite 108,Dallas,,TX,75247,compliance@allereach.com
"Town & Country Compounding and Consultation Services, LLC (dba) Town & Country Compounding",PH,266351,Active,06/08/2021,06/30/2026,535 E Crescent Ave,,Ramsey,,NJ,07446,jdonato@tccompund.com
"Town Total Compounding Centers, LLC",PH,266868,Active,01/02/2024,06/30/2026,415 Crossways Park Dr,Suite B,Woodbury,,NY,11797,info@towntotalcompound.com
Towncrest Compounding LLC (dba) Towncrest Wellness Apothecary,PH,267334,Active,01/21/2026,06/30/2026,901 S 1st Ave,,Iowa City,,IA,52240,hello@towncrest.com
"Tradeline SH, Inc. (dba) Logos Pharmacy",PH,267202,Active,09/16/2025,06/30/2026,7543 W Waters Ave,,Tampa ,,FL,33615,info@logospharmacy.org
Transdermal Therapeutics Inc.,PH,263869,Active,04/30/2012,06/30/2026,"211 Summit Pkwy, Suite 126",,Homewood,,AL,35209,info@transdermalinc.com
"Transdermal Therapeutics, Inc. (dba) Transdermal Therapeutics",PH,267182,Active,08/15/2025,06/30/2026,210 Wildwood Parkway,Suite 003,Homewood,,AL,35209,info@transdermaline.com
"Transition Pharmacy Services, LLC (dba) Transition Pharmacy",PH,267325,Active,01/12/2026,06/30/2026,100 Corporate Drive,Suite 2,Montgomeryville,,PA,18936,Transitionrx@comcast.net
"Tri-Unity Infusion Services, LLC",PH,266602,Active,06/24/2022,06/30/2026,447 S Whittaker St.,,New Buffalo,,MI,49117,info@tri-unity.net
"Tria Pharmacy, LLC",PH,266960,Active,07/29/2024,06/30/2026,7687 Washington Ave S,,Minneapolis,Hennepin,MN,55439,trialtcpharmacy@gmail.com
Triad RX Buyer LLC (dba) Triad Rx,PH,267188,Active,09/09/2025,06/30/2026,26258 Pollard Road,,Daphne,,AL,36526,stacey@triadrx.com
"Triangle Compounding Pharmacy, Inc",PH,265285,Active,02/24/2017,06/30/2026,"3700 Regency Pkwy, Suite 140",,Cary,,NC,27518,info@trianglecompounding.com
"Trinity Health Pharmacy Services, LLC",PH,266265,Active,01/20/2021,06/30/2026,12279 Bluffton Rd,,Fort Wayne,,IN,46809,pharmacyservices@trinity-health.org
Trinity Pharmacy LLC,PH,267126,Active,05/12/2025,06/30/2026,1166 Red Fox Road,Ste. 1166,Arden Hills,Ramsey,MN,55112,danb@trinityrx.org
"Truax Patient Services, LLC (dba) Truax Patient Services",PH,267315,Active,01/02/2026,06/30/2026,1112 Railroad St SE,Ste 4,Bemidji,Beltrami,MN,56601,compliance.truax@gmail.com
"True North Health Pharmacy, Inc (dba) Vivo Health Pharmacy At CFAM",PH,267189,Active,09/12/2025,06/30/2026,450 Lakeville Rd,,Lake Success,,NY,11042,Vivo.CFAM@northwell.edu
Truepill NY LLC (dba) FuzeRx Brooklyn,PH,265958,Active,11/07/2019,06/30/2026,850 3rd Ave,Suite 404,Brooklyn,,NY,11232,rx.compliance@fuzehealth.com
Trumm Drug Inc (dba) Trumm Drug Clinic Pharmacy,PH,265502,Active,02/05/2018,06/30/2026,610 30th Ave W,,Alexandria,Douglas,MN,56308,tdcp@trummdrug.com
"Trumm Drug, Inc. (dba) Trumm Drug Downtown",PH,265492,Active,01/31/2018,06/30/2026,600 Fillmore St,,Alexandria,Douglas,MN,56308,finl0010@umn.edu
"Trumm Drug, Inc. (dba) Trumm Drug Elbow Lake",PH,265493,Active,01/31/2018,06/30/2026,11 Central Ave S,,Elbow Lake,Grant,MN,56531,tdel@runestone.net
"Trumm Drug, Inc. (dba) Trumm Drug Glenwood",PH,265495,Active,01/31/2018,06/30/2026,7 Fourth Ave SE,,Glenwood,Pope,MN,56334,cjpedey@gmail.com
"Trumm Drug, Inc. (dba) Trumm Drug Parkers Prairie",PH,265494,Active,01/31/2018,06/30/2026,114 E Soo St,,Parkers Prairie,Otter Tail,MN,56361,tdpp@midwestinfo.net
TRUSTEDMEDRX LLC,PH,267009,Active,09/13/2024,06/30/2026,1200 S. ROGERS CIRCLE,#4A,Boca Raton,,FL,33487,RPH@Trustedmedrx.com
Turner Rx Inc. (dba) Special T Rx,PH,266022,Active,03/02/2020,06/30/2026,702 Buffaloville Rd,,Dale,,IN,47523,greg@specialtrx.com
"TwelveStone Medical, Inc. (dba) TwelveStone Medical",PH,265617,Active,07/12/2018,06/30/2026,352 W. Northfield Blvd. Ste 3A,,Murfreesboro,,TN,37129,compliance@12stonehealth.com
"Twin Valley Pharmacy, LLC (dba) Twin Valley Pharmacy",PH,265177,Active,11/01/2016,06/30/2026,120 Main Ave W,P.O. Box 427,Twin Valley,Norman,MN,56584,nkkruger@arvig.net
U Of I Hospitals & Clinics Ambulatory Care Pharmacy,PH,265267,Active,02/13/2017,06/30/2026,"200 Hawkins Dr, Room Cc101-Gh",,Iowa City,,IA,52242,lisa-mascardo@uiowa.edu
U&Me Pharmacy LLC (dba) Southern Star Pharmacy,PH,266532,Active,03/15/2022,06/30/2026,6101 Windhaven Parkway,Ste 125,Plano,,TX,75093,info@southernstarrx.com
"Undefined Pharmacy, LLC (dba) Undefined Pharmacy",PH,266888,Active,02/21/2024,06/30/2026,266 King George Road,Suite C-2,Warren,,NJ,07059,info@undefinedrx.com
Union Pacific Railroad Employes Health Systems (dba) Depot Drug,PH,265146,Active,08/25/2016,06/30/2026,"1040 N 2200 W, Suite 200",,Salt Lake City,,UT,84116,pharmacy@depotdrug.com
United Community Pharmacy Corporation,PH,267150,Active,06/27/2025,06/30/2026,2500 New Brighton Blvd.,Suite 105,St Anthony,Hennepin,MN,55418,davidy@ucpharmacy.net
United Family Practice Health Center (dba) Riverland Community Health Center,PH,266727,Active,07/28/2023,06/30/2026,1026 West 7th Street,,St Paul,Ramsey,MN,55102,pharmacy@unitedfamillymedicine.org
"United Hospital District, Inc.",PH,264611,Active,01/01/2015,06/30/2026,515 S Moore St,,Blue Earth,Faribault,MN,56013,jbuseman@uhd.org
Unity Family Healthcare (dba) CHI St. Gabriel`s Health,PH,201045,Active,07/17/1975,06/30/2026,815 2nd Street SE,,Little Falls,Morrison,MN,56345,heather.rodriguez@commonspirit.org
Unity Point At Home,PH,265172,Active,10/07/2016,06/30/2026,11333 Aurora Ave,,Urbandale,,IA,50322,abby.ratzlaff@unitypoint.org
"Universal Arts Pharmacy, Inc. (dba) Universal Arts Compounding Pharmacy",PH,266744,Active,06/20/2023,06/30/2026,14350 NW 56th Ct,Unit 114,Opa Locka,,FL,33054,tharrold@uaprx.com
"Universal Pharmacy Services, LLC (dba) Apovia Pharmacy Services",PH,266562,Active,05/03/2022,06/30/2026,313 Henderson Drive,,Sharon Hill,,PA,19079,enyakoe@apoviarx.com
University of Chicago Medical Center (dba) UCMC Pharmacy Services,PH,266822,Active,09/26/2023,06/30/2026,1551 Huntington Drive,Suite B,Calumet City,,IL,60409,centralfillpharm@uchicagomedicine.org
University Of Chicago Medical Center (dba) University Of Chicago Dcam Outpatient Pharmacy,PH,265257,Active,01/23/2017,06/30/2026,"5758 S. Maryland Ave, Mc 9041",,Chicago,,IL,60637,ambulatorypharmacy@uchospitals.edu
University of Kentucky (dba) UK Specialty Pharmacy,PH,267181,Active,08/12/2025,06/30/2026,531 Wellington Way,,Lexington,,KY,40503,specialtypharmacy@uky.edu
University of Wisconsin Hospitals and Clinics Authority (dba) UW Health Pharmacy Services,PH,265705,Active,11/09/2018,06/30/2026,3185 Deming Way,,Middleton,,WI,53562,abaeten@uwhealth.org
University Pharmacy Inc. (dba) University Pharmacy,PH,262676,Active,10/14/2005,06/30/2026,1320 East 200 South,,Salt Lake City,,UT,84102,office@universitypharmacy.com
"University Rx Specialists, Inc.",PH,266918,Active,05/22/2024,06/30/2026,1875 Third Avenue,,San Diego,,CA,92101,customersupport@ucprx.com
"University Rx Specialists, LLC (dba) University Compounding Pharmacy",PH,267291,Active,11/26/2025,06/30/2026,1875 Third Avenue,,San Diego,,CA,92101,ucplicensing@fagron.com
"UpScript Pharmacy, LLC",PH,266470,Active,12/15/2021,06/30/2026,9826 South Jordan Gateway,,Sandy,,UT,84070,ldimick@upscripthealth.com
Uptown Pharmacy Inc,PH,266776,Active,09/18/2023,06/30/2026,200 W Lake St.,Ste. 126,Minneapolis,Hennepin,MN,55408,uptownpharmacys@gmail.com
UrgentMedRX LLC,PH,267095,Active,02/20/2025,06/30/2026,4901 nw 17th Way,#302,Ft. Lauderdale,,FL,33309,rph@urgentmedrx.com
"US Healthlink, LLC",PH,265259,Active,01/23/2017,06/30/2026,1516 E Hillcrest St #301,,Orlando,,FL,32803,pharmacy@ushealthlink.com
"US Med, LLC",PH,266773,Active,06/30/2023,06/30/2026,8491 NW 17th St,Ste #102,Miami,,FL,33126,licensing@usmed.com
VAKRATUNDA INC (dba) Bergen Pharmacy,PH,265990,Active,12/27/2019,06/30/2026,Vakratunda Inc.,194 Clinton Ave,Newark,,NJ,07108,ap@bergenrx.com
"Valiant Pharmacy Holdings, LLC (dba) Valiant Compounding Pharmacy",PH,266832,Active,09/29/2023,06/30/2026,1274 Anna J Stepp Dr.,,Ypsilanti,,MI,48197,eswidan@valiantrx.com
Valley Markets Incorporated ,PH,262446,Active,04/11/2005,06/30/2026,215 Pennington Avenue,,Thief River Falls,Pennington,MN,56701,pharmacy7@gohugos.com
Valley Markets Incorporated ,PH,262243,Active,12/12/2002,06/30/2026,224 14th Street Ne,,East Grand Forks,Polk,MN,56721,pharmacy5@gohugos.com
Valley Markets Incorporated (dba) Hugo's Family Marketplace,PH,262617,Active,04/21/2005,06/30/2026,1310 University Avenue,,Crookston,Polk,MN,56716,pharmacy4@gohugos.com
"Valley Markets, Incorporated (dba) Hugo's Family Marketplace",PH,266687,Active,12/08/2022,06/30/2026,300 West 1st St,,Fosston,Polk,MN,56542,pharmacy1@gohugos.com
"Valley Veterinary Clinic, LLC (dba) Valley Vet Supply",PH,266475,Active,12/23/2021,06/30/2026,1118 Pony Express Hwy,,Marysville,,KS,66508,pharmacy@valleyvet.com
"Value Specialty Pharmacy, LLC",PH,266955,Active,07/18/2024,06/30/2026,4200 Industrial Park Drive,,Altoona,,PA,16602,Specialtyrx@valuedrugco.com
"Valustar Pharmacy, LLC",PH,266887,Active,02/21/2024,06/30/2026,7501 Fannin St,Suite 900,Houston,,TX,77054,credentialing@biotekrx.com
Vanderbilt Integrated Pharmacy,PH,265180,Active,10/14/2016,06/30/2026,726 Melrose Ave,,Nashville,,TN,37211,pharmacy.contracts@vumc.org
Vanderbilt University Medical Center (dba) Vanderbilt Outpatient Pharmacy,PH,266595,Active,06/17/2022,06/30/2026,1211 Medical Center Dr TVC 1815,,Nashville,,TN,37232,pharmacy.contracts@vumc.org
VDNR Pharmacy LLC (dba) Lifeline Specialty Pharmacy,PH,267031,Active,10/21/2024,06/30/2026,6304 Woodside CT,STE 100,Columbia,,MD,21046,lifelinespecialty@gmail.com
"VectraRx Mail Pharmacy Services, LLC",PH,265793,Active,03/21/2019,06/30/2026,"10860 N. Mavinee Dr, Suite 100",,Oro Valley,,AZ,85737,joanna@vectrapharmacy.com
"VETCARA, L.L.C. (dba) Vet Rx Direct",PH,265665,Active,08/31/2018,06/30/2026,1900 James St,Ste 11,Coralville,,IA,52241,licensing@vetrxdirect.com
Veterinary Enterprises Of Tomorrow  ,PH,266005,Active,01/17/2020,06/30/2026,240 Main St,,Mountain View,,OK,73062,vetenterprises99@yahoo.com
Veterinary Pharmacy Corporation (dba) Veterinary Pharmaceutical Solutions,PH,265989,Active,01/14/2020,06/30/2026,2008 North Sunrise Dr,,St Peter,Nicollet,MN,56082,vpspharmacy@vetpharmsol.com
"Veterinary Provisions, Inc.",PH,263010,Active,04/19/2007,06/30/2026,1700 Cannon Rd,,Northfield,Rice,MN,55057,speterson@vetprovisions.com
"VetPharm, Inc. (dba) BCP Veterinary Pharmacy",PH,263362,Active,04/01/2009,06/30/2026,1614 Webster St,,Houston,,TX,77003,teresa@bcpvetpharm.com
Vibrix Pharmacy LLC,PH,267199,Active,09/16/2025,06/30/2026,384 S 400 W,Ste 200,Lindon,,UT,84042,licensing@vibrixpharmacy.com
"Vidrine Pharmaceutical Group, LLC (dba) Boudreaux's New Drug Store",PH,267088,Active,02/11/2025,06/30/2026,404 E. Prien Lake Rd,,Lake Charles,,LA,70601,jvidrine@bndsrx.com
"Village Fertility Pharmacy, LLC",PH,265405,Active,08/28/2017,06/30/2026,335 Bear Hill Road,Ste 1,Waltham,,MA,02451,jbarry@villagepharmacy.com
Village Lane Apothecary LLC (dba) Village Lane Apothecary,PH,266685,Active,12/01/2022,06/30/2026,"60 Village Lane, Suite 130",,Colleyville,,TX,76034,natalie.patten@villagelanerx.com
VLS Pharmacy Inc.,PH,265438,Active,11/01/2017,06/30/2026,4402 5th Ave,,Brooklyn,,NY,11220,gopeshvls@yahoo.com
"Volunteer Council of St. Peter Regional Treatment Center, Inc.",PH,200815,Active,06/26/1975,06/30/2026,100 Freeman Drive,,St Peter,Nicollet,MN,56082,ryan.j.hansen@state.mn.us
"VRP Partners, LLC (dba) Vanscoy Rare Pharmacy",PH,266970,Active,08/07/2024,06/30/2026,310 Merchant Lane,,Pittsburgh,,PA,15205,licensing@vanscoyrare.com
W & C Apothecary PLC (dba) The Apothecary,PH,263665,Active,03/07/2011,06/30/2026,"165 19th Street S, Suite 102",,Sartell,Stearns,MN,56377,info@theapothecarymn.com
"Wagg Veterinary Corp, Inc (dba) Bandana Rx",PH,266321,Active,05/12/2021,06/30/2026,"Wagg Veterinary Corp, Inc.","5600 Imhoff Dr, Ste E",Concord,,CA,94520,licensing@Bandanarx.com
Wal-Mart Pharmacy #10-1952,PH,261006,Active,04/24/1993,06/30/2026,8450 University Avenue Ne,,Fridley,Anoka,MN,55432,complic@wal-mart.com
Wal-Mart Pharmacy #10-2448,PH,264340,Active,03/12/2014,06/30/2026,9300 East Point Douglas Rd S,,Cottage Grove,Washington,MN,55016,complic@wal-mart.com
"Wal-Mart Stores East, LP (dba) Walmart Pharmacy #10-7611",PH,266842,Active,10/27/2023,06/30/2026,2501 Perry Rd,,Plainfield,,IN,46168,complic@wal-mart.com
"Wal-Mart Stores East, LP. (dba) Walmart Pharmacy #10-5315",PH,266850,Active,11/16/2023,06/30/2026,2354 Commerce Park Dr,,Orlando,,FL,32819,complic@wal-mart.com
Walgreen Co (dba) Walgreens #09633,PH,262706,Active,01/13/2006,06/30/2026,421 Paul Bunyan Drive NW,,Bemidji,Beltrami,MN,56601,taxlicenserenewals@walgreens.com
Walgreen Co (dba) Walgreens (#00828),PH,200881,Active,07/10/1975,06/30/2026,12 West 66th Street,,Richfield,Hennepin,MN,55423,taxlicenserenewals@walgreens.com
Walgreen Co (dba) Walgreens (#06056),PH,261960,Active,11/21/2000,06/30/2026,1965 Donegal Drive,,Woodbury,Dakota,MN,55125,taxlicenserenewals@walgreens.com
Walgreen Co. (dba) Health Care Center Pharmacy #15242,PH,263861,Active,04/06/2012,06/30/2026,"700 Research Drive, Bldg W",Suite 1151,Cary,,NC,27513,taxlicenserenewals@walgreens.com
Walgreen Co. (dba) Premise Health Wellness Center,PH,266221,Active,11/05/2020,06/30/2026,Walgreen Co.,"5410 Maryland Way, Suite 100Rx",Brentwood,,TN,37027,taxlicenserenewals@walgreens.com
Walgreen Co. (dba) Walgreens ,PH,263097,Active,10/03/2007,06/30/2026,703 East Main Street,,Albert Lea,Freeborn,MN,56007,taxlicenserenewals@walgreens.com
Walgreen Co. (dba) Walgreens ,PH,263154,Active,02/07/2008,06/30/2026,10905 Ulysses St Ne,,Blaine,Anoka,MN,55434,taxlicenserenewals@walgreens.com
Walgreen Co. (dba) Walgreens ,PH,263021,Active,05/11/2007,06/30/2026,1130 East 37th Street,,Hibbing,St Louis,MN,55746,taxlicenserenewals@walgreens.com
Walgreen Co. (dba) Walgreens ,PH,262707,Active,03/07/2006,06/30/2026,1100 2nd Street South,,Sartell,Stearns,MN,56377,taxlicenserenewals@walgreens.com
Walgreen Co. (dba) Walgreens ,PH,262876,Active,09/13/2006,06/30/2026,7940 Penn Avenue South,,Bloomington,Hennepin,MN,55431,taxlicenserenewals@walgreens.com
Walgreen Co. (dba) Walgreens ,PH,262897,Active,10/06/2006,06/30/2026,18267 Carson Court NW,,Elk River,Sherburne,MN,55330,taxlicenserenewals@walgreens.com
Walgreen Co. (dba) Walgreens ,PH,262963,Active,01/25/2007,06/30/2026,16750 County Rd 30,,Maple Grove,Hennepin,MN,55311-4523,taxlicenserenewals@walgreens.com
Walgreen Co. (dba) Walgreens ,PH,262891,Active,09/21/2006,06/30/2026,608 North Broadway Street,,New Ulm,Brown,MN,56073,taxlicenserenewals@walgreens.com
Walgreen Co. (dba) WALGREENS,PH,260937,Active,08/24/1992,06/30/2026,4005 Vinewood Lane N,,Plymouth,Hennepin,MN,55442,taxlicenserenewals@walgreens.com
Walgreen Co. (dba) Walgreens #01002,PH,262723,Active,04/04/2006,06/30/2026,3255 Vicksburg Lane North,,Plymouth,Hennepin,MN,55447,taxlicenserenewals@walgreens.com
Walgreen Co. (dba) Walgreens #02038,PH,260509,Active,07/10/1988,06/30/2026,3240 West Lake Street,,Minneapolis,Hennepin,MN,55416,taxlicenserenewals@walgreens.com
Walgreen Co. (dba) Walgreens #02766,PH,260971,Active,11/25/1992,06/30/2026,2010 Cliff Road,,Eagan,Dakota,MN,55122,taxlicenserenewals@walgreens.com
Walgreen Co. (dba) Walgreens #03187,PH,261310,Active,01/16/1996,06/30/2026,1075 Highway 96 E,,White Bear Lake,Ramsey,MN,55127,taxlicenserenewals@walgreens.com
Walgreen Co. (dba) WALGREENS #03293,PH,261126,Active,08/17/1994,06/30/2026,9273 S Highway Dr,,Circle Pines,Anoka,MN,55014,taxlicenserenewals@walgreens.com
Walgreen Co. (dba) WALGREENS #03423,PH,261206,Active,11/03/1994,06/30/2026,1911 S Ferry St,,Anoka,Anoka,MN,55303,taxlicenserenewals@walgreens.com
Walgreen Co. (dba) Walgreens #04320,PH,261474,Active,08/25/1997,06/30/2026,6390 Brooklyn Blvd.,,Brooklyn Center,Hennepin,MN,55429,rxm.04320@store.walgreens.com
Walgreen Co. (dba) Walgreens #05081,PH,261756,Active,10/01/1999,06/30/2026,4220 Lexington Ave S,,Eagan,Dakota,MN,55123,taxlicenserenewals@walgreens.com
Walgreen CO. (dba) Walgreens #05325,PH,261874,Active,03/16/2000,06/30/2026,3110 Chaska Blvd.,,Chaska,Carver,MN,55318,taxlicenserenewals@walgreens.com
Walgreen Co. (dba) Walgreens #06573,PH,262019,Active,05/11/2001,06/30/2026,3470 River Rapids Dr NW,,Coon Rapids,Anoka,MN,55448,taxlicenserenewals@walgreens.com
Walgreen Co. (dba) Walgreens #09728,PH,262716,Active,02/17/2006,06/30/2026,600 West 79th Street,,Chanhassen,Carver,MN,55317,taxlicenserenewals@walgreens.com
Walgreen Co. (dba) Walgreens #09795,PH,260544,Active,02/28/1989,06/30/2026,1585 Randolph Avenue,,St Paul,Ramsey,MN,55105,taxlicenserenewals@walgreens.com
Walgreen Co. (dba) Walgreens #10187,PH,260147,Active,08/13/1984,06/30/2026,900 Main Avenue,,Moorhead,Clay,MN,56560,taxlicenserenewals@walgreens.com
Walgreen Co. (dba) Walgreens #10188,PH,260876,Active,01/06/1992,06/30/2026,1615 Queens Drive,,Woodbury,Dakota,MN,55125,taxlicenserenewals@walgreens.com
Walgreen Co. (dba) Walgreens #10189,PH,262731,Active,04/14/2006,06/30/2026,1321 Oxford Street,,Worthington,Nobles,MN,56187,taxlicenserenewals@walgreens.com
Walgreen Co. (dba) Walgreens #10473,PH,263077,Active,09/04/2007,06/30/2026,1700 Rice Street,,St Paul,Ramsey,MN,55113,taxlicenserenewals@walgreens.com
Walgreen Co. (dba) Walgreens #10500,PH,200869,Active,07/10/1975,06/30/2026,1201 Miller Trunk Hwy,,Duluth,St Louis,MN,55811,taxlicenserenewals@walgreens.com
Walgreen Co. (dba) Walgreens #10501,PH,263008,Active,04/03/2007,06/30/2026,5474 Mountain Iron Drive,,Virginia,St Louis,MN,55792,taxlicenserenewals@walgreens.com
Walgreen Co. (dba) Walgreens #10641,PH,260343,Active,08/19/1986,06/30/2026,1274 Town Centre Drive,,Eagan,Dakota,MN,55123,taxlicenserenewals@store.walgreens.com
Walgreen Co. (dba) Walgreens #11157,PH,263189,Active,05/30/2008,06/30/2026,910 Broadway St,,Alexandria,Douglas,MN,56308,taxlicenserenewals@walgreens.com
Walgreen Co. (dba) Walgreens #11250,PH,263388,Active,06/22/2009,06/30/2026,3913 W Old Shakopee Rd,,Bloomington,Hennepin,MN,55437,taxlicenserenewals@walgreens.com
Walgreen Co. (dba) Walgreens #11374,PH,263358,Active,03/19/2009,06/30/2026,1023 1st Ave Ne,,Little Falls,Morrison,MN,56345,taxlicenserenewals@walgreens.com
Walgreen Co. (dba) Walgreens #11419,PH,260907,Active,08/03/1992,06/30/2026,950 County Rd 42 W,,Burnsville,Dakota,MN,55337,taxlicenserenewals@walgreens.com
Walgreen Co. (dba) Walgreens #11421,PH,263141,Active,01/17/2008,06/30/2026,1180 Arcade St,,St Paul,Ramsey,MN,55106,taxlicenserenewals@walgreens.com
Walgreen Co. (dba) Walgreens #11690,PH,263211,Active,07/23/2008,06/30/2026,121 Depot Dr,,Waconia,Carver,MN,55387,taxlicenserenewals@walgreens.com
Walgreen Co. (dba) Walgreens #11764,PH,263656,Active,02/17/2011,06/30/2026,790 N Plaza Drive,,Mendota Heights,Dakota,MN,55120,taxlicenserenewals@walgreens.com
Walgreen Co. (dba) Walgreens #11835,PH,263382,Active,06/01/2009,06/30/2026,7200 Cedar Lake Rd S,,St Louis Park,Hennepin,MN,55426,taxlicenserenewals@walgreens.com
Walgreen Co. (dba) Walgreens #11956,PH,263367,Active,04/17/2009,06/30/2026,17 Division Street,,Waite Park,Stearns,MN,56387,taxlicenserenewals@walgreens.com
Walgreen Co. (dba) Walgreens #12131,PH,263363,Active,04/01/2009,06/30/2026,1301 1st St S,,Willmar,Kandiyohi,MN,56201,taxlicenserenewals@walgreens.com
Walgreen Co. (dba) Walgreens #12403,PH,263268,Active,11/07/2008,06/30/2026,600 Village Center Drive,,North Oaks,Ramsey,MN,55127,taxlicenserenewals@walgreens.com
Walgreen Co. (dba) Walgreens #12404,PH,263390,Active,07/16/2009,06/30/2026,3142 S Service Dr,,Red Wing,Goodhue,MN,55066,taxlicenserenewals@walgreens.com
Walgreen Co. (dba) Walgreens #12434,PH,263402,Active,07/28/2009,06/30/2026,2499 Highway 7,,Excelsior,Hennepin,MN,55331,taxlicenserenewals@walgreens.com
Walgreen Co. (dba) Walgreens #12509,PH,263492,Active,03/02/2010,06/30/2026,700 30th Ave S,,Moorhead,Clay,MN,56560,taxlicenserenewals@walgreens.com
Walgreen Co. (dba) Walgreens #12510,PH,263336,Active,02/25/2009,06/30/2026,6025 Shenandoah Lane N,,Plymouth,Hennepin,MN,55446,taxlicenserenewals@walgreens.com
Walgreen Co. (dba) Walgreens #12535,PH,263259,Active,10/24/2008,06/30/2026,1705 Commerce Dr,,North Mankato,Nicollet,MN,56003,taxlicenserenewals@walgreens.com
Walgreen Co. (dba) Walgreens #12592,PH,263374,Active,05/08/2009,06/30/2026,326 W Lincoln Ave,,Fergus Falls,Otter Tail,MN,56537,taxlicenserenewals@walgreens.com
Walgreen Co. (dba) Walgreens #12972,PH,263456,Active,12/22/2009,06/30/2026,100 Chalupsky Ave Se,,New Prague,Le Sueur,MN,56071,taxlicenserenewals@walgreens.com
Walgreen Co. (dba) Walgreens #13163,PH,263503,Active,03/24/2010,06/30/2026,18 SE 10th St,,Grand Rapids,Itasca,MN,55744,taxlicenserenewals@walgreens.com
Walgreen Co. (dba) Walgreens #13463,PH,263613,Active,11/17/2010,06/30/2026,1112 Civic Center Drive NW,,Rochester,Olmsted,MN,55901,taxlicenserenewals@walgreens.com
Walgreen Co. (dba) Walgreens #13607,PH,260523,Active,10/01/1988,06/30/2026,4100 West Broadway Ave,,Robbinsdale,Hennepin,MN,55422,taxlicenserenewals@walgreens.com
Walgreen Co. (dba) Walgreens #13685,PH,261045,Active,08/23/1993,06/30/2026,2635 Rice Street,,Roseville,Ramsey,MN,55113,taxlicenserenewals@walgreens.com
Walgreen Co. (dba) Walgreens #13690,PH,263687,Active,04/27/2011,06/30/2026,2099 Ford Parkway,,St Paul,Ramsey,MN,55116,taxlicenserenewals@walgreens.com
Walgreen Co. (dba) Walgreens #13753,PH,263742,Active,08/01/2011,06/30/2026,5033 Vernon Ave S,,Edina,Hennepin,MN,55436,taxlicenserenewals@walgreens.com
Walgreen Co. (dba) Walgreens #13841,PH,263782,Active,11/08/2011,06/30/2026,2500 Winnetka Ave N,,Golden Valley,Hennepin,MN,55427,taxlicenserenewals@walgreens.com
Walgreen Co. (dba) Walgreens #13842,PH,263683,Active,04/18/2011,06/30/2026,9 Central Ave E,,St Michael,Wright,MN,55376,taxlicenserenewals@walgreens.com
Walgreen Co. (dba) Walgreens #13853,PH,260232,Active,08/12/1985,06/30/2026,4950 County Rd 101,,Minnetonka,Hennepin,MN,55345,taxlicenserenewals@walgreens.com
Walgreen Co. (dba) Walgreens #13877,PH,200871,Active,07/10/1975,06/30/2026,1131 E Superior St,,Duluth,St Louis,MN,55802,taxlicenserenewals@walgreens.com
Walgreen Co. (dba) Walgreens #13880,PH,260895,Active,04/27/1992,06/30/2026,115 2nd Ave N,,Sauk Rapids,Benton,MN,56379,taxlicenserenewals@walgreens.com
Walgreen Co. (dba) Walgreens #13903,PH,263485,Active,02/12/2010,06/30/2026,101 Main Ave N,,Park Rapids,Hubbard,MN,56470,taxlicenserenewals@walgreens.com
Walgreen Co. (dba) Walgreens #13938,PH,263488,Active,02/24/2010,06/30/2026,135 E Broadway St,,Monticello,Wright,MN,55362,taxlicenserenewals@walgreens.com
Walgreen Co. (dba) Walgreens #15123,PH,263966,Active,09/21/2012,06/30/2026,3585 Lexington Ave N,,Arden Hills,Ramsey,MN,55126,taxlicenserenewals@walgreens.com
Walgreen Co. (dba) Walgreens #15124,PH,263779,Active,10/28/2011,06/30/2026,1002 Highway 25 N,,Buffalo,Wright,MN,55313,taxlicenserenewals@walgreens.com
Walgreen Co. (dba) Walgreens #15149,PH,263618,Active,12/06/2010,06/30/2026,1609 Kenwood Avenue,,Duluth,St Louis,MN,55811,taxlicenserenewals@walgreens.com
Walgreen Co. (dba) Walgreens #15150,PH,264094,Active,04/10/2013,06/30/2026,2251 Commerce Blvd.,,Mound,Hennepin,MN,55364,taxlicenserenewals@walgreens.com
Walgreen Co. (dba) Walgreens #15272,PH,260458,Active,08/20/1987,06/30/2026,1110 Larpenteur Ave W,,St Paul,Ramsey,MN,55113,taxlicenserenewals@walgreens.com
Walgreen Co. (dba) Walgreens #15439,PH,264054,Active,03/01/2013,06/30/2026,215 Doddridge Ave,,Cloquet,Carlton,MN,55720,taxlicenserenewals@walgreens.com
Walgreen Co. (dba) Walgreens #15560,PH,260463,Active,11/09/1987,06/30/2026,2700 Lincoln Dr,,Roseville,Ramsey,MN,55113,taxlicenserenewals@walgreens.com
Walgreen Co. (dba) Walgreens #15679,PH,263590,Active,11/15/2010,06/30/2026,1055 Wayzata Blvd E,,Wayzata,Hennepin,MN,55391,taxlicenserenewals@walgreens.com
Walgreen Co. (dba) Walgreens #15680,PH,264323,Active,01/31/2014,06/30/2026,945 Hwy 15 S,,Hutchinson,McLeod,MN,55350,taxlicenserenewals@walgreens.com
Walgreen Co. (dba) Walgreens #15982,PH,260396,Active,03/30/1987,06/30/2026,2610 Central Ave NE,,Minneapolis,Hennepin,MN,55418,taxlicenserenewals@walgreens.com
Walgreen Co. (dba) Walgreens #16057,PH,260545,Active,02/13/1989,06/30/2026,5428 Lyndale Ave S,,Minneapolis,Hennepin,MN,55419,taxlicenserenewals@walgreens.com
Walgreen Co. (dba) Walgreens #16275,PH,260478,Active,02/22/1988,06/30/2026,655 Nicollet Mall,,Minneapolis,Hennepin,MN,55402,taxlicenserenewals@walgreens.com
Walgreen Co. (dba) Walgreens #16279,PH,260383,Active,02/09/1987,06/30/2026,3121 E Lake St,,Minneapolis,Hennepin,MN,55406,taxlicenserenewals@walgreens.com
Walgreen Co. (dba) Walgreens #16361,PH,260883,Active,02/03/1992,06/30/2026,2650 Hennepin Ave,,Minneapolis,Hennepin,MN,55408,taxlicenserenewals@walgreens.com
Walgreen Co. (dba) Walgreens #16476,PH,200885,Active,07/10/1975,06/30/2026,398 Wabasha St N,,St Paul,Ramsey,MN,55102,taxlicenserenewals@walgreens.com
Walgreen Co. (dba) Walgreens #21377,PH,266538,Active,03/24/2022,06/30/2026,1402 Central Ave NE,,East Grand Forks,Polk,MN,56721,taxlicenserenewals@walgreens.com
Walgreen Co. (dba) Walgreens #21577,PH,266787,Active,08/01/2023,06/30/2026,3030 Centre Point Drive,Suite 700,Roseville,Ramsey,MN,55113,licenseadministration@walgreens.com
Walgreen Co. (dba) Walgreens #3122,PH,261114,Active,06/08/1994,06/30/2026,985 Geneva Ave N,,Oakdale,Washington,MN,55128,taxlicenserenewals@walgreens.com
Walgreen Co. (dba) Walgreens #7728,PH,262625,Active,07/14/2005,06/30/2026,17630 Kenwood Trail,,Lakeville,Dakota,MN,55044,taxlicenserenewals@walgreens.com
Walgreen Co. (dba) Walgreens (#00430),PH,200873,Active,07/10/1975,06/30/2026,5695 Duluth St,,Golden Valley,Hennepin,MN,55422,taxlicenserenewals@walgreens.com
Walgreen Co. (dba) WALGREENS (#01303),PH,260258,Active,11/25/1985,06/30/2026,4323 Chicago Avenue,,Minneapolis,Hennepin,MN,55407,taxlicenserenewals@walgreens.com
Walgreen Co. (dba) WALGREENS (#01751),PH,263168,Active,04/04/2008,06/30/2026,2920 White Bear Ave N,,Maplewood,Ramsey,MN,55109,taxlicenserenewals@walgreens.com
Walgreen Co. (dba) WALGREENS (#01916),PH,260382,Active,02/01/1987,06/30/2026,13611 Grove Drive,,Maple Grove,Hennepin,MN,55311,taxlicenserenewals@walgreens.com
Walgreen Co. (dba) Walgreens (#01951),PH,262449,Active,06/01/2004,06/30/2026,612 4th Street NW,,Faribault,Rice,MN,55021,taxlicenserenewals@walgreens.com
Walgreen Co. (dba) WALGREENS (#02078),PH,262522,Active,10/21/2004,06/30/2026,2134 Bunker Lake Blvd NW,,Andover,Anoka,MN,55304,taxlicenserenewals@walgreens.com
Walgreen Co. (dba) Walgreens (#02142),PH,260609,Active,09/15/1989,06/30/2026,734 Grand Avenue,,St Paul,Ramsey,MN,55105,taxlicenserenewals@walgreens.com
Walgreen Co. (dba) Walgreens (#02316),PH,262448,Active,06/21/2004,06/30/2026,2024 85th Avenue North,,Brooklyn Park,Hennepin,MN,55444,taxlicenserenewals@walgreens.com
Walgreen Co. (dba) Walgreens (#02460),PH,262434,Active,07/06/2004,06/30/2026,115 Garfield Street North,,Cambridge,Isanti,MN,55008,taxlicenserenewals@walgreens.com
Walgreen Co. (dba) WALGREENS (#02496),PH,260809,Active,07/22/1991,06/30/2026,14700 Lac Lavon Drive,,Burnsville,Dakota,MN,55306,taxlicenserenewals@walgreens.com
Walgreen Co. (dba) WALGREENS (#02509),PH,260810,Active,06/17/1991,06/30/2026,4916 France Avenue South,,Edina,Hennepin,MN,55410,taxlicenserenewals@walgreens.com
Walgreen Co. (dba) WALGREENS (#02661),PH,260853,Active,10/28/1991,06/30/2026,15250 Cedar Avenue,,Apple Valley,Dakota,MN,55124,taxlicenserenewals@walgreens.com
Walgreen Co. (dba) WALGREENS (#02769),PH,260852,Active,10/21/1991,06/30/2026,915 Wildwood Road,,White Bear Lake,Ramsey,MN,55115,taxlicenserenewals@walgreens.com
Walgreen Co. (dba) Walgreens (#02805),PH,259859,Active,02/02/1981,06/30/2026,1133 South Robert Street,,West St Paul,Dakota,MN,55118,taxlicenserenewals@walgreens.com
Walgreen Co. (dba) WALGREENS (#02935),PH,261094,Active,03/21/1994,06/30/2026,10686 University Avenue NW,,Coon Rapids,Anoka,MN,55448,taxlicenserenewals@walgreens.com
Walgreen Co. (dba) WALGREENS (#03101),PH,201135,Active,07/17/1975,06/30/2026,2505 West Division Street,,St Cloud,Stearns,MN,56301,taxlicenserenewals@walgreens.com
Walgreen Co. (dba) WALGREENS (#03114),PH,261064,Active,10/25/1993,06/30/2026,6975 York Avenue S,,Edina,Hennepin,MN,55435,taxlicenserenewals@walgreens.com
Walgreen Co. (dba) Walgreens (#03832),PH,200867,Active,07/10/1975,06/30/2026,7700 Brooklyn Blvd.,,Brooklyn Park,Hennepin,MN,55443,taxlicenserenewals@walgreens.com
Walgreen Co. (dba) WALGREENS (#04038),PH,261514,Active,01/17/1998,06/30/2026,15034 Shannon Parkway,,Rosemount,Dakota,MN,55068,taxlicenserenewals@walgreens.com
Walgreen Co. (dba) WALGREENS (#04119),PH,260675,Active,04/09/1990,06/30/2026,4547 Hiawatha Ave,,Minneapolis,Hennepin,MN,55406,taxlicenserenewals@walgreens.com
Walgreen Co. (dba) Walgreens (#04260),PH,200882,Active,07/10/1975,06/30/2026,540 Blake Rd N,,Hopkins,Hennepin,MN,55343,taxlicenserenewals@walgreens.com
Walgreen Co. (dba) WALGREENS (#04394),PH,260506,Active,07/05/1988,06/30/2026,9800 Lyndale Avenue South,,Bloomington,Hennepin,MN,55420,taxlicenserenewals@walgreens.com
Walgreen Co. (dba) WALGREENS (#04697),PH,261588,Active,08/17/1998,06/30/2026,6525 NE University Avenue,,Fridley,Anoka,MN,55432,taxlicenserenewals@walgreens.com
Walgreen Co. (dba) WALGREENS (#04725),PH,261645,Active,02/23/1999,06/30/2026,11401 Market Place Drive N,,Champlin,Hennepin,MN,55316,taxlicenserenewals@walgreens.com
Walgreen Co. (dba) WALGREENS (#04879),PH,261681,Active,04/12/1999,06/30/2026,8100 W County Rd 42,,Savage,Scott,MN,55378,taxlicenserenewals@walgreens.com
Walgreen Co. (dba) WALGREENS (#04882),PH,261699,Active,07/19/1999,06/30/2026,5825 Cahill Avenue,,Inver Grove Heights,Dakota,MN,55076,taxlicenserenewals@walgreens.com
Walgreen Co. (dba) WALGREENS (#05048),PH,261748,Active,09/29/1999,06/30/2026,1017 Vermillion Street,,Hastings,Dakota,MN,55033,taxlicenserenewals@walgreens.com
Walgreen Co. (dba) WALGREENS (#05080),PH,262024,Active,06/27/2001,06/30/2026,10180 Hennepin Town Road,,Eden Prairie,Hennepin,MN,55347,taxlicenserenewals@walgreens.com
Walgreen Co. (dba) WALGREENS (#05634),PH,262114,Active,01/15/2002,06/30/2026,7560 160th Street W,,Lakeville,Dakota,MN,55044,taxlicenserenewals@walgreens.com
Walgreen Co. (dba) WALGREENS (#05635),PH,261881,Active,04/01/2000,06/30/2026,340 W Washington St,,Brainerd,Crow Wing,MN,56401,taxlicenserenewals@walgreens.com
Walgreen Co. (dba) WALGREENS (#05685),PH,261902,Active,05/19/2000,06/30/2026,2200 Highway 13 East,,Burnsville,Dakota,MN,55337,taxlicenserenewals@walgreens.com
Walgreen Co. (dba) Walgreens (#05882),PH,260736,Active,11/05/1990,06/30/2026,4200 Winnetka Ave N,,New Hope,Hennepin,MN,55428,taxlicenserenewals@walgreens.com
Walgreen Co. (dba) Walgreens (#06057),PH,200868,Active,07/10/1975,06/30/2026,7135 E Point Douglas Rd S,,Cottage Grove,Washington,MN,55016,taxlicenserenewals@walgreens.com
Walgreen Co. (dba) WALGREENS (#06280),PH,261013,Active,05/03/1993,06/30/2026,16395 Wagner Way,,Eden Prairie,Hennepin,MN,55344,taxlicenserenewals@walgreens.com
Walgreen Co. (dba) WALGREENS (#06447),PH,262031,Active,08/21/2001,06/30/2026,2387 Mounds View Blvd.,,Mounds View,Ramsey,MN,55112,taxlicenserenewals@walgreens.com
Walgreen Co. (dba) WALGREENS (#06489),PH,261993,Active,02/27/2001,06/30/2026,1291 Tasha Drive,,Shakopee,Scott,MN,55379,taxlicenserenewals@walgreens.com
Walgreen Co. (dba) Walgreens (#06714),PH,260395,Active,03/09/1987,06/30/2026,2860 Coon Rapids Blvd NW,,Coon Rapids,Anoka,MN,55433,taxlicenserenewals@walgreens.com
Walgreen Co. (dba) WALGREENS (#06730),PH,262217,Active,09/25/2002,06/30/2026,1511 Highway 7,,Hopkins,Hennepin,MN,55305,taxlicenserenewals@walgreens.com
Walgreen Co. (dba) WALGREENS (#06735),PH,262091,Active,11/05/2001,06/30/2026,3700 Silver Lake Rd NE,,St Anthony,Hennepin,MN,55421,taxlicenserenewals@walgreens.com
Walgreen Co. (dba) Walgreens (#06916),PH,262418,Active,05/03/2004,06/30/2026,6061 Osgood Avenue North,,Oak Park Heights,Washington,MN,55082,taxlicenserenewals@walgreens.com
Walgreen Co. (dba) Walgreens (#06943),PH,262335,Active,08/12/2003,06/30/2026,4560 South Robert Trail,,Inver Grove Heights,Dakota,MN,55077,taxlicenserenewal@walgreens.com
Walgreen Co. (dba) WALGREENS (#06995),PH,262221,Active,11/05/2002,06/30/2026,1788 Old Hudson Road,,St Paul,Ramsey,MN,55119,taxlicenserenewals@walgreens.com
Walgreen Co. (dba) Walgreens (#07111),PH,262334,Active,08/22/2003,06/30/2026,1207 West Broadway Avenue,,Forest Lake,Washington,MN,55025,taxlicenserenewals@walgreens.com
Walgreen Co. (dba) WALGREENS (#07126),PH,260152,Active,08/10/1984,06/30/2026,4501 Grand Avenue,,Duluth,St Louis,MN,55807,taxlicenserenewals@walgreens.com
Walgreen Co. (dba) WALGREENS (#07218),PH,262575,Active,01/14/2005,06/30/2026,12480 Aberdeen Street Ne,,Blaine,Anoka,MN,55449,taxlicenserenewals@walgreens.com
Walgreen Co. (dba) Walgreens (#07290),PH,200874,Active,07/10/1975,06/30/2026,1270 Madison Avenue,,Mankato,Blue Earth,MN,56001,taxlicenserenewals@walgreens.com
Walgreen Co. (dba) Walgreens (#07388),PH,262359,Active,11/06/2003,06/30/2026,1665 White Bear Avenue North,,St Paul,Ramsey,MN,55106,taxlicenserenewals@walgreens.com
Walgreen Co. (dba) Walgreens (#07727),PH,262464,Active,07/29/2004,06/30/2026,750 Mankato Avenue,,Winona,Winona,MN,55987,taxlicenserenewals@walgreens.com
Walgreen Co. (dba) Walgreens (#07781),PH,262356,Active,10/08/2003,06/30/2026,4202 Pheasant Ridge Drive Ne,,Blaine,Anoka,MN,55449,taxlicenserenewals@walgreens.com
Walgreen Co. (dba) Walgreens (#07812),PH,262372,Active,12/23/2003,06/30/2026,21495 141st Avenue North,,Rogers,Hennepin,MN,55374,taxlicenserenewals@walgreens.com
Walgreen Co. (dba) WALGREENS (#09065),PH,262556,Active,11/10/2004,06/30/2026,401 5th St W,,Northfield,Rice,MN,55057,taxlicenserenewals@walgreens.com
Walgreen Co. (dba) Walgreens (#09094),PH,262465,Active,08/17/2004,06/30/2026,1420 West Oakland Avenue,,Austin,Mower,MN,55912,taxlicenserenewals@walgreens.com
Walgreen Co. (dba) WALGREENS (#09095),PH,262517,Active,10/05/2004,06/30/2026,125 18th Street SE,,Owatonna,Steele,MN,55060,taxlicenserenewals@walgreens.com
Walgreen Co. (dba) WALGREENS (#09350),PH,262523,Active,11/19/2004,06/30/2026,1123 East Blue Earth Avenue,,Fairmont,Martin,MN,56031,taxlicenserenewals@walgreens.com
Walgreen Co. (dba) WALGREENS (#09511),PH,259976,Active,11/15/1982,06/30/2026,7845 Portland Avenue South,,Bloomington,Hennepin,MN,55420,taxlicenserenewals@walgreens.com
Walgreen Co. (dba) WALGREENS (#09727),PH,262701,Active,01/18/2006,06/30/2026,14020 Pilot Knob Road,,Apple Valley,Dakota,MN,55124,taxlicenserenewals@walgreens.com
Walgreen Co. (dba) WALGREENS (#11832),PH,263265,Active,11/04/2008,06/30/2026,3605 Round Lake Blvd NW,,Anoka,Anoka,MN,55303,taxlicenserenewals@walgreens.com
Walgreen Co. (dba) WALGREENS (#11834),PH,263443,Active,11/04/2009,06/30/2026,80 14th St SW,,Rochester,Olmsted,MN,55902,taxlicenserenewals@walgreens.com
Walgreen Co. (dba) WALGREENS (#12044),PH,263464,Active,01/13/2010,06/30/2026,8240 Flying Cloud Dr,,Eden Prairie,Hennepin,MN,55344,taxlicenserenewals@walgreens.com
Walgreen Co. (dba) Walgreens (Specialty Pharmacy #15309),PH,263842,Active,03/01/2012,06/30/2026,2100 Lyndale Ave S Ste A,,Minneapolis,Hennepin,MN,55405,taxlicenserenewals@walgreens.com
Walgreen Co. (dba) Walgreens Central Fill #21426,PH,267113,Active,03/24/2025,06/30/2026,10695 Winnetka Ave North,Suite 190,Brooklyn Park,Hennepin,MN,55445,centralfill-mn@walgreens.com
Walgreen Co. (dba) Walgreens Specialty Pharmacy #11916,PH,263160,Active,03/07/2008,06/30/2026,1221 W Lake St Ste 200,,Minneapolis,Hennepin,MN,55408,taxlicenserenewals@walgreens.com
Walgreen Co. (dba) Walgreens Specialty Pharmacy #15106,PH,263794,Active,11/28/2011,06/30/2026,1250 NW 7th St,Suite 205,Miami,,FL,33125,taxlicenserenewals@walgreens.com
Walgreen Co. (dba) Walgreens Specialty Pharmacy #15322,PH,263880,Active,05/16/2012,06/30/2026,"826 N Plankinton Ave, #100",,Milwaukee,,WI,53203,taxlicenserenewals@walgreens.com
Walgreen Co. (dba) Walgreens Specialty Pharmacy #16528,PH,266142,Active,07/22/2020,06/30/2026,Walgreen Co.,"1704 Ingersoll Ave, Suite 102",Des Moines,,IA,50309,taxlicenserenewals@walgreens.com
Walgreen Co. (dba) Walgreens Specialty Pharmacy #21254,PH,265997,Active,12/30/2019,06/30/2026,2265 N Mayfair Rd,,Wauwatosa,,WI,53226,taxlicenserenewals@walgreens.com
"Walgreens Mail Service, LLC (dba) Walgreens Mail Service #03397",PH,265282,Active,02/21/2017,06/30/2026,8350 S River Parkway,,Tempe,,AZ,85284,specialtylicenses@walgreens.com
Walgreens Specialty Pharmacy LLC (dba) Walgreens Hub Solutions #21609,PH,267177,Active,07/29/2025,06/30/2026,120 Enterprise Drive,,Pittsburgh,,PA,15275,slowe@flaherty-ohara.com
Walgreens Specialty Pharmacy LLC (dba) Walgreens Specialty Pharmacy #16287,PH,263534,Active,06/08/2010,06/30/2026,130 Enterprise Dr,,Pittsburgh,,PA,15275,specialtylicenses@walgreens.com
"Walgreens Specialty Pharmacy, LLC (dba) Walgreens Gene & Cell Services #21574",PH,266967,Active,08/05/2024,06/30/2026,140 Enterprise Drive,,Pittsburgh,,PA,15275,SpecialtyLicenses@walgreens.com
"Walgreens Specialty Pharmacy, LLC (dba) Walgreens Specialty Pharmacy #15438",PH,263576,Active,08/27/2010,06/30/2026,41460 Haggerty Circle S,,Canton,,MI,48188,specialtylicenses@walgreens.com
"Walgreens Specialty Pharmacy, LLC (dba) Walgreens Specialty Pharmacy #15443",PH,263579,Active,08/27/2010,06/30/2026,10530 John W. Elliott Dr,Suite 100,Frisco,,TX,75033,specialtylicenses@walgreens.com
"Walgreens.com, Inc. (dba) Walgreens",PH,265212,Active,12/12/2016,06/30/2026,2225 S Price Rd,,Chandler,,AZ,85286,specialtylicenses@walgreens.com
"Walgreens.com, Inc. (dba) Walgreens #02445",PH,265294,Active,03/07/2017,06/30/2026,8337 Southpark Circle,,Orlando,,FL,32819,specialtylicenses@walgreens.com
"Wall's LTC Pharmacy, Inc",PH,263545,Active,06/18/2010,06/30/2026,1322 8th Ave S,,Grand Forks,,ND,58201,nicole@wallsrx.com
"Wall's Medicine Center, Inc.",PH,263546,Active,06/18/2010,06/30/2026,708 S Washington Street,,Grand Forks,,ND,58201,jean@wallsrx.com
Walmart Inc (dba) Wal-Mart Pharmacy #10-2625,PH,261465,Active,07/01/1997,06/30/2026,1025 West Trinity Mills,,Carrollton,,TX,75006,peggy.basham@wal-mart.com
Walmart Inc. (dba) Walmart Pharmacy,PH,262258,Active,03/19/2003,06/30/2026,8101 Old Carriage Court,,Shakopee,Scott,MN,55379,bkbadou.s03513.us@wal-mart.com
Walmart Inc. (dba) Walmart Pharmacy,PH,262257,Active,03/03/2003,06/30/2026,295 Tyler Road South,,Red Wing,Goodhue,MN,55066,complic@wal-mart.com
Walmart Inc. (dba) Walmart Pharmacy,PH,264012,Active,02/01/2013,06/30/2026,300 21st Ave N,,Princeton,Mille Lacs,MN,55371,Complic@wal-mart.com
Walmart Inc. (dba) Walmart Pharmacy (#10-0982),PH,260994,Active,03/22/1993,06/30/2026,1130 West Frontage Road,,Owatonna,Steele,MN,55060,complic@wal-mart.com
Walmart Inc. (dba) Walmart Pharmacy (#10-1020),PH,261342,Active,03/29/1996,06/30/2026,1550 Blake Avenue,,Albert Lea,Freeborn,MN,56007,nlarnol.s01020.us@wal-mart.com
Walmart Inc. (dba) Walmart Pharmacy (#10-1038),PH,260995,Active,03/24/1993,06/30/2026,2103 State Street North,,Waseca,Waseca,MN,56093,Complic@wal-mart.com
Walmart Inc. (dba) Walmart Pharmacy (#10-1473),PH,261001,Active,03/08/1993,06/30/2026,1881 Madison Avenue,,Mankato,Blue Earth,MN,56001,complic@wal-mart.com
Walmart Inc. (dba) Walmart Pharmacy (#10-1722),PH,260844,Active,11/02/1991,06/30/2026,1221 East Main Street,,Marshall,Lyon,MN,56258,complic@wal-mart.com
Walmart Inc. (dba) Walmart Pharmacy (#10-1738),PH,260862,Active,01/31/1992,06/30/2026,1300 Trunk Highway 15 South,,Hutchinson,McLeod,MN,55350,complic@wal-mart.com
Walmart Inc. (dba) Walmart Pharmacy (#10-1757),PH,260863,Active,01/31/1992,06/30/2026,4740 Mall Drive,,Hermantown,St Louis,MN,55811,Complic@wal-mart.com
Walmart Inc. (dba) Walmart Pharmacy (#10-1786),PH,260916,Active,07/25/1992,06/30/2026,1360 Town Centre Drive,,Eagan,Dakota,MN,55123,rmw0034.s01786.us@wal-mart.com
Walmart Inc. (dba) Walmart Pharmacy (#10-1864),PH,260959,Active,10/24/1992,06/30/2026,8000 Lakeland Avenue,,Brooklyn Park,Hennepin,MN,55445,complic@wal-mart.com
Walmart Inc. (dba) Walmart Pharmacy (#10-1865),PH,260958,Active,10/24/1992,06/30/2026,1410 East Bridge Street,,Redwood Falls,Redwood,MN,56283,complic@wal-mart.com
Walmart Inc. (dba) Walmart Pharmacy (#10-1929),PH,260979,Active,01/30/1993,06/30/2026,1308 Highway 33 South,,Cloquet,Carlton,MN,55720,complic@wal-mart.com
Walmart Inc. (dba) Walmart Pharmacy (#10-3233),PH,262120,Active,02/20/2002,06/30/2026,2025 Paul Bunyan Drive NW,,Bemidji,Beltrami,MN,56601,Complic@wal-mart.com
Walmart Inc. (dba) Walmart Pharmacy (#10-3237),PH,266295,Active,03/02/2021,06/30/2026,5521 E Arrowhead Pkwy,,Sioux Falls,,SD,57110,complic@wal-mart.com
Walmart Inc. (dba) Walmart Pharmacy (#10-3364),PH,262573,Active,01/26/2005,06/30/2026,1644 South Robert Street,,West St Paul,Dakota,MN,55118,rxmanager.s03364@states.us.wal-mart.com
Walmart Inc. (dba) Walmart Pharmacy (#10-3761),PH,262748,Active,05/17/2006,06/30/2026,1755 Highway 59 Se,,Thief River Falls,Pennington,MN,56701,Complic@wal-mart.com
Walmart Inc. (dba) Walmart Pharmacy (#10-3806),PH,263057,Active,07/19/2007,06/30/2026,1250 Goemann Road,,Fairmont,Martin,MN,56031,complic@wal-mart.com
Walmart Inc. (dba) Walmart Pharmacy (#10-4244),PH,262975,Active,02/21/2007,06/30/2026,1303 Charles Street,,Park Rapids,Hubbard,MN,56470,complic@wal-mart.com
Walmart Inc. (dba) Walmart Pharmacy (#10-4246),PH,262952,Active,01/03/2007,06/30/2026,100 Juniper Avenue NW,,Wadena,Wadena,MN,56482,complic@wal-mart.com
Walmart Inc. (dba) Walmart Pharmacy (#1470),PH,260997,Active,02/24/1993,06/30/2026,700 19th Avenue Se,,Willmar,Kandiyohi,MN,56201,complic@wal-mart.com
Walmart Inc. (dba) Walmart Pharmacy (#1472),PH,261000,Active,03/09/1993,06/30/2026,1752 North Frontage Road,,Hastings,Dakota,MN,55033,Compliance@wal-mart.com
Walmart Inc. (dba) Walmart Pharmacy (#1577),PH,260998,Active,02/23/1993,06/30/2026,1315 Highway 25 North,,Buffalo,Wright,MN,55313,complic@wal-mart.com
Walmart Inc. (dba) Walmart Pharmacy (#1609),PH,260745,Active,01/01/1991,06/30/2026,100 SE 29th St,,Grand Rapids,Itasca,MN,55744,complic@wal-mart.com
Walmart Inc. (dba) Walmart Pharmacy (#1627),PH,260761,Active,04/01/1991,06/30/2026,415 34th St North,,Dilworth,Clay,MN,56529,complic@wal-mart.com
Walmart Inc. (dba) Walmart Pharmacy (#1632),PH,260760,Active,04/01/1991,06/30/2026,4611 Highway 29 South,,Alexandria,Douglas,MN,56308,complic@wal-mart.com
Walmart Inc. (dba) Walmart Pharmacy (#1633),PH,260766,Active,03/01/1991,06/30/2026,21 County Road 120,,Sartell,Stearns,MN,56377,complic@wal-mart.com
Walmart Inc. (dba) Walmart Pharmacy (#1634),PH,260805,Active,07/23/1991,06/30/2026,15091 18th Street Ne,,Little Falls,Morrison,MN,56345,complic.us@walmart.com
Walmart Inc. (dba) Walmart Pharmacy (#1654),PH,260804,Active,07/30/1991,06/30/2026,7295 Glory Road,,Baxter,Crow Wing,MN,56425,complic@wal-mart.com
Walmart Inc. (dba) Walmart Pharmacy (#1657),PH,260999,Active,03/10/1993,06/30/2026,150 Western Avenue,,Faribault,Rice,MN,55021,Complic@wal-mart.com
Walmart Inc. (dba) Walmart Pharmacy (#1696),PH,260841,Active,10/26/1991,06/30/2026,3300 Highway 210 West,,Fergus Falls,Otter Tail,MN,56537,complic@wal-mart.com
Walmart Inc. (dba) Walmart Pharmacy (#1855),PH,260980,Active,01/30/1993,06/30/2026,12195 Singletree Lane,,Eden Prairie,Hennepin,MN,55344,nayoung.toney@walmart.com
Walmart Inc. (dba) Walmart Pharmacy (#1858),PH,260960,Active,10/24/1992,06/30/2026,"3001 E Highway 7, Suite 100",,Montevideo,Chippewa,MN,56265,Complic@wal-mart.com
Walmart Inc. (dba) Walmart Pharmacy (#1861),PH,260961,Active,10/24/1992,06/30/2026,5815 Norell Avenue,,Oak Park Heights,Washington,MN,55082,Complic@wal-mart.com
Walmart Inc. (dba) Walmart Pharmacy (#1971),PH,260988,Active,02/20/1993,06/30/2026,3400 NW 55th Street,,Rochester,Olmsted,MN,55901,m0r08cm.s01971@us.wal-mart.com
Walmart Inc. (dba) Walmart Pharmacy (#1999),PH,264238,Active,10/21/2013,06/30/2026,1851 Bunker Lake Blvd NW,,Andover,Anoka,MN,55304,Complic@wal-mart.com
Walmart Inc. (dba) Walmart Pharmacy (#2087),PH,261120,Active,07/23/1994,06/30/2026,850 East County Road E,,Vadnais Heights,Ramsey,MN,55127,complic@wal-mart.com
Walmart Inc. (dba) Walmart Pharmacy (#2198),PH,263412,Active,08/03/2009,06/30/2026,700 American Blvd. E,,Bloomington,Hennepin,MN,55420,complic@wal-mart.com
Walmart Inc. (dba) Walmart Pharmacy (#2274),PH,261281,Active,08/19/1995,06/30/2026,200 SW 12Th Street,,Forest Lake,Washington,MN,55025,complic@wal-mart.com
Walmart Inc. (dba) Walmart Pharmacy (#2352),PH,261296,Active,12/28/1995,06/30/2026,2101 Second Avenue Se,,Cambridge,Isanti,MN,55008,complic@wal-mart.com
Walmart Inc. (dba) Walmart Pharmacy (#2367),PH,261477,Active,09/12/1997,06/30/2026,950 11Th St SW,,Pine City,Pine,MN,55063,Complic@wal-mart.com
Walmart Inc. (dba) Walmart Pharmacy (#2642),PH,261623,Active,01/27/1999,06/30/2026,7835 150th Street West,,Apple Valley,Dakota,MN,55124,bgcalno.s02642@Wal-Mart.com
Walmart Inc. (dba) Walmart Pharmacy (#2643),PH,262646,Active,09/14/2005,06/30/2026,10240 Hudson Road,,Woodbury,Dakota,MN,55129,Complic@wal-mart.com
Walmart Inc. (dba) Walmart Pharmacy (#2812),PH,261872,Active,03/15/2000,06/30/2026,25 25th Street Se,,Rochester,Olmsted,MN,55904,nayoung.toney@walmart.com
Walmart Inc. (dba) Walmart Pharmacy (#2820),PH,261869,Active,01/26/2000,06/30/2026,1055 Ryan's Road,,Worthington,Nobles,MN,56187,Complic@wal-mart.com
Walmart Inc. (dba) Walmart Pharmacy (#2882),PH,261984,Active,01/11/2001,06/30/2026,9451 Dunkirk Lane North,,Maple Grove,Hennepin,MN,55311,Complic@wal-mart.com
Walmart Inc. (dba) Walmart Pharmacy (#2937),PH,261977,Active,02/22/2001,06/30/2026,12080 Highway 169,,Hibbing,St Louis,MN,55746,Complic@wal-mart.com
Walmart Inc. (dba) Walmart Pharmacy (#2957),PH,261983,Active,02/14/2001,06/30/2026,1583 Highway 10 West,,Detroit Lakes,Becker,MN,56501,Complic@wal-mart.com
Walmart Inc. (dba) Walmart Pharmacy (#3088),PH,263967,Active,09/25/2012,06/30/2026,3601 2nd Street S,,St Cloud,Stearns,MN,56301,Complic@wal-mart.com
Walmart Inc. (dba) Walmart Pharmacy (#3209),PH,261978,Active,01/11/2001,06/30/2026,18185 Zane Street,,Elk River,Sherburne,MN,55330,Complic@wal-mart.com
Walmart Inc. (dba) Walmart Pharmacy (#3404),PH,262583,Active,03/23/2005,06/30/2026,1960 Twin Lakes Parkway,,Roseville,Ramsey,MN,55113,Complic@wal-mart.com
Walmart Inc. (dba) Walmart Pharmacy (#3498),PH,262132,Active,03/01/2002,06/30/2026,4369 Ball Rd NE,,Blaine,Anoka,MN,55014,Complic@wal-mart.com
Walmart Inc. (dba) Walmart Pharmacy (#3624),PH,262626,Active,07/20/2005,06/30/2026,9320 Cedar Street,,Monticello,Wright,MN,55362,complic@wal-wart.com
Walmart Inc. (dba) Walmart Pharmacy (#3758),PH,263060,Active,07/20/2007,06/30/2026,1930 Sahlstrom Drive,,Crookston,Polk,MN,56716,Complic@wal-mart.com
Walmart Inc. (dba) Walmart Pharmacy (#3760),PH,263004,Active,03/22/2007,06/30/2026,1720 Westridge Road,,New Ulm,Brown,MN,56073,Complic@wal-mart.com
Walmart Inc. (dba) Walmart Pharmacy (#4253),PH,263005,Active,03/22/2007,06/30/2026,205 12Th Street South,,Sauk Centre,Stearns,MN,56378,complic@wal-mart.com
Walmart Inc. (dba) Walmart Pharmacy (#4257),PH,263196,Active,06/17/2008,06/30/2026,1000 18th Ave NW,,Austin,Mower,MN,55912,khyland.s04257.us@wal-mart.com
Walmart Inc. (dba) Walmart Pharmacy (#4374),PH,263059,Active,07/19/2007,06/30/2026,2301 East Frontage Road,,Litchfield,Meeker,MN,55355,complic@wal-mart.com
Walmart Inc. (dba) Walmart Pharmacy (#4849),PH,264519,Active,08/13/2014,06/30/2026,8580 Rock Ridge Dr,,Mountain Iron,St Louis,MN,55768,complic@wal-mart.com
Walmart Inc. (dba) Walmart Pharmacy (#5089),PH,262376,Active,01/15/2004,06/30/2026,9165 Cahill Avenue,,Inver Grove Heights,Dakota,MN,55076,shawn.holm@wal-mart.com
Walmart Inc. (dba) Walmart Pharmacy (#5397),PH,262500,Active,10/27/2004,06/30/2026,955 Frontenac Drive East,,Winona,Winona,MN,55987,complic@wal-mart.com
Walmart Inc. (dba) Walmart Pharmacy (#5976),PH,264163,Active,07/12/2013,06/30/2026,11505 Ulysses St NE,,Blaine,Anoka,MN,55434,complic@wal-mart.com
Walmart Inc. (dba) Walmart Pharmacy (#5977),PH,263972,Active,10/01/2012,06/30/2026,12200 River Ridge Blvd,,Burnsville,Dakota,MN,55337,k0k00ql.s05977@us.wal-mart.com
Walmart Inc. (dba) Walmart Pharmacy (#5992),PH,263970,Active,09/27/2012,06/30/2026,20710 Keokuk Ave,,Lakeville,Dakota,MN,55044,jrevers.s05992.us@wal-mart.com
"Warren Community Hospital, Inc. (dba) North Valley Health Center",PH,264537,Active,08/19/2014,06/30/2026,300 West Good Samaritan Dr,,Warren,Marshall,MN,56762,ashley.sparby@northvalleyhealth.org
"Warren Pharmacy, Inc. (dba) Warren Pharmacy",PH,266690,Active,12/16/2022,06/30/2026,103 West Johnson Ave,,Warren,Marshall,MN,56762,pharmacy@warrenpharmacyinc.com
"Watertown Pharmacy, LLC",PH,261954,Active,11/03/2000,06/30/2026,204 Lewis Avenue South Suite 101,,Watertown,Carver,MN,55388,pharmacy@watertownpharmacy.com
"Watertown Pharmacy, LLC (dba) Spring Park Pharmacy",PH,263980,Active,10/25/2012,06/30/2026,"4689 Shoreline Dr, Suite 100",,Spring Park,Hennepin,MN,55384,pharmacy@springpark-pharmacy.com
"WeCare Pharmaceutical Services, Inc. (dba) Gojji Pharmacy",PH,266434,Active,10/06/2021,06/30/2026,2121 N D Street,,San Bernardino,,CA,92405,license@preveon.com
Wedgewood Pharmacy LLC,PH,267204,Active,09/16/2025,06/30/2026,1680 E. Northrop Blvd,Unit#5,Chandler,,AZ,85286,az-compliance@wedgewoodpharmacy.com
"Wedgewood Pharmacy, LLC",PH,266986,Active,08/28/2024,06/30/2026,5301 Young Street,,Bakersfield,,CA,93311,licensing@wedgewoodpharmacy.com
"Wedgewood Pharmacy, LLC",PH,266987,Active,08/28/2024,06/30/2026,4340 Georgetown Road,,Lexington,,KY,40511,licensing@wedgewoodpharmacy.com
"Wedgewood Pharmacy, LLC",PH,266988,Active,08/28/2024,06/30/2026,7631 E. Indian School Road,Suite 105,Scottsdale,,AZ,85251,licensing@wedgewoodpharmacy.com
"Wedgewood Pharmacy, LLC",PH,266989,Active,08/28/2024,06/30/2026,405 Heron Drive,Suite 200,Swedesboro,,NJ,08085,licensing@wedgewoodpharmacy.com
"Wegmans Food Markets, Inc.",PH,266176,Active,09/04/2020,06/30/2026,2873 Broadway St,Suite 100,Cheektowaga,,NY,14227,pharmacy.centrafill@wegmans.com
Welia Health,PH,266370,Active,06/23/2021,06/30/2026,301 Highway 65 S,,Mora,Kanabec,MN,55051,bthompson@welia.org
Welia Health,PH,266372,Active,06/23/2021,06/30/2026,1425 Main St N,,Pine City,Pine,MN,55063,jdvorak@welia.org
Welia Health,PH,266371,Active,06/23/2021,06/30/2026,301 Highway 65 S,,Mora,Kanabec,MN,55051,jdorak@welia.org
"WellDyneRx, LLC (dba) HealthDyne Pharmacy",PH,265276,Active,02/16/2017,06/30/2026,500 Eagles Landing Dr,,Lakeland,,FL,33810,administration@welldynerx.com
"Wellgistics Pharmacy, LLC (dba) Wellgistics Hub",PH,267332,Active,01/21/2026,06/30/2026,354 Eagles Landing Dr.,,Lakeland,,FL,33810,compliance@wellgisticsrx.com
"Wellness Center Pharmacy, Inc. (dba) Designer Drugs",PH,263763,Active,09/06/2011,06/30/2026,7304 Jarnigan Rd,,Chattanooga,,TN,37421,quality@compound-rx.com
"Wellness Pharmacy, Inc.",PH,267152,Active,07/03/2025,06/30/2026,"3401 Independence Drive, Suite 231",,Birmingham,,AL,35209,info@wellnesspharmacy.com
Wells Pharmacy Network LLC,PH,263987,Active,11/07/2012,06/30/2026,450 Us Hwy 51 Bypass N,,Dyersburg,,TN,38024,regulatoryaffairstenn@wellsrx.com
"Wells Pharmacy Network, LLC",PH,263946,Active,08/20/2012,06/30/2026,1210 SW 33rd Ave,,Ocala,,FL,34474,regulatoryaffairs@wellsrx.com
"Wells Specialty Pharmacy, Inc.",PH,265112,Active,07/18/2016,06/30/2026,3796 Howell Branch Rd,,Winter Park,,FL,32792,mmorgan@axiva.com
West 35th Apothecary LLC (dba) Skin Medicinals Pharmacy ,PH,266178,Active,09/04/2020,06/30/2026,"147 W 35th St, Suite 2",,New York,,NY,10001,apothecorx@apothecopharmacy.com
"West Acres Pharmacy, Inc (dba) West Acres Pharmacy",PH,260596,Active,07/01/1989,06/30/2026,West Acres Shopping Center,"3902 -13Th Ave S, #3706",Fargo,,ND,58103,wapharmacy3706@hotmail.com
"West Side Community Health Services, Inc (dba) West Side Community Health Services Pharmacy",PH,262084,Active,07/05/2002,06/30/2026,153 Cesar Chavez Street,,St Paul,Ramsey,MN,55107,jxanderson@mncare.org
"West Side Community Health Services, Inc. (dba) East Side Family Clinic Pharmacy",PH,263192,Active,06/09/2008,06/30/2026,895 East 7th Street,,St Paul,Ramsey,MN,55106,knelson@mncare.org
"Westmoreland Pharmacy, Inc.",PH,266774,Active,06/30/2023,06/30/2026,1945 State St.,Suite 100,New Albany,,IN,47150,info@westmorelandpharmacy.com
White Drug Co. of Jamestown Inc. (dba) Thrifty White Drug,PH,262910,Active,10/30/2006,06/30/2026,706 38th St NW,Unit A,Fargo,,ND,58102,licensing2@thriftywhite.com
White Drug Co. of Jamestown Inc. (dba) Thrifty White Pharmacy #039,PH,260906,Active,05/01/1992,06/30/2026,1401 33rd Street SW,,Fargo,,ND,58103,p039@thriftywhite.com
White Drug Co. of Jamestown Inc. (dba) Thrifty White Pharmacy #046,PH,261710,Active,07/01/1999,06/30/2026,1100 13Th Avenue East,,West Fargo,,ND,58078,licensing2@thriftywhite.com
White Drug Co. of Jamestown Inc. (dba) Thrifty White Pharmacy #068,PH,264128,Active,05/21/2013,06/30/2026,4255 30th Ave S,,Fargo,,ND,58104,licensing2@thriftywhite.com
White Drug Co. of Jamestown Inc. (dba) Thrifty White Pharmacy #081,PH,265104,Active,07/18/2016,06/30/2026,1395 C South Columbia Rd,,Grand Forks,,ND,58201,licensing2@thriftywhite.com
White Drug Co. of Jamestown Inc. (dba) Thrifty White Pharmacy #085,PH,266843,Active,11/01/2023,06/30/2026,1532 32nd Ave S,,Fargo,,ND,58103,Licensing2@thriftywhite.com
White Drug Co. of Jamestown Inc. (dba) Thrifty White Pharmacy #75,PH,264151,Active,07/02/2013,06/30/2026,387 11Th St S,Suite 2,Wahpeton,,ND,58075,licensing@thriftywhite.com
White Drug Co. of Jamestown Inc. (dba) White Drug #009,PH,263433,Active,10/02/2009,06/30/2026,2475 32nd Ave S,Suite #1,Grand Forks,,ND,58201,licensing2@thriftywhite.com
White Drug Co. of Jamestown Inc. (dba) White Drug #61,PH,262425,Active,03/31/2004,06/30/2026,706 38th St NW,Unit A,Fargo,,ND,58102,licensing2@thriftywhite.com
"White Drug Enterprises, Inc. (dba) Thrifty White Pharmacy (#022)",PH,260286,Active,10/15/1985,06/30/2026,2300 1st St S,,Willmar,Kandiyohi,MN,56201,p022@thriftywhite.com
"White Drug Enterprises, Inc. (dba) Thrifty White Pharmacy (#023)",PH,265775,Active,03/11/2019,06/30/2026,321 Highway 10 West,,Detroit Lakes,Becker,MN,56501,licensing2@thriftywhite.com
"White Drug Enterprises, Inc. (dba) Thrifty White Pharmacy (#037)",PH,260284,Active,10/15/1985,06/30/2026,211 Market Dr,Suite C,Perham,Otter Tail,MN,56573,licensing2@thriftywhite.com
"White Drug Enterprises, Inc. (dba) Thrifty White Pharmacy (#038)",PH,260285,Active,10/15/1985,06/30/2026,202 South 2nd Ave,,Virginia,St Louis,MN,55792,licensing@thriftywhite.com
"White Drug Enterprises, Inc. (dba) Thrifty White Pharmacy (#103)",PH,260287,Active,10/15/1985,06/30/2026,503 Third Avenue East,Suite 100,Alexandria,Douglas,MN,56308,licensing2@thriftywhite.com
"White Drug Enterprises, Inc. (dba)White Drug (#107) ",PH,260292,Active,10/15/1985,06/30/2026,Super One Foods,"707 Highway 33 South, Suite 12",Cloquet,Carlton,MN,55720,licensing2@thriftywhite.com
White Label Pharmacy LLC (dba) White Label Pharmacy,PH,266903,Active,04/29/2024,06/30/2026,2925 Country Club Rd,Ste 101,Denton ,,TX,76210,info@whitelabelpharmacy.com
"Wholescripts Pharmacy, LLC (dba Wholescripts Pharmacy)",PH,266270,Active,01/22/2021,06/30/2027,Wholescripts Pharmacy Llc,"6800 Kingspointe Parkway, Suite 100",Orlando,,FL,32819,pharmacy@wholescriptsrx.com
"Williams Bros. Health Care Pharmacy, Inc (dba) Williams Bros. Rx Express",PH,267050,Active,12/05/2024,06/30/2026,1998 State Street,,Washington,,IN,47501,wb_licensing@wbhcp.com
Windom Area Hospital (dba) Windom Area Health,PH,201243,Active,11/20/1975,06/30/2026,2150 Hospital Drive,,Windom,Cottonwood,MN,56101,angela.erickson@windomareahealth.org
Winona Health Services (dba) Winona Clinic Pharmacy,PH,263603,Active,10/22/2010,06/30/2026,859 Mankato Ave,,Winona,Winona,MN,55987,tfull@winonahealth.com
Winona Health Services (dba) Winona Health Services Hospital Pharmacy,PH,200691,Active,06/26/1975,06/30/2026,855 Mankato Ave,,Winona,Winona,MN,55987,aweber@winonahealth.org
Winona Pharmacies LLC (dba Winona Pharmacies),PH,266484,Active,01/10/2022,06/30/2026,615 Filer Ave,Ste 2,Twin Falls,,ID,83301,winonapharmacies@gmail.com
Wisconsin Medical Radiopharmacy LLC,PH,266863,Active,01/02/2024,06/30/2026,11236 W Lapham St,,West Allis,,WI,53214,mgoelz@radiopharmacy.com
"Women's International Pharmacy, Inc. (dba) Belmar Pharmacy",PH,266391,Active,07/06/2021,06/30/2026,2 Marsh Ct,,Madison,,WI,53718,mvioli@womensinternational.com
"Women's International Pharmacy, Inc. (dba) Belmar Pharmacy",PH,266376,Active,06/30/2021,06/30/2026,12012 N 111Th Ave,,Youngtown,,AZ,85363,jessica.michieli@belmarpharma.com
Wood Dale Pharmacy LLC (dba) Wood Dale Pharmacy,PH,266707,Active,02/21/2023,06/30/2026,232 E Irving Park Rd,,Wood Dale,,IL,60191,compliance@wooddalepharmacy.com
Work Injury Rx One LLC (dba) WIRX Pharmacy,PH,265597,Active,07/01/2018,06/30/2026,540 Pennsylvania Ave ,Ste 203,Fort Washington,,PA,19034,wirxpharmacy540@gmail.com
"Worthington Industries Medical Center, Inc. ",PH,264251,Active,10/29/2013,06/30/2026,"Worthington Industries Medical Center, Inc.",1250 Dearborn Dr,Columbus,,OH,43085,klchiles@worthingtonindustries.com
WP Pharma Labs INC (dba) WP Pharma Labs,PH,267130,Active,05/21/2025,06/30/2026,4001 McEwen Rd,Ste 110,Dallas,,TX,75244,regulatoryaffairs@wppharmalabs.com
Wyatt's Torch Inc (dba) Bell Pharmacy,PH,266580,Active,06/09/2022,06/30/2026,1201 Haddon Avenue,,Camden,,NJ,08103,info@bellpharmacycamden.com
"Xact Rx, LLC",PH,267061,Active,12/17/2024,06/30/2026,193 Coy Road,Suite 200,Weatherford,,TX,76087 ,ask@xactrx.com
XeCare LLC,PH,267282,Active,11/19/2025,06/30/2026,9750 Innovation Campus Way,,New Albany,,OH,43054,pharmacy@xecare.com
XeCare LLC,PH,266308,Active,03/29/2021,06/30/2026,9750 Innovation Campus Way,,New Albany,,OH,43054,pharmacy@xecare.com
Y Medical Associates Inc,PH,266139,Active,07/18/2020,06/30/2026,8840 N Macarthur Blvd,,Irving,,TX,75063,info@ymedical.com
"Yellowstone Chemists, Inc. (dba) J&D Pharmacy",PH,267295,Active,12/02/2025,06/30/2026,7168 Yellowstone Blvd,,Forest Hills,,NY,11375,janddpharmacy@gmail.com
"Zeal SP, LLC (dba) Zeal Specialty",PH,266814,Active,09/22/2023,06/30/2026,100 Business Center Dr,Suite 300,Pittsburgh,,PA,15205,licensing@zealsp.com
ZipHealth Inc. (dba) ZipHealth,PH,267138,Active,06/06/2025,06/30/2026,1876 Doctor Andres Way,Suite 83,Delray Beach,,FL,33445,licensing@ziphealth.co
"ZKR Investments, Ltd (dba) GuidePoint Pharmacy (#115)",PH,266121,Active,06/30/2020,06/30/2026,200 Barclay Ave,,Pine River,Cass,MN,56474,PR@GuidePointPharmacy.com

