{
"type": "FeatureCollection",
"name": "holc_twin_cities",
"crs": { "type": "name", "properties": { "name": "urn:ogc:def:crs:OGC:1.3:CRS84" } },
"features": [
{ "type": "Feature", "properties": { "area_id": 9102, "city": "Minneapolis", "state": "MN", "city_survey": true, "category": "Best", "grade": "A", "label": "A1", "residential": true, "commercial": false, "industrial": false, "fill": "#76a865" }, "geometry": { "type": "MultiPolygon", "coordinates": [ [ [ [ -93.24988, 44.91601 ], [ -93.24994, 44.9179 ], [ -93.25483, 44.91791 ], [ -93.2549, 44.91607 ], [ -93.25741, 44.91611 ], [ -93.2575, 44.91785 ], [ -93.2613, 44.91786 ], [ -93.26133, 44.91609 ], [ -93.2652, 44.91615 ], [ -93.26496, 44.9251 ], [ -93.26749, 44.9251 ], [ -93.26752, 44.9251 ], [ -93.26752, 44.92507 ], [ -93.26752, 44.92504 ], [ -93.26752, 44.92503 ], [ -93.26758, 44.92145 ], [ -93.26821, 44.9215 ], [ -93.26829, 44.91786 ], [ -93.2689, 44.91782 ], [ -93.26923, 44.91255 ], [ -93.26913, 44.91255 ], [ -93.2678, 44.91262 ], [ -93.2676, 44.90437 ], [ -93.26734, 44.90437 ], [ -93.26715, 44.90526 ], [ -93.26269, 44.90526 ], [ -93.26282, 44.89788 ], [ -93.25056, 44.89788 ], [ -93.25132, 44.89854 ], [ -93.25015, 44.90003 ], [ -93.2494, 44.90103 ], [ -93.24786, 44.90083 ], [ -93.24786, 44.90084 ], [ -93.24781, 44.90084 ], [ -93.24809, 44.90152 ], [ -93.24897, 44.90191 ], [ -93.25016, 44.90235 ], [ -93.25104, 44.90261 ], [ -93.2515, 44.90314 ], [ -93.25183, 44.90395 ], [ -93.25166, 44.90501 ], [ -93.25111, 44.90579 ], [ -93.25021, 44.90717 ], [ -93.24958, 44.90802 ], [ -93.2479, 44.90863 ], [ -93.24795, 44.90894 ], [ -93.24872, 44.90894 ], [ -93.24863, 44.91249 ], [ -93.24992, 44.91252 ], [ -93.24996, 44.9144 ], [ -93.25128, 44.91442 ], [ -93.25125, 44.91261 ], [ -93.25125, 44.91252 ], [ -93.25153, 44.91232 ], [ -93.25177, 44.90787 ], [ -93.25317, 44.9079 ], [ -93.25305, 44.91254 ], [ -93.25228, 44.91253 ], [ -93.25229, 44.91263 ], [ -93.25237, 44.91463 ], [ -93.25185, 44.91516 ], [ -93.25099, 44.91557 ], [ -93.24988, 44.91598 ], [ -93.24988, 44.91601 ] ] ], [ [ [ -93.24672, 44.91654 ], [ -93.24595, 44.91651 ], [ -93.24593, 44.92323 ], [ -93.24475, 44.92322 ], [ -93.24466, 44.92503 ], [ -93.24242, 44.92507 ], [ -93.24237, 44.92584 ], [ -93.2454, 44.92585 ], [ -93.24538, 44.92347 ], [ -93.24619, 44.92349 ], [ -93.24609, 44.92502 ], [ -93.24672, 44.92506 ], [ -93.24677, 44.92085 ], [ -93.24739, 44.92085 ], [ -93.24731, 44.91973 ], [ -93.24674, 44.91981 ], [ -93.24672, 44.91654 ] ] ] ] } },
{ "type": "Feature", "properties": { "area_id": 9143, "city": "Minneapolis", "state": "MN", "city_survey": true, "category": "Best", "grade": "A", "label": "A10", "residential": true, "commercial": false, "industrial": false, "fill": "#76a865" }, "geometry": { "type": "MultiPolygon", "coordinates": [ [ [ [ -93.31012, 44.96994 ], [ -93.3149, 44.96998 ], [ -93.31488, 44.97005 ], [ -93.31497, 44.97003 ], [ -93.31582, 44.9698 ], [ -93.31746, 44.96953 ], [ -93.31762, 44.96941 ], [ -93.3187, 44.96939 ], [ -93.3205, 44.96928 ], [ -93.32173, 44.96911 ], [ -93.32207, 44.9685 ], [ -93.32243, 44.96782 ], [ -93.32331, 44.96728 ], [ -93.3236, 44.96685 ], [ -93.32378, 44.96632 ], [ -93.32368, 44.96635 ], [ -93.32339, 44.96642 ], [ -93.31845, 44.96769 ], [ -93.31841, 44.96806 ], [ -93.31785, 44.96823 ], [ -93.31684, 44.96802 ], [ -93.31612, 44.96798 ], [ -93.31549, 44.96855 ], [ -93.31506, 44.96844 ], [ -93.31396, 44.96876 ], [ -93.31324, 44.96903 ], [ -93.31299, 44.96955 ], [ -93.31241, 44.96899 ], [ -93.3121, 44.96901 ], [ -93.31104, 44.9693 ], [ -93.31028, 44.96944 ], [ -93.31012, 44.96994 ] ] ] ] } },
{ "type": "Feature", "properties": { "area_id": 9138, "city": "Minneapolis", "state": "MN", "city_survey": true, "category": "Best", "grade": "A", "label": "A11", "residential": true, "commercial": false, "industrial": false, "fill": "#76a865" }, "geometry": { "type": "MultiPolygon", "coordinates": [ [ [ [ -93.31353, 44.99149 ], [ -93.31353, 44.99154 ], [ -93.31591, 44.99163 ], [ -93.31591, 44.99159 ], [ -93.31591, 44.99153 ], [ -93.31591, 44.99153 ], [ -93.31636, 44.99153 ], [ -93.31736, 44.99153 ], [ -93.31722, 44.98606 ], [ -93.31597, 44.98603 ], [ -93.31589, 44.98603 ], [ -93.31589, 44.98607 ], [ -93.31589, 44.9879 ], [ -93.31466, 44.98792 ], [ -93.31457, 44.98897 ], [ -93.31153, 44.98784 ], [ -93.30891, 44.988 ], [ -93.30897, 44.98959 ], [ -93.30821, 44.98978 ], [ -93.30812, 44.99147 ], [ -93.30824, 44.99147 ], [ -93.30824, 44.99151 ], [ -93.30824, 44.99153 ], [ -93.30824, 44.99156 ], [ -93.30949, 44.99154 ], [ -93.30949, 44.99151 ], [ -93.30948, 44.99148 ], [ -93.30942, 44.99076 ], [ -93.31344, 44.99083 ], [ -93.31352, 44.99146 ], [ -93.31353, 44.99149 ] ] ] ] } },
{ "type": "Feature", "properties": { "area_id": 9121, "city": "Minneapolis", "state": "MN", "city_survey": true, "category": "Best", "grade": "A", "label": "A12", "residential": true, "commercial": false, "industrial": false, "fill": "#76a865" }, "geometry": { "type": "MultiPolygon", "coordinates": [ [ [ [ -93.31592, 45.0016 ], [ -93.31595, 45.0016 ], [ -93.31599, 45.0016 ], [ -93.31593, 45.00423 ], [ -93.3158, 45.00969 ], [ -93.31689, 45.00977 ], [ -93.31692, 45.01057 ], [ -93.31819, 45.01054 ], [ -93.31835, 45.00056 ], [ -93.31821, 45.00056 ], [ -93.31645, 45.00059 ], [ -93.31614, 45.00059 ], [ -93.31609, 45.00059 ], [ -93.31598, 45.00059 ], [ -93.31592, 45.0016 ] ] ] ] } },
{ "type": "Feature", "properties": { "area_id": 9118, "city": "Minneapolis", "state": "MN", "city_survey": true, "category": "Best", "grade": "A", "label": "A13", "residential": true, "commercial": false, "industrial": false, "fill": "#76a865" }, "geometry": { "type": "MultiPolygon", "coordinates": [ [ [ [ -93.31848, 45.02757 ], [ -93.31621, 45.0276 ], [ -93.3163, 45.0356 ], [ -93.31856, 45.0356 ], [ -93.31892, 45.0356 ], [ -93.31866, 45.02756 ], [ -93.31848, 45.02757 ] ] ] ] } },
{ "type": "Feature", "properties": { "area_id": 9128, "city": "Minneapolis", "state": "MN", "city_survey": true, "category": "Best", "grade": "A", "label": "A14", "residential": true, "commercial": false, "industrial": false, "fill": "#76a865" }, "geometry": { "type": "MultiPolygon", "coordinates": [ [ [ [ -93.22954, 45.02212 ], [ -93.23329, 45.02228 ], [ -93.23419, 45.0229 ], [ -93.235, 45.02332 ], [ -93.23598, 45.02363 ], [ -93.23599, 45.02348 ], [ -93.23603, 45.01872 ], [ -93.2301, 45.01861 ], [ -93.22844, 45.02047 ], [ -93.22934, 45.02045 ], [ -93.22954, 45.02212 ] ] ] ] } },
{ "type": "Feature", "properties": { "area_id": 9101, "city": "Minneapolis", "state": "MN", "city_survey": true, "category": "Best", "grade": "A", "label": "A2", "residential": true, "commercial": false, "industrial": false, "fill": "#76a865" }, "geometry": { "type": "MultiPolygon", "coordinates": [ [ [ [ -93.29341, 44.92857 ], [ -93.29345, 44.92857 ], [ -93.29359, 44.92676 ], [ -93.29459, 44.92677 ], [ -93.29569, 44.92687 ], [ -93.2961, 44.92673 ], [ -93.29631, 44.92625 ], [ -93.29648, 44.92548 ], [ -93.29688, 44.92509 ], [ -93.29734, 44.92501 ], [ -93.29736, 44.92527 ], [ -93.29749, 44.92598 ], [ -93.29811, 44.92663 ], [ -93.29885, 44.92714 ], [ -93.30016, 44.92757 ], [ -93.30126, 44.92787 ], [ -93.30242, 44.92814 ], [ -93.30351, 44.92825 ], [ -93.30487, 44.92845 ], [ -93.30654, 44.92811 ], [ -93.30786, 44.92765 ], [ -93.30861, 44.92723 ], [ -93.30936, 44.92737 ], [ -93.30942, 44.92739 ], [ -93.31107, 44.92466 ], [ -93.31133, 44.92451 ], [ -93.31134, 44.9245 ], [ -93.31132, 44.92449 ], [ -93.31143, 44.92432 ], [ -93.3125, 44.92456 ], [ -93.31297, 44.92407 ], [ -93.31459, 44.92433 ], [ -93.31524, 44.92326 ], [ -93.31517, 44.92141 ], [ -93.31748, 44.92148 ], [ -93.31761, 44.91423 ], [ -93.31505, 44.9142 ], [ -93.31499, 44.91066 ], [ -93.31619, 44.91073 ], [ -93.31628, 44.9071 ], [ -93.31752, 44.9071 ], [ -93.31739, 44.90527 ], [ -93.30873, 44.90517 ], [ -93.30873, 44.90498 ], [ -93.29725, 44.90494 ], [ -93.29725, 44.90502 ], [ -93.28833, 44.90511 ], [ -93.28839, 44.90769 ], [ -93.28758, 44.90758 ], [ -93.28682, 44.90734 ], [ -93.28687, 44.90659 ], [ -93.28569, 44.90663 ], [ -93.28554, 44.90516 ], [ -93.28458, 44.90519 ], [ -93.28164, 44.90437 ], [ -93.28174, 44.90148 ], [ -93.27953, 44.90147 ], [ -93.27945, 44.90536 ], [ -93.2783, 44.90603 ], [ -93.27819, 44.90513 ], [ -93.27696, 44.90524 ], [ -93.27699, 44.90225 ], [ -93.27696, 44.90083 ], [ -93.27699, 44.89968 ], [ -93.27697, 44.89785 ], [ -93.27698, 44.89785 ], [ -93.2711, 44.89777 ], [ -93.27125, 44.8993 ], [ -93.27133, 44.9009 ], [ -93.27123, 44.90168 ], [ -93.27096, 44.90231 ], [ -93.2705, 44.90295 ], [ -93.26992, 44.90312 ], [ -93.2688, 44.90321 ], [ -93.26853, 44.90341 ], [ -93.26834, 44.90398 ], [ -93.2676, 44.90433 ], [ -93.2676, 44.90437 ], [ -93.2678, 44.91262 ], [ -93.26913, 44.91255 ], [ -93.26923, 44.91255 ], [ -93.27005, 44.91251 ], [ -93.27005, 44.91207 ], [ -93.27033, 44.91169 ], [ -93.27102, 44.91125 ], [ -93.27198, 44.91101 ], [ -93.27299, 44.9108 ], [ -93.27301, 44.91244 ], [ -93.27159, 44.91248 ], [ -93.27163, 44.91431 ], [ -93.27408, 44.91422 ], [ -93.27414, 44.91611 ], [ -93.27806, 44.91609 ], [ -93.2782, 44.92145 ], [ -93.28829, 44.92143 ], [ -93.28839, 44.92499 ], [ -93.29088, 44.92495 ], [ -93.29088, 44.9285 ], [ -93.29341, 44.92857 ] ], [ [ -93.30407, 44.916 ], [ -93.30525, 44.91585 ], [ -93.30662, 44.91586 ], [ -93.30782, 44.9159 ], [ -93.30885, 44.91601 ], [ -93.30993, 44.91634 ], [ -93.31137, 44.91676 ], [ -93.3122, 44.91718 ], [ -93.31319, 44.91773 ], [ -93.31345, 44.91825 ], [ -93.31351, 44.91902 ], [ -93.31325, 44.91947 ], [ -93.31315, 44.91971 ], [ -93.31284, 44.92031 ], [ -93.3126, 44.92099 ], [ -93.31201, 44.92162 ], [ -93.31143, 44.92245 ], [ -93.31062, 44.92362 ], [ -93.31019, 44.92471 ], [ -93.30959, 44.92566 ], [ -93.30903, 44.92672 ], [ -93.30854, 44.92715 ], [ -93.30779, 44.92753 ], [ -93.30644, 44.92805 ], [ -93.30513, 44.92833 ], [ -93.30402, 44.92823 ], [ -93.30269, 44.92808 ], [ -93.30156, 44.92778 ], [ -93.30031, 44.92747 ], [ -93.29896, 44.92708 ], [ -93.29851, 44.92674 ], [ -93.29803, 44.92625 ], [ -93.2976, 44.92536 ], [ -93.29732, 44.92461 ], [ -93.29709, 44.92307 ], [ -93.29736, 44.92228 ], [ -93.29833, 44.92047 ], [ -93.29894, 44.91928 ], [ -93.29988, 44.91806 ], [ -93.3005, 44.9173 ], [ -93.30111, 44.91699 ], [ -93.30261, 44.91635 ], [ -93.30407, 44.916 ] ] ] ] } },
{ "type": "Feature", "properties": { "area_id": 9149, "city": "Minneapolis", "state": "MN", "city_survey": true, "category": "Best", "grade": "A", "label": "A3", "residential": true, "commercial": false, "industrial": false, "fill": "#76a865" }, "geometry": { "type": "MultiPolygon", "coordinates": [ [ [ [ -93.3174, 44.93499 ], [ -93.31739, 44.93502 ], [ -93.31794, 44.93496 ], [ -93.31884, 44.93499 ], [ -93.3195, 44.93515 ], [ -93.3201, 44.93542 ], [ -93.32055, 44.93595 ], [ -93.32082, 44.93654 ], [ -93.32067, 44.93698 ], [ -93.32029, 44.93749 ], [ -93.32008, 44.93801 ], [ -93.31983, 44.93846 ], [ -93.31976, 44.93888 ], [ -93.31997, 44.93941 ], [ -93.3204, 44.94016 ], [ -93.32063, 44.94069 ], [ -93.32066, 44.94123 ], [ -93.32073, 44.942 ], [ -93.32055, 44.94305 ], [ -93.32009, 44.94428 ], [ -93.31988, 44.94478 ], [ -93.3217, 44.94491 ], [ -93.32236, 44.94442 ], [ -93.32282, 44.94395 ], [ -93.32288, 44.94331 ], [ -93.32291, 44.94273 ], [ -93.32266, 44.9422 ], [ -93.32211, 44.94164 ], [ -93.32168, 44.94134 ], [ -93.32219, 44.94129 ], [ -93.32224, 44.94065 ], [ -93.32114, 44.94057 ], [ -93.32143, 44.94003 ], [ -93.32178, 44.93937 ], [ -93.32188, 44.93855 ], [ -93.32155, 44.93784 ], [ -93.32297, 44.93782 ], [ -93.32279, 44.9374 ], [ -93.32283, 44.93421 ], [ -93.32892, 44.93427 ], [ -93.3288, 44.93057 ], [ -93.32399, 44.93061 ], [ -93.32394, 44.92875 ], [ -93.3214, 44.92873 ], [ -93.32148, 44.92345 ], [ -93.31888, 44.92342 ], [ -93.31894, 44.92509 ], [ -93.31609, 44.92471 ], [ -93.31596, 44.92684 ], [ -93.31343, 44.92686 ], [ -93.31402, 44.92598 ], [ -93.31262, 44.92544 ], [ -93.31152, 44.92464 ], [ -93.31134, 44.9245 ], [ -93.31133, 44.92451 ], [ -93.31107, 44.92466 ], [ -93.30942, 44.92739 ], [ -93.30936, 44.92737 ], [ -93.30952, 44.92807 ], [ -93.30952, 44.92857 ], [ -93.30916, 44.92907 ], [ -93.30933, 44.92988 ], [ -93.30926, 44.93029 ], [ -93.30907, 44.93109 ], [ -93.3089, 44.93128 ], [ -93.30938, 44.93161 ], [ -93.30965, 44.93132 ], [ -93.30994, 44.931 ], [ -93.3104, 44.93086 ], [ -93.31104, 44.93068 ], [ -93.31152, 44.93072 ], [ -93.31222, 44.93127 ], [ -93.31234, 44.93171 ], [ -93.31212, 44.93219 ], [ -93.31149, 44.93269 ], [ -93.3111, 44.93298 ], [ -93.3107, 44.93331 ], [ -93.31027, 44.93344 ], [ -93.31048, 44.93365 ], [ -93.31049, 44.93367 ], [ -93.31115, 44.93339 ], [ -93.31173, 44.93316 ], [ -93.31245, 44.9327 ], [ -93.31266, 44.93253 ], [ -93.31298, 44.93255 ], [ -93.3129, 44.93396 ], [ -93.3175, 44.93408 ], [ -93.3174, 44.93499 ] ] ] ] } },
{ "type": "Feature", "properties": { "area_id": 9150, "city": "Minneapolis", "state": "MN", "city_survey": true, "category": "Best", "grade": "A", "label": "A4", "residential": true, "commercial": false, "industrial": false, "fill": "#76a865" }, "geometry": { "type": "MultiPolygon", "coordinates": [ [ [ [ -93.30035, 44.93765 ], [ -93.30045, 44.93765 ], [ -93.30038, 44.94121 ], [ -93.30203, 44.94128 ], [ -93.30216, 44.94016 ], [ -93.30297, 44.94026 ], [ -93.3031, 44.9403 ], [ -93.30312, 44.94001 ], [ -93.30347, 44.93955 ], [ -93.30357, 44.93909 ], [ -93.3037, 44.93859 ], [ -93.30367, 44.93817 ], [ -93.30364, 44.93771 ], [ -93.30035, 44.93761 ], [ -93.30035, 44.93765 ] ] ] ] } },
{ "type": "Feature", "properties": { "area_id": 9166, "city": "Minneapolis", "state": "MN", "city_survey": true, "category": "Best", "grade": "A", "label": "A5", "residential": true, "commercial": false, "industrial": false, "fill": "#76a865" }, "geometry": { "type": "MultiPolygon", "coordinates": [ [ [ [ -93.22557, 44.91656 ], [ -93.22562, 44.91676 ], [ -93.22554, 44.91747 ], [ -93.22587, 44.91776 ], [ -93.22592, 44.91798 ], [ -93.22557, 44.91819 ], [ -93.22571, 44.91839 ], [ -93.22594, 44.91879 ], [ -93.2261, 44.91908 ], [ -93.22725, 44.91931 ], [ -93.22808, 44.91933 ], [ -93.22866, 44.91897 ], [ -93.22949, 44.91818 ], [ -93.23037, 44.91791 ], [ -93.23127, 44.91801 ], [ -93.23206, 44.91849 ], [ -93.23213, 44.92322 ], [ -93.23155, 44.92324 ], [ -93.2315, 44.92518 ], [ -93.23347, 44.92515 ], [ -93.23348, 44.9251 ], [ -93.23353, 44.92318 ], [ -93.23245, 44.92318 ], [ -93.23236, 44.91804 ], [ -93.23348, 44.91803 ], [ -93.23346, 44.91355 ], [ -93.23347, 44.91256 ], [ -93.23426, 44.9122 ], [ -93.23623, 44.90967 ], [ -93.23616, 44.90893 ], [ -93.23587, 44.90879 ], [ -93.23603, 44.90815 ], [ -93.23673, 44.90744 ], [ -93.23843, 44.90575 ], [ -93.23904, 44.90493 ], [ -93.23995, 44.9037 ], [ -93.24064, 44.9029 ], [ -93.2408, 44.90235 ], [ -93.24218, 44.90199 ], [ -93.24328, 44.90169 ], [ -93.24442, 44.90151 ], [ -93.24549, 44.90139 ], [ -93.24747, 44.9014 ], [ -93.2475, 44.90084 ], [ -93.24596, 44.90083 ], [ -93.24446, 44.9009 ], [ -93.24341, 44.90098 ], [ -93.24249, 44.90132 ], [ -93.24152, 44.90181 ], [ -93.24028, 44.90178 ], [ -93.23935, 44.90266 ], [ -93.23897, 44.90357 ], [ -93.2386, 44.90372 ], [ -93.23481, 44.90354 ], [ -93.23481, 44.90723 ], [ -93.23455, 44.909 ], [ -93.2335, 44.909 ], [ -93.23348, 44.9108 ], [ -93.23228, 44.91081 ], [ -93.23228, 44.91747 ], [ -93.23098, 44.91741 ], [ -93.23094, 44.91656 ], [ -93.22557, 44.91656 ] ] ] ] } },
{ "type": "Feature", "properties": { "area_id": 9110, "city": "Minneapolis", "state": "MN", "city_survey": true, "category": "Best", "grade": "A", "label": "A6", "residential": true, "commercial": false, "industrial": false, "fill": "#76a865" }, "geometry": { "type": "MultiPolygon", "coordinates": [ [ [ [ -93.2065, 44.93791 ], [ -93.20611, 44.93815 ], [ -93.20543, 44.93841 ], [ -93.20474, 44.93858 ], [ -93.2044, 44.93909 ], [ -93.20424, 44.93979 ], [ -93.20438, 44.94043 ], [ -93.20465, 44.94117 ], [ -93.20462, 44.94165 ], [ -93.20429, 44.9423 ], [ -93.20388, 44.94295 ], [ -93.20361, 44.94356 ], [ -93.20364, 44.94424 ], [ -93.20382, 44.9451 ], [ -93.20636, 44.94509 ], [ -93.20763, 44.94508 ], [ -93.20781, 44.93787 ], [ -93.20665, 44.93782 ], [ -93.2065, 44.93791 ] ] ] ] } },
{ "type": "Feature", "properties": { "area_id": 9160, "city": "Minneapolis", "state": "MN", "city_survey": true, "category": "Best", "grade": "A", "label": "A7", "residential": true, "commercial": false, "industrial": false, "fill": "#76a865" }, "geometry": { "type": "MultiPolygon", "coordinates": [ [ [ [ -93.20762, 44.94963 ], [ -93.20759, 44.94961 ], [ -93.2077, 44.95081 ], [ -93.2076, 44.95104 ], [ -93.20867, 44.95157 ], [ -93.20988, 44.95202 ], [ -93.21129, 44.95286 ], [ -93.21281, 44.95386 ], [ -93.21322, 44.95444 ], [ -93.21329, 44.95439 ], [ -93.21411, 44.95376 ], [ -93.20762, 44.94963 ] ] ], [ [ [ -93.21447, 44.95508 ], [ -93.21366, 44.95561 ], [ -93.2149, 44.95633 ], [ -93.21612, 44.95689 ], [ -93.21742, 44.95778 ], [ -93.21903, 44.95919 ], [ -93.22211, 44.96151 ], [ -93.22315, 44.96241 ], [ -93.22395, 44.96295 ], [ -93.22593, 44.96284 ], [ -93.22596, 44.96284 ], [ -93.21964, 44.95859 ], [ -93.21617, 44.95626 ], [ -93.21456, 44.95502 ], [ -93.21447, 44.95508 ] ] ], [ [ [ -93.21773, 44.96386 ], [ -93.21773, 44.96386 ], [ -93.21941, 44.96386 ], [ -93.21272, 44.95909 ], [ -93.21191, 44.95962 ], [ -93.21196, 44.95965 ], [ -93.21773, 44.96386 ] ] ] ] } },
{ "type": "Feature", "properties": { "area_id": 9145, "city": "Minneapolis", "state": "MN", "city_survey": true, "category": "Best", "grade": "A", "label": "A8", "residential": true, "commercial": false, "industrial": false, "fill": "#76a865" }, "geometry": { "type": "MultiPolygon", "coordinates": [ [ [ [ -93.32504, 44.95342 ], [ -93.32504, 44.95346 ], [ -93.32867, 44.95378 ], [ -93.32865, 44.95006 ], [ -93.32859, 44.95006 ], [ -93.32506, 44.95005 ], [ -93.32504, 44.95342 ] ] ] ] } },
{ "type": "Feature", "properties": { "area_id": 9156, "city": "Minneapolis", "state": "MN", "city_survey": true, "category": "Best", "grade": "A", "label": "A9", "residential": true, "commercial": false, "industrial": false, "fill": "#76a865" }, "geometry": { "type": "MultiPolygon", "coordinates": [ [ [ [ -93.30478, 44.96 ], [ -93.30478, 44.96001 ], [ -93.30685, 44.95995 ], [ -93.30897, 44.96013 ], [ -93.31025, 44.96057 ], [ -93.31102, 44.96022 ], [ -93.3116, 44.9593 ], [ -93.31296, 44.95917 ], [ -93.31319, 44.95843 ], [ -93.31388, 44.95782 ], [ -93.31393, 44.95733 ], [ -93.31475, 44.95644 ], [ -93.31562, 44.95568 ], [ -93.31651, 44.95577 ], [ -93.31661, 44.95577 ], [ -93.3189, 44.95362 ], [ -93.31868, 44.95361 ], [ -93.31823, 44.95353 ], [ -93.31764, 44.95324 ], [ -93.3174, 44.953 ], [ -93.31755, 44.95234 ], [ -93.31737, 44.95185 ], [ -93.31035, 44.9519 ], [ -93.31204, 44.95225 ], [ -93.31209, 44.95357 ], [ -93.31252, 44.95449 ], [ -93.31224, 44.95482 ], [ -93.31224, 44.95603 ], [ -93.31252, 44.95697 ], [ -93.31212, 44.95782 ], [ -93.31148, 44.95796 ], [ -93.31051, 44.95805 ], [ -93.30974, 44.95928 ], [ -93.30902, 44.95959 ], [ -93.30836, 44.95981 ], [ -93.30708, 44.95822 ], [ -93.30667, 44.95758 ], [ -93.30626, 44.95706 ], [ -93.30573, 44.95738 ], [ -93.30537, 44.95802 ], [ -93.30486, 44.95856 ], [ -93.30455, 44.95936 ], [ -93.30478, 44.96 ] ] ], [ [ [ -93.28834, 44.96719 ], [ -93.28909, 44.96714 ], [ -93.28987, 44.96763 ], [ -93.29042, 44.96811 ], [ -93.29048, 44.96879 ], [ -93.29068, 44.96936 ], [ -93.29111, 44.96951 ], [ -93.29206, 44.96951 ], [ -93.29374, 44.96954 ], [ -93.29437, 44.96957 ], [ -93.29483, 44.96961 ], [ -93.29565, 44.96896 ], [ -93.29655, 44.96871 ], [ -93.29786, 44.96865 ], [ -93.29951, 44.96894 ], [ -93.29962, 44.96868 ], [ -93.2992, 44.96838 ], [ -93.29914, 44.96796 ], [ -93.30367, 44.96813 ], [ -93.30478, 44.96786 ], [ -93.30476, 44.96656 ], [ -93.30476, 44.96654 ], [ -93.30363, 44.9665 ], [ -93.3036, 44.96383 ], [ -93.30353, 44.96334 ], [ -93.30271, 44.96208 ], [ -93.30193, 44.96142 ], [ -93.3014, 44.96082 ], [ -93.30144, 44.96062 ], [ -93.30197, 44.9596 ], [ -93.30259, 44.95874 ], [ -93.30311, 44.9581 ], [ -93.30375, 44.95711 ], [ -93.30355, 44.95651 ], [ -93.30272, 44.95597 ], [ -93.30167, 44.95552 ], [ -93.30148, 44.95505 ], [ -93.30221, 44.95415 ], [ -93.30263, 44.95302 ], [ -93.30136, 44.95272 ], [ -93.30126, 44.95269 ], [ -93.29996, 44.95589 ], [ -93.29994, 44.96088 ], [ -93.29946, 44.9629 ], [ -93.29951, 44.96447 ], [ -93.30193, 44.96447 ], [ -93.30204, 44.96646 ], [ -93.28874, 44.96628 ], [ -93.28869, 44.96639 ], [ -93.28838, 44.9671 ], [ -93.28834, 44.96719 ] ] ] ] } },
{ "type": "Feature", "properties": { "area_id": 9125, "city": "Minneapolis", "state": "MN", "city_survey": true, "category": "Still Desirable", "grade": "B", "label": "B1", "residential": true, "commercial": false, "industrial": false, "fill": "#7cb5bd" }, "geometry": { "type": "MultiPolygon", "coordinates": [ [ [ [ -93.25838, 45.03263 ], [ -93.25737, 45.03132 ], [ -93.25617, 45.03148 ], [ -93.2549, 45.03139 ], [ -93.25456, 45.03172 ], [ -93.25404, 45.0321 ], [ -93.25333, 45.03232 ], [ -93.25278, 45.0325 ], [ -93.25189, 45.0325 ], [ -93.25104, 45.03245 ], [ -93.25015, 45.03255 ], [ -93.24908, 45.03306 ], [ -93.24871, 45.03307 ], [ -93.24873, 45.03379 ], [ -93.25016, 45.03381 ], [ -93.25068, 45.03388 ], [ -93.25206, 45.03396 ], [ -93.253, 45.03379 ], [ -93.25353, 45.03379 ], [ -93.25389, 45.03364 ], [ -93.25512, 45.03358 ], [ -93.25709, 45.03302 ], [ -93.25838, 45.03263 ] ] ] ] } },
{ "type": "Feature", "properties": { "area_id": 9155, "city": "Minneapolis", "state": "MN", "city_survey": true, "category": "Still Desirable", "grade": "B", "label": "B10", "residential": true, "commercial": false, "industrial": false, "fill": "#7cb5bd" }, "geometry": { "type": "MultiPolygon", "coordinates": [ [ [ [ -93.28196, 44.96775 ], [ -93.28349, 44.96789 ], [ -93.28499, 44.96821 ], [ -93.28615, 44.96855 ], [ -93.28641, 44.96889 ], [ -93.28754, 44.96892 ], [ -93.28757, 44.96892 ], [ -93.28834, 44.96719 ], [ -93.28838, 44.9671 ], [ -93.28869, 44.96639 ], [ -93.28874, 44.96628 ], [ -93.28919, 44.96527 ], [ -93.28916, 44.96527 ], [ -93.28859, 44.96525 ], [ -93.28865, 44.96267 ], [ -93.28788, 44.96267 ], [ -93.28823, 44.95189 ], [ -93.28685, 44.95189 ], [ -93.28684, 44.95381 ], [ -93.28116, 44.95377 ], [ -93.28121, 44.95552 ], [ -93.2781, 44.9555 ], [ -93.27812, 44.96276 ], [ -93.2807, 44.96274 ], [ -93.28065, 44.96413 ], [ -93.27935, 44.96413 ], [ -93.27936, 44.9663 ], [ -93.28077, 44.96626 ], [ -93.2808, 44.96763 ], [ -93.28196, 44.96761 ], [ -93.28196, 44.96775 ] ] ] ] } },
{ "type": "Feature", "properties": { "area_id": 9146, "city": "Minneapolis", "state": "MN", "city_survey": true, "category": "Still Desirable", "grade": "B", "label": "B11", "residential": true, "commercial": false, "industrial": false, "fill": "#7cb5bd" }, "geometry": { "type": "MultiPolygon", "coordinates": [ [ [ [ -93.32125, 44.95314 ], [ -93.32125, 44.95315 ], [ -93.32196, 44.9531 ], [ -93.32306, 44.95315 ], [ -93.32441, 44.9534 ], [ -93.32504, 44.95342 ], [ -93.32506, 44.95005 ], [ -93.32859, 44.95006 ], [ -93.32863, 44.94823 ], [ -93.3286, 44.94823 ], [ -93.32488, 44.94818 ], [ -93.32463, 44.94866 ], [ -93.32418, 44.94885 ], [ -93.32414, 44.94917 ], [ -93.32269, 44.95021 ], [ -93.32164, 44.95184 ], [ -93.32076, 44.95234 ], [ -93.32125, 44.95314 ] ] ] ] } },
{ "type": "Feature", "properties": { "area_id": 9148, "city": "Minneapolis", "state": "MN", "city_survey": true, "category": "Still Desirable", "grade": "B", "label": "B12", "residential": true, "commercial": false, "industrial": false, "fill": "#7cb5bd" }, "geometry": { "type": "MultiPolygon", "coordinates": [ [ [ [ -93.31988, 44.94478 ], [ -93.3198, 44.94477 ], [ -93.31941, 44.94546 ], [ -93.31884, 44.94592 ], [ -93.31848, 44.94639 ], [ -93.31779, 44.94683 ], [ -93.31713, 44.94756 ], [ -93.31652, 44.94806 ], [ -93.31628, 44.94871 ], [ -93.31781, 44.94845 ], [ -93.31772, 44.94845 ], [ -93.31863, 44.94806 ], [ -93.32005, 44.94759 ], [ -93.3205, 44.94741 ], [ -93.32086, 44.94711 ], [ -93.32136, 44.94673 ], [ -93.32184, 44.94622 ], [ -93.32235, 44.94577 ], [ -93.32297, 44.945 ], [ -93.3217, 44.94491 ], [ -93.31988, 44.94478 ] ] ] ] } },
{ "type": "Feature", "properties": { "area_id": 9152, "city": "Minneapolis", "state": "MN", "city_survey": true, "category": "Still Desirable", "grade": "B", "label": "B13", "residential": true, "commercial": false, "industrial": false, "fill": "#7cb5bd" }, "geometry": { "type": "MultiPolygon", "coordinates": [ [ [ [ -93.27978, 44.94471 ], [ -93.27983, 44.94471 ], [ -93.28283, 44.94469 ], [ -93.28289, 44.94833 ], [ -93.29583, 44.94834 ], [ -93.29842, 44.94835 ], [ -93.29837, 44.94988 ], [ -93.29829, 44.95199 ], [ -93.3, 44.95239 ], [ -93.30001, 44.9524 ], [ -93.30126, 44.95269 ], [ -93.30136, 44.95272 ], [ -93.30263, 44.95302 ], [ -93.30269, 44.95303 ], [ -93.30295, 44.95275 ], [ -93.30412, 44.9519 ], [ -93.30521, 44.95139 ], [ -93.30578, 44.95118 ], [ -93.30519, 44.95049 ], [ -93.30519, 44.94993 ], [ -93.30552, 44.94924 ], [ -93.30601, 44.94881 ], [ -93.30593, 44.94823 ], [ -93.3057, 44.94729 ], [ -93.30524, 44.9461 ], [ -93.30506, 44.9455 ], [ -93.30411, 44.94412 ], [ -93.30341, 44.94229 ], [ -93.30354, 44.94043 ], [ -93.3031, 44.9403 ], [ -93.30297, 44.94026 ], [ -93.30216, 44.94016 ], [ -93.30203, 44.94128 ], [ -93.30038, 44.94121 ], [ -93.30045, 44.93765 ], [ -93.30035, 44.93765 ], [ -93.2996, 44.93769 ], [ -93.29951, 44.93955 ], [ -93.29859, 44.93953 ], [ -93.29856, 44.94126 ], [ -93.29772, 44.94127 ], [ -93.2978, 44.93764 ], [ -93.29333, 44.93761 ], [ -93.29331, 44.93418 ], [ -93.2907, 44.93413 ], [ -93.29082, 44.93046 ], [ -93.29339, 44.9305 ], [ -93.29341, 44.92857 ], [ -93.29088, 44.9285 ], [ -93.29088, 44.92495 ], [ -93.28839, 44.92499 ], [ -93.28829, 44.92143 ], [ -93.2782, 44.92145 ], [ -93.27806, 44.91609 ], [ -93.27414, 44.91611 ], [ -93.27408, 44.91422 ], [ -93.27163, 44.91431 ], [ -93.27159, 44.91248 ], [ -93.27301, 44.91244 ], [ -93.27299, 44.9108 ], [ -93.27198, 44.91101 ], [ -93.27102, 44.91125 ], [ -93.27033, 44.91169 ], [ -93.27005, 44.91207 ], [ -93.27005, 44.91251 ], [ -93.26923, 44.91255 ], [ -93.2689, 44.91782 ], [ -93.26829, 44.91786 ], [ -93.26821, 44.9215 ], [ -93.26758, 44.92145 ], [ -93.26752, 44.92503 ], [ -93.26871, 44.92507 ], [ -93.26888, 44.92491 ], [ -93.26902, 44.91784 ], [ -93.27158, 44.91794 ], [ -93.2715, 44.92143 ], [ -93.27397, 44.92148 ], [ -93.27406, 44.92872 ], [ -93.27233, 44.92872 ], [ -93.27219, 44.92872 ], [ -93.27227, 44.93224 ], [ -93.27286, 44.93222 ], [ -93.27278, 44.93948 ], [ -93.2716, 44.93944 ], [ -93.27162, 44.94664 ], [ -93.27171, 44.94664 ], [ -93.2781, 44.94666 ], [ -93.27804, 44.94478 ], [ -93.27978, 44.94471 ] ], [ [ -93.2893, 44.94665 ], [ -93.28935, 44.94665 ], [ -93.28934, 44.94729 ], [ -93.28682, 44.94732 ], [ -93.28677, 44.94658 ], [ -93.2893, 44.94665 ] ], [ [ -93.2796, 44.9318 ], [ -93.27961, 44.93224 ], [ -93.2781, 44.93227 ], [ -93.278, 44.93053 ], [ -93.27959, 44.93053 ], [ -93.2796, 44.9318 ] ] ] ] } },
{ "type": "Feature", "properties": { "area_id": 9098, "city": "Minneapolis", "state": "MN", "city_survey": true, "category": "Still Desirable", "grade": "B", "label": "B14", "residential": true, "commercial": false, "industrial": false, "fill": "#7cb5bd" }, "geometry": { "type": "MultiPolygon", "coordinates": [ [ [ [ -93.31134, 44.9245 ], [ -93.31152, 44.92464 ], [ -93.31262, 44.92544 ], [ -93.31402, 44.92598 ], [ -93.31343, 44.92686 ], [ -93.31596, 44.92684 ], [ -93.31609, 44.92471 ], [ -93.31894, 44.92509 ], [ -93.31888, 44.92342 ], [ -93.32148, 44.92345 ], [ -93.3214, 44.92873 ], [ -93.32394, 44.92875 ], [ -93.32399, 44.93061 ], [ -93.3288, 44.93057 ], [ -93.32891, 44.93057 ], [ -93.32898, 44.92361 ], [ -93.32887, 44.9236 ], [ -93.32526, 44.92336 ], [ -93.32529, 44.92289 ], [ -93.32278, 44.9233 ], [ -93.31894, 44.92329 ], [ -93.31891, 44.92154 ], [ -93.32887, 44.92161 ], [ -93.32896, 44.92161 ], [ -93.32903, 44.90531 ], [ -93.31882, 44.90519 ], [ -93.31885, 44.90139 ], [ -93.30879, 44.90145 ], [ -93.30873, 44.90498 ], [ -93.30873, 44.90517 ], [ -93.31739, 44.90527 ], [ -93.31752, 44.9071 ], [ -93.31628, 44.9071 ], [ -93.31619, 44.91073 ], [ -93.31499, 44.91066 ], [ -93.31505, 44.9142 ], [ -93.31761, 44.91423 ], [ -93.31748, 44.92148 ], [ -93.31517, 44.92141 ], [ -93.31524, 44.92326 ], [ -93.31459, 44.92433 ], [ -93.31297, 44.92407 ], [ -93.3125, 44.92456 ], [ -93.31143, 44.92432 ], [ -93.31132, 44.92449 ], [ -93.31134, 44.9245 ] ] ], [ [ [ -93.31048, 44.93365 ], [ -93.31038, 44.93377 ], [ -93.31038, 44.93408 ], [ -93.31214, 44.93424 ], [ -93.31296, 44.93443 ], [ -93.31365, 44.93475 ], [ -93.31439, 44.93505 ], [ -93.31592, 44.93505 ], [ -93.31701, 44.9351 ], [ -93.3174, 44.93499 ], [ -93.3175, 44.93408 ], [ -93.3129, 44.93396 ], [ -93.31298, 44.93255 ], [ -93.31266, 44.93253 ], [ -93.31245, 44.9327 ], [ -93.31173, 44.93316 ], [ -93.31115, 44.93339 ], [ -93.31049, 44.93367 ], [ -93.31048, 44.93365 ] ] ] ] } },
{ "type": "Feature", "properties": { "area_id": 9100, "city": "Minneapolis", "state": "MN", "city_survey": true, "category": "Still Desirable", "grade": "B", "label": "B15", "residential": true, "commercial": false, "industrial": false, "fill": "#7cb5bd" }, "geometry": { "type": "MultiPolygon", "coordinates": [ [ [ [ -93.27698, 44.89785 ], [ -93.27697, 44.89785 ], [ -93.27699, 44.89968 ], [ -93.27696, 44.90083 ], [ -93.27699, 44.90225 ], [ -93.27696, 44.90524 ], [ -93.27819, 44.90513 ], [ -93.2783, 44.90603 ], [ -93.27945, 44.90536 ], [ -93.27953, 44.90147 ], [ -93.28174, 44.90148 ], [ -93.28164, 44.90437 ], [ -93.28458, 44.90519 ], [ -93.28554, 44.90516 ], [ -93.28569, 44.90663 ], [ -93.28687, 44.90659 ], [ -93.28682, 44.90734 ], [ -93.28758, 44.90758 ], [ -93.28839, 44.90769 ], [ -93.28833, 44.90511 ], [ -93.29725, 44.90502 ], [ -93.29725, 44.90494 ], [ -93.29728, 44.90153 ], [ -93.29592, 44.90148 ], [ -93.29586, 44.89777 ], [ -93.28843, 44.89791 ], [ -93.28831, 44.89604 ], [ -93.28831, 44.89388 ], [ -93.28284, 44.89379 ], [ -93.28285, 44.89447 ], [ -93.27868, 44.89443 ], [ -93.2783, 44.89539 ], [ -93.27834, 44.89679 ], [ -93.27833, 44.89778 ], [ -93.27698, 44.89785 ] ] ] ] } },
{ "type": "Feature", "properties": { "area_id": 9167, "city": "Minneapolis", "state": "MN", "city_survey": true, "category": "Still Desirable", "grade": "B", "label": "B16", "residential": true, "commercial": false, "industrial": false, "fill": "#7cb5bd" }, "geometry": { "type": "MultiPolygon", "coordinates": [ [ [ [ -93.22228, 44.92509 ], [ -93.22417, 44.92519 ], [ -93.22415, 44.92688 ], [ -93.22546, 44.927 ], [ -93.22551, 44.92843 ], [ -93.22552, 44.92867 ], [ -93.22688, 44.92869 ], [ -93.22689, 44.9305 ], [ -93.2283, 44.93053 ], [ -93.22828, 44.93238 ], [ -93.2296, 44.9324 ], [ -93.22958, 44.9342 ], [ -93.2308, 44.9342 ], [ -93.23084, 44.93604 ], [ -93.23196, 44.93598 ], [ -93.23213, 44.93781 ], [ -93.23327, 44.93782 ], [ -93.23329, 44.93962 ], [ -93.23453, 44.93964 ], [ -93.23451, 44.94139 ], [ -93.23579, 44.94143 ], [ -93.23588, 44.94302 ], [ -93.23702, 44.94304 ], [ -93.23712, 44.94477 ], [ -93.23716, 44.94481 ], [ -93.23886, 44.94482 ], [ -93.23894, 44.94662 ], [ -93.2475, 44.94661 ], [ -93.24981, 44.94661 ], [ -93.24992, 44.9475 ], [ -93.2677, 44.94756 ], [ -93.2677, 44.94753 ], [ -93.26762, 44.94753 ], [ -93.26749, 44.9251 ], [ -93.26496, 44.9251 ], [ -93.2652, 44.91615 ], [ -93.26133, 44.91609 ], [ -93.2613, 44.91786 ], [ -93.2575, 44.91785 ], [ -93.25741, 44.91611 ], [ -93.2549, 44.91607 ], [ -93.25483, 44.91791 ], [ -93.24994, 44.9179 ], [ -93.24988, 44.91601 ], [ -93.24863, 44.91633 ], [ -93.24774, 44.91646 ], [ -93.24672, 44.91652 ], [ -93.24672, 44.91654 ], [ -93.24674, 44.91981 ], [ -93.24731, 44.91973 ], [ -93.24739, 44.92085 ], [ -93.24677, 44.92085 ], [ -93.24672, 44.92506 ], [ -93.24609, 44.92502 ], [ -93.24619, 44.92349 ], [ -93.24538, 44.92347 ], [ -93.2454, 44.92585 ], [ -93.24237, 44.92584 ], [ -93.24242, 44.92507 ], [ -93.24242, 44.92501 ], [ -93.23348, 44.9251 ], [ -93.23347, 44.92515 ], [ -93.2315, 44.92518 ], [ -93.23155, 44.92324 ], [ -93.23213, 44.92322 ], [ -93.23206, 44.91849 ], [ -93.23127, 44.91801 ], [ -93.23037, 44.91791 ], [ -93.22949, 44.91818 ], [ -93.22866, 44.91897 ], [ -93.22808, 44.91933 ], [ -93.22725, 44.91931 ], [ -93.2261, 44.91908 ], [ -93.22594, 44.91879 ], [ -93.22571, 44.91839 ], [ -93.22557, 44.91819 ], [ -93.22592, 44.91798 ], [ -93.22587, 44.91776 ], [ -93.22554, 44.91747 ], [ -93.22562, 44.91676 ], [ -93.22557, 44.91656 ], [ -93.21545, 44.91655 ], [ -93.21733, 44.91845 ], [ -93.21848, 44.91966 ], [ -93.21895, 44.92027 ], [ -93.21969, 44.92156 ], [ -93.22062, 44.92268 ], [ -93.22148, 44.92388 ], [ -93.22227, 44.92508 ], [ -93.22228, 44.92509 ] ], [ [ -93.25805, 44.93966 ], [ -93.25808, 44.94052 ], [ -93.2598, 44.94053 ], [ -93.25983, 44.94552 ], [ -93.25928, 44.94553 ], [ -93.25928, 44.94557 ], [ -93.25507, 44.94556 ], [ -93.25514, 44.94195 ], [ -93.2539, 44.94198 ], [ -93.25377, 44.93964 ], [ -93.25805, 44.93966 ] ], [ [ -93.26241, 44.91982 ], [ -93.26234, 44.92322 ], [ -93.25507, 44.92325 ], [ -93.25515, 44.9198 ], [ -93.26241, 44.91982 ] ] ] ] } },
{ "type": "Feature", "properties": { "area_id": 9103, "city": "Minneapolis", "state": "MN", "city_survey": true, "category": "Still Desirable", "grade": "B", "label": "B17", "residential": true, "commercial": false, "industrial": false, "fill": "#7cb5bd" }, "geometry": { "type": "MultiPolygon", "coordinates": [ [ [ [ -93.25125, 44.91261 ], [ -93.25229, 44.91263 ], [ -93.25228, 44.91253 ], [ -93.25305, 44.91254 ], [ -93.25317, 44.9079 ], [ -93.25177, 44.90787 ], [ -93.25153, 44.91232 ], [ -93.25125, 44.91252 ], [ -93.25125, 44.91261 ] ] ] ] } },
{ "type": "Feature", "properties": { "area_id": 9105, "city": "Minneapolis", "state": "MN", "city_survey": true, "category": "Still Desirable", "grade": "B", "label": "B18", "residential": true, "commercial": false, "industrial": false, "fill": "#7cb5bd" }, "geometry": { "type": "MultiPolygon", "coordinates": [ [ [ [ -93.22557, 44.91656 ], [ -93.23094, 44.91656 ], [ -93.23098, 44.91741 ], [ -93.23228, 44.91747 ], [ -93.23228, 44.91081 ], [ -93.23348, 44.9108 ], [ -93.2335, 44.909 ], [ -93.23455, 44.909 ], [ -93.23481, 44.90723 ], [ -93.23481, 44.90354 ], [ -93.2386, 44.90372 ], [ -93.23897, 44.90357 ], [ -93.23935, 44.90266 ], [ -93.24028, 44.90178 ], [ -93.24152, 44.90181 ], [ -93.24249, 44.90132 ], [ -93.24341, 44.90098 ], [ -93.24446, 44.9009 ], [ -93.24596, 44.90083 ], [ -93.2475, 44.90084 ], [ -93.24781, 44.90084 ], [ -93.24786, 44.90084 ], [ -93.24786, 44.90083 ], [ -93.2478, 44.89795 ], [ -93.23243, 44.8981 ], [ -93.23217, 44.90534 ], [ -93.20757, 44.90546 ], [ -93.20757, 44.9053 ], [ -93.19936, 44.90542 ], [ -93.19942, 44.90547 ], [ -93.20062, 44.90647 ], [ -93.20189, 44.90695 ], [ -93.203, 44.90747 ], [ -93.20433, 44.90808 ], [ -93.20541, 44.90887 ], [ -93.20669, 44.90947 ], [ -93.20847, 44.91102 ], [ -93.21036, 44.91249 ], [ -93.21172, 44.91354 ], [ -93.21263, 44.91429 ], [ -93.21354, 44.91508 ], [ -93.21449, 44.91596 ], [ -93.21532, 44.91655 ], [ -93.21542, 44.91655 ], [ -93.21545, 44.91655 ], [ -93.22557, 44.91656 ] ] ] ] } },
{ "type": "Feature", "properties": { "area_id": 9111, "city": "Minneapolis", "state": "MN", "city_survey": true, "category": "Still Desirable", "grade": "B", "label": "B19", "residential": true, "commercial": false, "industrial": false, "fill": "#7cb5bd" }, "geometry": { "type": "MultiPolygon", "coordinates": [ [ [ [ -93.2065, 44.93791 ], [ -93.20665, 44.93782 ], [ -93.20781, 44.93787 ], [ -93.20763, 44.94508 ], [ -93.20636, 44.94509 ], [ -93.20636, 44.9451 ], [ -93.20646, 44.94689 ], [ -93.23005, 44.94691 ], [ -93.22998, 44.94346 ], [ -93.22998, 44.94322 ], [ -93.22981, 44.94322 ], [ -93.22834, 44.94325 ], [ -93.22846, 44.9414 ], [ -93.22705, 44.94137 ], [ -93.22711, 44.93966 ], [ -93.22596, 44.93962 ], [ -93.22586, 44.93777 ], [ -93.22438, 44.93776 ], [ -93.2243, 44.93576 ], [ -93.22297, 44.93579 ], [ -93.22289, 44.9341 ], [ -93.22164, 44.9341 ], [ -93.22159, 44.93241 ], [ -93.22041, 44.93244 ], [ -93.22036, 44.9306 ], [ -93.21914, 44.93053 ], [ -93.21905, 44.92884 ], [ -93.21783, 44.92875 ], [ -93.21783, 44.92704 ], [ -93.21658, 44.92704 ], [ -93.21663, 44.92526 ], [ -93.21526, 44.92523 ], [ -93.21535, 44.92334 ], [ -93.21397, 44.92332 ], [ -93.21396, 44.92166 ], [ -93.21263, 44.92167 ], [ -93.21272, 44.91851 ], [ -93.21238, 44.918 ], [ -93.21231, 44.91802 ], [ -93.20516, 44.92023 ], [ -93.20467, 44.9214 ], [ -93.20474, 44.92212 ], [ -93.20521, 44.92306 ], [ -93.20577, 44.92339 ], [ -93.2075, 44.92342 ], [ -93.20727, 44.93337 ], [ -93.20379, 44.93344 ], [ -93.20361, 44.9343 ], [ -93.204, 44.93591 ], [ -93.20626, 44.93789 ], [ -93.2065, 44.93791 ] ] ] ] } },
{ "type": "Feature", "properties": { "area_id": 9127, "city": "Minneapolis", "state": "MN", "city_survey": true, "category": "Still Desirable", "grade": "B", "label": "B2", "residential": true, "commercial": false, "industrial": false, "fill": "#7cb5bd" }, "geometry": { "type": "MultiPolygon", "coordinates": [ [ [ [ -93.22642, 45.01333 ], [ -93.22633, 45.01885 ], [ -93.22698, 45.01885 ], [ -93.22691, 45.02758 ], [ -93.23598, 45.02779 ], [ -93.23592, 45.03136 ], [ -93.24369, 45.03126 ], [ -93.24369, 45.0312 ], [ -93.24369, 45.0295 ], [ -93.24461, 45.02952 ], [ -93.24495, 45.02404 ], [ -93.24235, 45.02403 ], [ -93.24232, 45.01312 ], [ -93.2372, 45.01319 ], [ -93.23719, 45.00587 ], [ -93.23593, 45.00587 ], [ -93.23601, 45.00782 ], [ -93.22643, 45.00783 ], [ -93.22643, 45.00788 ], [ -93.22652, 45.01333 ], [ -93.22642, 45.01333 ] ], [ [ -93.22954, 45.02212 ], [ -93.22934, 45.02045 ], [ -93.22844, 45.02047 ], [ -93.2301, 45.01861 ], [ -93.23603, 45.01872 ], [ -93.23599, 45.02348 ], [ -93.23598, 45.02363 ], [ -93.235, 45.02332 ], [ -93.23419, 45.0229 ], [ -93.23329, 45.02228 ], [ -93.22954, 45.02212 ] ] ] ] } },
{ "type": "Feature", "properties": { "area_id": 9161, "city": "Minneapolis", "state": "MN", "city_survey": true, "category": "Still Desirable", "grade": "B", "label": "B20", "residential": true, "commercial": false, "industrial": false, "fill": "#7cb5bd" }, "geometry": { "type": "MultiPolygon", "coordinates": [ [ [ [ -93.23311, 44.9666 ], [ -93.23311, 44.96658 ], [ -93.23844, 44.96661 ], [ -93.22967, 44.96275 ], [ -93.229, 44.96283 ], [ -93.22904, 44.96107 ], [ -93.22827, 44.96103 ], [ -93.22825, 44.95931 ], [ -93.22399, 44.95927 ], [ -93.22396, 44.95564 ], [ -93.21781, 44.95561 ], [ -93.21767, 44.95369 ], [ -93.21842, 44.95338 ], [ -93.21937, 44.95324 ], [ -93.22015, 44.95323 ], [ -93.22012, 44.95191 ], [ -93.21907, 44.95188 ], [ -93.21903, 44.95022 ], [ -93.22161, 44.95024 ], [ -93.22166, 44.951 ], [ -93.22988, 44.95098 ], [ -93.22988, 44.94936 ], [ -93.20762, 44.9493 ], [ -93.20762, 44.94963 ], [ -93.21411, 44.95376 ], [ -93.21329, 44.95439 ], [ -93.21447, 44.95508 ], [ -93.21456, 44.95502 ], [ -93.21617, 44.95626 ], [ -93.21964, 44.95859 ], [ -93.22596, 44.96284 ], [ -93.22593, 44.96284 ], [ -93.22658, 44.96328 ], [ -93.22803, 44.96448 ], [ -93.22971, 44.9653 ], [ -93.23305, 44.96534 ], [ -93.23304, 44.9666 ], [ -93.23311, 44.9666 ] ] ] ] } },
{ "type": "Feature", "properties": { "area_id": 9108, "city": "Minneapolis", "state": "MN", "city_survey": true, "category": "Still Desirable", "grade": "B", "label": "B21", "residential": true, "commercial": false, "industrial": false, "fill": "#7cb5bd" }, "geometry": { "type": "MultiPolygon", "coordinates": [ [ [ [ -93.21196, 44.95965 ], [ -93.21133, 44.96 ], [ -93.21684, 44.96391 ], [ -93.21773, 44.96386 ], [ -93.21196, 44.95965 ] ] ], [ [ [ -93.20908, 44.96023 ], [ -93.20905, 44.96462 ], [ -93.2088, 44.96526 ], [ -93.20871, 44.96572 ], [ -93.20914, 44.96635 ], [ -93.20929, 44.96703 ], [ -93.20917, 44.96762 ], [ -93.2093, 44.9682 ], [ -93.20932, 44.96827 ], [ -93.20932, 44.96829 ], [ -93.20949, 44.96849 ], [ -93.21735, 44.97169 ], [ -93.2179, 44.97095 ], [ -93.21787, 44.97093 ], [ -93.21723, 44.97055 ], [ -93.2169, 44.97008 ], [ -93.21692, 44.96967 ], [ -93.21733, 44.96925 ], [ -93.21824, 44.96901 ], [ -93.21848, 44.96855 ], [ -93.21866, 44.96812 ], [ -93.21848, 44.96744 ], [ -93.2182, 44.96703 ], [ -93.2183, 44.96588 ], [ -93.21646, 44.96457 ], [ -93.21526, 44.96451 ], [ -93.21297, 44.96265 ], [ -93.21354, 44.96216 ], [ -93.2123, 44.9614 ], [ -93.21017, 44.96043 ], [ -93.20908, 44.96019 ], [ -93.20908, 44.96023 ] ] ] ] } },
{ "type": "Feature", "properties": { "area_id": 9134, "city": "Minneapolis", "state": "MN", "city_survey": true, "category": "Still Desirable", "grade": "B", "label": "B22", "residential": true, "commercial": false, "industrial": false, "fill": "#7cb5bd" }, "geometry": { "type": "MultiPolygon", "coordinates": [ [ [ [ -93.22552, 44.96805 ], [ -93.22557, 44.96805 ], [ -93.22552, 44.96802 ], [ -93.22552, 44.96805 ] ] ], [ [ [ -93.22578, 44.96817 ], [ -93.22575, 44.97246 ], [ -93.22698, 44.97251 ], [ -93.22699, 44.97305 ], [ -93.23183, 44.97309 ], [ -93.23185, 44.97084 ], [ -93.23091, 44.97034 ], [ -93.22911, 44.96979 ], [ -93.22646, 44.96853 ], [ -93.22578, 44.96817 ] ] ] ] } },
{ "type": "Feature", "properties": { "area_id": 9119, "city": "Minneapolis", "state": "MN", "city_survey": true, "category": "Still Desirable", "grade": "B", "label": "B3", "residential": true, "commercial": false, "industrial": false, "fill": "#7cb5bd" }, "geometry": { "type": "MultiPolygon", "coordinates": [ [ [ [ -93.30393, 45.03859 ], [ -93.31334, 45.03861 ], [ -93.31076, 45.03675 ], [ -93.31448, 45.03674 ], [ -93.3168, 45.03681 ], [ -93.31762, 45.03671 ], [ -93.31822, 45.0363 ], [ -93.31849, 45.03591 ], [ -93.31856, 45.0356 ], [ -93.3163, 45.0356 ], [ -93.31621, 45.0276 ], [ -93.31848, 45.02757 ], [ -93.31824, 45.01054 ], [ -93.31819, 45.01054 ], [ -93.31692, 45.01057 ], [ -93.31689, 45.00977 ], [ -93.3158, 45.00969 ], [ -93.31593, 45.00423 ], [ -93.31599, 45.0016 ], [ -93.31595, 45.0016 ], [ -93.31592, 45.0016 ], [ -93.31342, 45.00157 ], [ -93.31342, 45.00248 ], [ -93.31449, 45.00247 ], [ -93.31447, 45.006 ], [ -93.30951, 45.0059 ], [ -93.3096, 45.01686 ], [ -93.29302, 45.01665 ], [ -93.29309, 45.02415 ], [ -93.2983, 45.02407 ], [ -93.2983, 45.02407 ], [ -93.2981, 45.02039 ], [ -93.30196, 45.0204 ], [ -93.3019, 45.02409 ], [ -93.30336, 45.0241 ], [ -93.30336, 45.02406 ], [ -93.30331, 45.0222 ], [ -93.30976, 45.02221 ], [ -93.30974, 45.02577 ], [ -93.3083, 45.02577 ], [ -93.30823, 45.02577 ], [ -93.30824, 45.03121 ], [ -93.30178, 45.03119 ], [ -93.30084, 45.03118 ], [ -93.30091, 45.03316 ], [ -93.29582, 45.03329 ], [ -93.29587, 45.03543 ], [ -93.29588, 45.03546 ], [ -93.29589, 45.03547 ], [ -93.29671, 45.03613 ], [ -93.2977, 45.03618 ], [ -93.29772, 45.0365 ], [ -93.29902, 45.03652 ], [ -93.29904, 45.03755 ], [ -93.30393, 45.03859 ] ] ] ] } },
{ "type": "Feature", "properties": { "area_id": 9122, "city": "Minneapolis", "state": "MN", "city_survey": true, "category": "Still Desirable", "grade": "B", "label": "B4", "residential": true, "commercial": false, "industrial": false, "fill": "#7cb5bd" }, "geometry": { "type": "MultiPolygon", "coordinates": [ [ [ [ -93.31591, 44.99163 ], [ -93.31582, 44.99327 ], [ -93.30821, 44.99332 ], [ -93.30821, 44.99528 ], [ -93.30434, 44.99523 ], [ -93.3043, 44.99825 ], [ -93.30702, 44.99818 ], [ -93.30704, 44.99764 ], [ -93.30823, 44.99758 ], [ -93.30819, 44.99701 ], [ -93.31589, 44.99706 ], [ -93.31609, 45.00059 ], [ -93.31614, 45.00059 ], [ -93.31645, 45.00059 ], [ -93.31821, 45.00056 ], [ -93.31836, 44.99153 ], [ -93.31736, 44.99153 ], [ -93.31636, 44.99153 ], [ -93.31591, 44.99153 ], [ -93.31591, 44.99153 ], [ -93.31591, 44.99159 ], [ -93.31591, 44.99163 ] ] ] ] } },
{ "type": "Feature", "properties": { "area_id": 9159, "city": "Minneapolis", "state": "MN", "city_survey": true, "category": "Still Desirable", "grade": "B", "label": "B5", "residential": true, "commercial": false, "industrial": false, "fill": "#7cb5bd" }, "geometry": { "type": "MultiPolygon", "coordinates": [ [ [ [ -93.30065, 44.99622 ], [ -93.30064, 44.99524 ], [ -93.29795, 44.99523 ], [ -93.29803, 44.99802 ], [ -93.30062, 44.99804 ], [ -93.30062, 44.99808 ], [ -93.30068, 44.99808 ], [ -93.30065, 44.99622 ] ] ] ] } },
{ "type": "Feature", "properties": { "area_id": 9139, "city": "Minneapolis", "state": "MN", "city_survey": true, "category": "Still Desirable", "grade": "B", "label": "B6", "residential": true, "commercial": false, "industrial": false, "fill": "#7cb5bd" }, "geometry": { "type": "MultiPolygon", "coordinates": [ [ [ [ -93.30704, 44.99147 ], [ -93.30715, 44.99147 ], [ -93.30812, 44.99147 ], [ -93.30821, 44.98978 ], [ -93.30897, 44.98959 ], [ -93.30891, 44.988 ], [ -93.31153, 44.98784 ], [ -93.31457, 44.98897 ], [ -93.31466, 44.98792 ], [ -93.31589, 44.9879 ], [ -93.31589, 44.98607 ], [ -93.30816, 44.98595 ], [ -93.30819, 44.98794 ], [ -93.30711, 44.98792 ], [ -93.30704, 44.99147 ] ] ], [ [ [ -93.31353, 44.99149 ], [ -93.31352, 44.99146 ], [ -93.31344, 44.99083 ], [ -93.30942, 44.99076 ], [ -93.30948, 44.99148 ], [ -93.30949, 44.99151 ], [ -93.31353, 44.99149 ] ] ] ] } },
{ "type": "Feature", "properties": { "area_id": 9141, "city": "Minneapolis", "state": "MN", "city_survey": true, "category": "Still Desirable", "grade": "B", "label": "B7", "residential": true, "commercial": false, "industrial": false, "fill": "#7cb5bd" }, "geometry": { "type": "MultiPolygon", "coordinates": [ [ [ [ -93.30567, 44.97513 ], [ -93.30576, 44.97526 ], [ -93.30583, 44.97576 ], [ -93.30581, 44.97638 ], [ -93.30704, 44.97702 ], [ -93.30704, 44.97691 ], [ -93.30704, 44.97176 ], [ -93.3083, 44.97178 ], [ -93.30841, 44.97532 ], [ -93.31475, 44.97532 ], [ -93.31481, 44.97532 ], [ -93.31481, 44.97069 ], [ -93.31468, 44.9707 ], [ -93.30688, 44.97081 ], [ -93.3067, 44.97168 ], [ -93.30612, 44.97232 ], [ -93.30554, 44.97298 ], [ -93.30488, 44.97348 ], [ -93.30473, 44.9739 ], [ -93.30495, 44.9743 ], [ -93.30542, 44.97479 ], [ -93.30567, 44.97513 ] ] ] ] } },
{ "type": "Feature", "properties": { "area_id": 9144, "city": "Minneapolis", "state": "MN", "city_survey": true, "category": "Still Desirable", "grade": "B", "label": "B8", "residential": true, "commercial": false, "industrial": false, "fill": "#7cb5bd" }, "geometry": { "type": "MultiPolygon", "coordinates": [ [ [ [ -93.32368, 44.96635 ], [ -93.32414, 44.96556 ], [ -93.32497, 44.96521 ], [ -93.32611, 44.96521 ], [ -93.32688, 44.96499 ], [ -93.32753, 44.96464 ], [ -93.32865, 44.96405 ], [ -93.32858, 44.95995 ], [ -93.32784, 44.95976 ], [ -93.32746, 44.95936 ], [ -93.32688, 44.95936 ], [ -93.32685, 44.95955 ], [ -93.32659, 44.96008 ], [ -93.32571, 44.96041 ], [ -93.32499, 44.96063 ], [ -93.3245, 44.96109 ], [ -93.32436, 44.9619 ], [ -93.32405, 44.96281 ], [ -93.32353, 44.96348 ], [ -93.3234, 44.96419 ], [ -93.32353, 44.96469 ], [ -93.32382, 44.96513 ], [ -93.32375, 44.96532 ], [ -93.32339, 44.96642 ], [ -93.32368, 44.96635 ] ] ] ] } },
{ "type": "Feature", "properties": { "area_id": 9157, "city": "Minneapolis", "state": "MN", "city_survey": true, "category": "Still Desirable", "grade": "B", "label": "B9", "residential": true, "commercial": false, "industrial": false, "fill": "#7cb5bd" }, "geometry": { "type": "MultiPolygon", "coordinates": [ [ [ [ -93.30478, 44.96 ], [ -93.30467, 44.96007 ], [ -93.3048, 44.96079 ], [ -93.30506, 44.96147 ], [ -93.30519, 44.9621 ], [ -93.30514, 44.96306 ], [ -93.30828, 44.96304 ], [ -93.30876, 44.96345 ], [ -93.30908, 44.96466 ], [ -93.30892, 44.96604 ], [ -93.30948, 44.96565 ], [ -93.31023, 44.96548 ], [ -93.31164, 44.96467 ], [ -93.31271, 44.96435 ], [ -93.31349, 44.96377 ], [ -93.31387, 44.9629 ], [ -93.315, 44.96296 ], [ -93.31503, 44.96128 ], [ -93.31455, 44.96115 ], [ -93.31404, 44.96081 ], [ -93.31388, 44.96059 ], [ -93.3151, 44.95685 ], [ -93.31651, 44.95577 ], [ -93.31562, 44.95568 ], [ -93.31475, 44.95644 ], [ -93.31393, 44.95733 ], [ -93.31388, 44.95782 ], [ -93.31319, 44.95843 ], [ -93.31296, 44.95917 ], [ -93.3116, 44.9593 ], [ -93.31102, 44.96022 ], [ -93.31025, 44.96057 ], [ -93.30897, 44.96013 ], [ -93.30685, 44.95995 ], [ -93.30478, 44.96001 ], [ -93.30478, 44.96 ] ] ], [ [ [ -93.28874, 44.96628 ], [ -93.30204, 44.96646 ], [ -93.30193, 44.96447 ], [ -93.29951, 44.96447 ], [ -93.29946, 44.9629 ], [ -93.29994, 44.96088 ], [ -93.29996, 44.95589 ], [ -93.30126, 44.95269 ], [ -93.30001, 44.9524 ], [ -93.3, 44.95242 ], [ -93.29852, 44.95552 ], [ -93.29701, 44.9555 ], [ -93.28919, 44.96527 ], [ -93.28919, 44.96527 ], [ -93.28874, 44.96628 ] ] ], [ [ [ -93.28754, 44.96892 ], [ -93.28704, 44.97005 ], [ -93.29536, 44.97004 ], [ -93.29573, 44.9697 ], [ -93.29651, 44.96936 ], [ -93.2971, 44.96917 ], [ -93.29798, 44.96906 ], [ -93.29862, 44.96914 ], [ -93.2999, 44.9693 ], [ -93.3007, 44.96916 ], [ -93.30194, 44.96914 ], [ -93.30286, 44.96902 ], [ -93.30388, 44.96883 ], [ -93.3045, 44.96856 ], [ -93.30524, 44.96827 ], [ -93.30574, 44.96793 ], [ -93.30693, 44.96673 ], [ -93.30476, 44.96656 ], [ -93.30478, 44.96786 ], [ -93.30367, 44.96813 ], [ -93.29914, 44.96796 ], [ -93.2992, 44.96838 ], [ -93.29962, 44.96868 ], [ -93.29951, 44.96894 ], [ -93.29786, 44.96865 ], [ -93.29655, 44.96871 ], [ -93.29565, 44.96896 ], [ -93.29483, 44.96961 ], [ -93.29437, 44.96957 ], [ -93.29374, 44.96954 ], [ -93.29206, 44.96951 ], [ -93.29111, 44.96951 ], [ -93.29068, 44.96936 ], [ -93.29048, 44.96879 ], [ -93.29042, 44.96811 ], [ -93.28987, 44.96763 ], [ -93.28909, 44.96714 ], [ -93.28834, 44.96719 ], [ -93.28757, 44.96892 ], [ -93.28754, 44.96892 ] ] ] ] } },
{ "type": "Feature", "properties": { "area_id": 9117, "city": "Minneapolis", "state": "MN", "city_survey": true, "category": "Definitely Declining", "grade": "C", "label": "C1", "residential": true, "commercial": false, "industrial": false, "fill": "#ffff00" }, "geometry": { "type": "MultiPolygon", "coordinates": [ [ [ [ -93.30393, 45.03859 ], [ -93.30388, 45.03859 ], [ -93.31136, 45.04037 ], [ -93.31593, 45.04041 ], [ -93.31342, 45.03861 ], [ -93.31334, 45.03861 ], [ -93.30393, 45.03859 ] ] ] ] } },
{ "type": "Feature", "properties": { "area_id": 9129, "city": "Minneapolis", "state": "MN", "city_survey": true, "category": "Definitely Declining", "grade": "C", "label": "C10", "residential": true, "commercial": false, "industrial": false, "fill": "#ffff00" }, "geometry": { "type": "MultiPolygon", "coordinates": [ [ [ [ -93.24369, 45.0312 ], [ -93.24618, 45.03123 ], [ -93.24618, 45.03121 ], [ -93.24616, 45.02413 ], [ -93.24616, 45.0241 ], [ -93.24616, 45.02401 ], [ -93.24603, 45.02035 ], [ -93.24555, 45.02032 ], [ -93.2457, 45.0158 ], [ -93.25539, 45.01582 ], [ -93.2554, 45.01499 ], [ -93.25656, 45.01495 ], [ -93.25664, 45.01495 ], [ -93.25664, 45.01487 ], [ -93.2567, 45.01216 ], [ -93.25559, 45.01214 ], [ -93.25562, 45.01103 ], [ -93.25434, 45.011 ], [ -93.25431, 45.01 ], [ -93.25355, 45.00996 ], [ -93.25365, 45.00754 ], [ -93.25358, 45.00753 ], [ -93.25224, 45.00749 ], [ -93.25227, 45.00802 ], [ -93.24729, 45.00787 ], [ -93.2474, 45.00455 ], [ -93.24236, 45.00458 ], [ -93.24227, 45.00403 ], [ -93.23978, 45.00408 ], [ -93.23983, 45.00331 ], [ -93.23731, 45.00335 ], [ -93.2372, 45.00044 ], [ -93.23601, 45.00041 ], [ -93.23601, 44.99885 ], [ -93.23601, 44.9988 ], [ -93.23428, 44.99882 ], [ -93.23419, 44.99891 ], [ -93.22641, 45.00631 ], [ -93.22643, 45.00783 ], [ -93.23601, 45.00782 ], [ -93.23593, 45.00587 ], [ -93.23719, 45.00587 ], [ -93.2372, 45.01319 ], [ -93.24232, 45.01312 ], [ -93.24235, 45.02403 ], [ -93.24495, 45.02404 ], [ -93.24461, 45.02952 ], [ -93.24369, 45.0295 ], [ -93.24369, 45.0312 ] ] ] ] } },
{ "type": "Feature", "properties": { "area_id": 9164, "city": "Minneapolis", "state": "MN", "city_survey": true, "category": "Definitely Declining", "grade": "C", "label": "C11", "residential": true, "commercial": false, "industrial": false, "fill": "#ffff00" }, "geometry": { "type": "MultiPolygon", "coordinates": [ [ [ [ -93.25361, 45.00649 ], [ -93.25492, 45.00648 ], [ -93.25495, 45.00746 ], [ -93.25553, 45.00748 ], [ -93.25551, 45.0086 ], [ -93.25676, 45.00863 ], [ -93.25681, 45.01101 ], [ -93.25796, 45.011 ], [ -93.25794, 45.01215 ], [ -93.26464, 45.01215 ], [ -93.26458, 45.00095 ], [ -93.26329, 45.00092 ], [ -93.26324, 44.99876 ], [ -93.26733, 44.99881 ], [ -93.26213, 44.99137 ], [ -93.26073, 44.99174 ], [ -93.25985, 44.99063 ], [ -93.25717, 44.99145 ], [ -93.25715, 44.99142 ], [ -93.25544, 44.99203 ], [ -93.25229, 44.9932 ], [ -93.25236, 44.9932 ], [ -93.25618, 44.99313 ], [ -93.25754, 44.99491 ], [ -93.25747, 44.99871 ], [ -93.25144, 44.99869 ], [ -93.25139, 45.00301 ], [ -93.25234, 45.00298 ], [ -93.2523, 45.00518 ], [ -93.2523, 45.0052 ], [ -93.25362, 45.0052 ], [ -93.25361, 45.00649 ] ] ] ] } },
{ "type": "Feature", "properties": { "area_id": 9132, "city": "Minneapolis", "state": "MN", "city_survey": true, "category": "Definitely Declining", "grade": "C", "label": "C12", "residential": true, "commercial": false, "industrial": false, "fill": "#ffff00" }, "geometry": { "type": "MultiPolygon", "coordinates": [ [ [ [ -93.2528, 44.98463 ], [ -93.24149, 44.9802 ], [ -93.24072, 44.98121 ], [ -93.23513, 44.97896 ], [ -93.23511, 44.97898 ], [ -93.23084, 44.98477 ], [ -93.22875, 44.98431 ], [ -93.22867, 44.98431 ], [ -93.21795, 44.9845 ], [ -93.2128, 44.98477 ], [ -93.21278, 44.99151 ], [ -93.20754, 44.99148 ], [ -93.20746, 44.99875 ], [ -93.21796, 44.99885 ], [ -93.21782, 44.99168 ], [ -93.22691, 44.99158 ], [ -93.23207, 44.9949 ], [ -93.23196, 44.9988 ], [ -93.23419, 44.99891 ], [ -93.23428, 44.99882 ], [ -93.23601, 44.9988 ], [ -93.23601, 44.99885 ], [ -93.23718, 44.99882 ], [ -93.23717, 44.99726 ], [ -93.23713, 44.99316 ], [ -93.23711, 44.99142 ], [ -93.23709, 44.99142 ], [ -93.23465, 44.99143 ], [ -93.23461, 44.98962 ], [ -93.23714, 44.98961 ], [ -93.23715, 44.98961 ], [ -93.23716, 44.9877 ], [ -93.23776, 44.98793 ], [ -93.24288, 44.98986 ], [ -93.2446, 44.9878 ], [ -93.24618, 44.98842 ], [ -93.24765, 44.98671 ], [ -93.25049, 44.9877 ], [ -93.25299, 44.98471 ], [ -93.2528, 44.98463 ] ] ] ] } },
{ "type": "Feature", "properties": { "area_id": 9133, "city": "Minneapolis", "state": "MN", "city_survey": true, "category": "Definitely Declining", "grade": "C", "label": "C13", "residential": true, "commercial": false, "industrial": false, "fill": "#ffff00" }, "geometry": { "type": "MultiPolygon", "coordinates": [ [ [ [ -93.22433, 44.97471 ], [ -93.22433, 44.97472 ], [ -93.22433, 44.97472 ], [ -93.22682, 44.97483 ], [ -93.22684, 44.97573 ], [ -93.22686, 44.97699 ], [ -93.23279, 44.97939 ], [ -93.23367, 44.97838 ], [ -93.23369, 44.97835 ], [ -93.23245, 44.97785 ], [ -93.22724, 44.9758 ], [ -93.22721, 44.97476 ], [ -93.23201, 44.97479 ], [ -93.23191, 44.97309 ], [ -93.23183, 44.97309 ], [ -93.22699, 44.97305 ], [ -93.22698, 44.97251 ], [ -93.22575, 44.97246 ], [ -93.22578, 44.96817 ], [ -93.22578, 44.96806 ], [ -93.22557, 44.96805 ], [ -93.22552, 44.96805 ], [ -93.22438, 44.96799 ], [ -93.22445, 44.96695 ], [ -93.22147, 44.96496 ], [ -93.22073, 44.96471 ], [ -93.22078, 44.96802 ], [ -93.22282, 44.9681 ], [ -93.22291, 44.9703 ], [ -93.22419, 44.97036 ], [ -93.22433, 44.97471 ] ] ] ] } },
{ "type": "Feature", "properties": { "area_id": 9109, "city": "Minneapolis", "state": "MN", "city_survey": true, "category": "Definitely Declining", "grade": "C", "label": "C14", "residential": true, "commercial": false, "industrial": false, "fill": "#ffff00" }, "geometry": { "type": "MultiPolygon", "coordinates": [ [ [ [ -93.20908, 44.96023 ], [ -93.20769, 44.9598 ], [ -93.20764, 44.96769 ], [ -93.20864, 44.96803 ], [ -93.20932, 44.96827 ], [ -93.2093, 44.9682 ], [ -93.20917, 44.96762 ], [ -93.20929, 44.96703 ], [ -93.20914, 44.96635 ], [ -93.20871, 44.96572 ], [ -93.2088, 44.96526 ], [ -93.20905, 44.96462 ], [ -93.20908, 44.96023 ] ] ] ] } },
{ "type": "Feature", "properties": { "area_id": 9107, "city": "Minneapolis", "state": "MN", "city_survey": true, "category": "Definitely Declining", "grade": "C", "label": "C15", "residential": true, "commercial": false, "industrial": false, "fill": "#ffff00" }, "geometry": { "type": "MultiPolygon", "coordinates": [ [ [ [ -93.23311, 44.9666 ], [ -93.23309, 44.96732 ], [ -93.23915, 44.96791 ], [ -93.23921, 44.96792 ], [ -93.23909, 44.96689 ], [ -93.24737, 44.9703 ], [ -93.2474, 44.96528 ], [ -93.24579, 44.96527 ], [ -93.2459, 44.96285 ], [ -93.2459, 44.96284 ], [ -93.24585, 44.96284 ], [ -93.23937, 44.96287 ], [ -93.23934, 44.96104 ], [ -93.22985, 44.96094 ], [ -93.22985, 44.95913 ], [ -93.22533, 44.95913 ], [ -93.22543, 44.9573 ], [ -93.227, 44.95735 ], [ -93.2271, 44.95561 ], [ -93.22419, 44.95558 ], [ -93.22411, 44.95402 ], [ -93.21796, 44.95395 ], [ -93.21791, 44.9537 ], [ -93.21848, 44.95349 ], [ -93.21945, 44.95333 ], [ -93.22069, 44.95332 ], [ -93.22998, 44.95353 ], [ -93.22998, 44.95279 ], [ -93.23306, 44.9528 ], [ -93.23306, 44.9536 ], [ -93.23462, 44.95362 ], [ -93.23469, 44.95362 ], [ -93.23471, 44.9484 ], [ -93.23208, 44.94476 ], [ -93.23167, 44.94475 ], [ -93.22899, 44.94118 ], [ -93.22123, 44.93065 ], [ -93.22382, 44.93065 ], [ -93.22281, 44.92882 ], [ -93.22361, 44.92886 ], [ -93.22259, 44.92711 ], [ -93.21747, 44.91988 ], [ -93.21571, 44.91842 ], [ -93.21441, 44.91719 ], [ -93.21234, 44.91795 ], [ -93.21238, 44.918 ], [ -93.21272, 44.91851 ], [ -93.21263, 44.92167 ], [ -93.21396, 44.92166 ], [ -93.21397, 44.92332 ], [ -93.21535, 44.92334 ], [ -93.21526, 44.92523 ], [ -93.21663, 44.92526 ], [ -93.21658, 44.92704 ], [ -93.21783, 44.92704 ], [ -93.21783, 44.92875 ], [ -93.21905, 44.92884 ], [ -93.21914, 44.93053 ], [ -93.22036, 44.9306 ], [ -93.22041, 44.93244 ], [ -93.22159, 44.93241 ], [ -93.22164, 44.9341 ], [ -93.22289, 44.9341 ], [ -93.22297, 44.93579 ], [ -93.2243, 44.93576 ], [ -93.22438, 44.93776 ], [ -93.22586, 44.93777 ], [ -93.22596, 44.93962 ], [ -93.22711, 44.93966 ], [ -93.22705, 44.94137 ], [ -93.22846, 44.9414 ], [ -93.22834, 44.94325 ], [ -93.22981, 44.94322 ], [ -93.22998, 44.94322 ], [ -93.22998, 44.94346 ], [ -93.23005, 44.94691 ], [ -93.20646, 44.94689 ], [ -93.20541, 44.94689 ], [ -93.20539, 44.94821 ], [ -93.20582, 44.94846 ], [ -93.20746, 44.94851 ], [ -93.20754, 44.9493 ], [ -93.20762, 44.9493 ], [ -93.22988, 44.94936 ], [ -93.22988, 44.95098 ], [ -93.22166, 44.951 ], [ -93.22161, 44.95024 ], [ -93.21903, 44.95022 ], [ -93.21907, 44.95188 ], [ -93.22012, 44.95191 ], [ -93.22015, 44.95323 ], [ -93.21937, 44.95324 ], [ -93.21842, 44.95338 ], [ -93.21767, 44.95369 ], [ -93.21781, 44.95561 ], [ -93.22396, 44.95564 ], [ -93.22399, 44.95927 ], [ -93.22825, 44.95931 ], [ -93.22827, 44.96103 ], [ -93.22904, 44.96107 ], [ -93.229, 44.96283 ], [ -93.22967, 44.96275 ], [ -93.23844, 44.96661 ], [ -93.23311, 44.96658 ], [ -93.23311, 44.9666 ] ] ] ] } },
{ "type": "Feature", "properties": { "area_id": 9112, "city": "Minneapolis", "state": "MN", "city_survey": true, "category": "Definitely Declining", "grade": "C", "label": "C16", "residential": true, "commercial": false, "industrial": false, "fill": "#ffff00" }, "geometry": { "type": "MultiPolygon", "coordinates": [ [ [ [ -93.24615, 44.95904 ], [ -93.24616, 44.95906 ], [ -93.24883, 44.95908 ], [ -93.24872, 44.9609 ], [ -93.24764, 44.96087 ], [ -93.24761, 44.9624 ], [ -93.2476, 44.96283 ], [ -93.2476, 44.96286 ], [ -93.26955, 44.96278 ], [ -93.26955, 44.96273 ], [ -93.26955, 44.96253 ], [ -93.26957, 44.952 ], [ -93.26833, 44.95201 ], [ -93.26833, 44.94848 ], [ -93.26827, 44.94847 ], [ -93.26776, 44.94844 ], [ -93.2677, 44.94844 ], [ -93.2677, 44.94756 ], [ -93.24992, 44.9475 ], [ -93.24981, 44.94661 ], [ -93.2475, 44.94661 ], [ -93.23894, 44.94662 ], [ -93.23886, 44.94482 ], [ -93.23716, 44.94481 ], [ -93.23712, 44.94477 ], [ -93.23702, 44.94304 ], [ -93.23588, 44.94302 ], [ -93.23579, 44.94143 ], [ -93.23451, 44.94139 ], [ -93.23453, 44.93964 ], [ -93.23329, 44.93962 ], [ -93.23327, 44.93782 ], [ -93.23213, 44.93781 ], [ -93.23196, 44.93598 ], [ -93.23084, 44.93604 ], [ -93.2308, 44.9342 ], [ -93.22958, 44.9342 ], [ -93.2296, 44.9324 ], [ -93.22828, 44.93238 ], [ -93.2283, 44.93053 ], [ -93.22689, 44.9305 ], [ -93.22688, 44.92869 ], [ -93.22552, 44.92867 ], [ -93.22551, 44.92843 ], [ -93.22546, 44.927 ], [ -93.22415, 44.92688 ], [ -93.22417, 44.92519 ], [ -93.22228, 44.92509 ], [ -93.22352, 44.92696 ], [ -93.22331, 44.92697 ], [ -93.22412, 44.92794 ], [ -93.23821, 44.94831 ], [ -93.24733, 44.94839 ], [ -93.24757, 44.95056 ], [ -93.24644, 44.95087 ], [ -93.24586, 44.95105 ], [ -93.24538, 44.95123 ], [ -93.24495, 44.95153 ], [ -93.2445, 44.95202 ], [ -93.24544, 44.95197 ], [ -93.24551, 44.95564 ], [ -93.24362, 44.95559 ], [ -93.24615, 44.95904 ] ] ] ] } },
{ "type": "Feature", "properties": { "area_id": 9104, "city": "Minneapolis", "state": "MN", "city_survey": true, "category": "Definitely Declining", "grade": "C", "label": "C17", "residential": true, "commercial": false, "industrial": false, "fill": "#ffff00" }, "geometry": { "type": "MultiPolygon", "coordinates": [ [ [ [ -93.20757, 44.9053 ], [ -93.20757, 44.90546 ], [ -93.23217, 44.90534 ], [ -93.23243, 44.8981 ], [ -93.23243, 44.89805 ], [ -93.20775, 44.8979 ], [ -93.20757, 44.9053 ] ] ] ] } },
{ "type": "Feature", "properties": { "area_id": 9099, "city": "Minneapolis", "state": "MN", "city_survey": true, "category": "Definitely Declining", "grade": "C", "label": "C18", "residential": true, "commercial": false, "industrial": false, "fill": "#ffff00" }, "geometry": { "type": "MultiPolygon", "coordinates": [ [ [ [ -93.32887, 44.92161 ], [ -93.31891, 44.92154 ], [ -93.31894, 44.92329 ], [ -93.32278, 44.9233 ], [ -93.32529, 44.92289 ], [ -93.32526, 44.92336 ], [ -93.32887, 44.9236 ], [ -93.32887, 44.92161 ] ] ] ] } },
{ "type": "Feature", "properties": { "area_id": 9151, "city": "Minneapolis", "state": "MN", "city_survey": true, "category": "Definitely Declining", "grade": "C", "label": "C18a", "residential": true, "commercial": false, "industrial": false, "fill": "#ffff00" }, "geometry": { "type": "MultiPolygon", "coordinates": [ [ [ [ -93.2978, 44.93764 ], [ -93.29772, 44.94127 ], [ -93.29856, 44.94126 ], [ -93.29859, 44.93953 ], [ -93.29951, 44.93955 ], [ -93.2996, 44.93769 ], [ -93.2996, 44.93764 ], [ -93.2978, 44.9376 ], [ -93.2978, 44.93764 ] ] ] ] } },
{ "type": "Feature", "properties": { "area_id": 9153, "city": "Minneapolis", "state": "MN", "city_survey": true, "category": "Definitely Declining", "grade": "C", "label": "C19", "residential": true, "commercial": false, "industrial": false, "fill": "#ffff00" }, "geometry": { "type": "MultiPolygon", "coordinates": [ [ [ [ -93.2796, 44.9318 ], [ -93.27959, 44.93053 ], [ -93.278, 44.93053 ], [ -93.2781, 44.93227 ], [ -93.27961, 44.93224 ], [ -93.2796, 44.9318 ] ] ] ] } },
{ "type": "Feature", "properties": { "area_id": 9120, "city": "Minneapolis", "state": "MN", "city_survey": true, "category": "Definitely Declining", "grade": "C", "label": "C2", "residential": true, "commercial": false, "industrial": false, "fill": "#ffff00" }, "geometry": { "type": "MultiPolygon", "coordinates": [ [ [ [ -93.30336, 45.02406 ], [ -93.30828, 45.02415 ], [ -93.3083, 45.02577 ], [ -93.30974, 45.02577 ], [ -93.30976, 45.02221 ], [ -93.30331, 45.0222 ], [ -93.30336, 45.02406 ] ] ] ] } },
{ "type": "Feature", "properties": { "area_id": 9158, "city": "Minneapolis", "state": "MN", "city_survey": true, "category": "Definitely Declining", "grade": "C", "label": "C3", "residential": true, "commercial": false, "industrial": false, "fill": "#ffff00" }, "geometry": { "type": "MultiPolygon", "coordinates": [ [ [ [ -93.28345, 45.02518 ], [ -93.2849, 45.02754 ], [ -93.28548, 45.02856 ], [ -93.2865, 45.02976 ], [ -93.2882, 45.03166 ], [ -93.28852, 45.03211 ], [ -93.29032, 45.03306 ], [ -93.2927, 45.03427 ], [ -93.29497, 45.03543 ], [ -93.29587, 45.03543 ], [ -93.29582, 45.03329 ], [ -93.30091, 45.03316 ], [ -93.30084, 45.03118 ], [ -93.30178, 45.03119 ], [ -93.30175, 45.02945 ], [ -93.29857, 45.02937 ], [ -93.29838, 45.02409 ], [ -93.2983, 45.02407 ], [ -93.29309, 45.02415 ], [ -93.29302, 45.01665 ], [ -93.3096, 45.01686 ], [ -93.30951, 45.0059 ], [ -93.31447, 45.006 ], [ -93.31449, 45.00247 ], [ -93.31342, 45.00248 ], [ -93.31342, 45.00157 ], [ -93.31592, 45.0016 ], [ -93.31598, 45.00059 ], [ -93.31609, 45.00059 ], [ -93.31589, 44.99706 ], [ -93.30819, 44.99701 ], [ -93.30823, 44.99758 ], [ -93.30704, 44.99764 ], [ -93.30702, 44.99818 ], [ -93.3043, 44.99825 ], [ -93.30427, 44.99864 ], [ -93.30084, 44.99864 ], [ -93.30077, 44.99524 ], [ -93.30434, 44.99523 ], [ -93.30821, 44.99528 ], [ -93.30821, 44.99332 ], [ -93.31582, 44.99327 ], [ -93.31591, 44.99163 ], [ -93.31353, 44.99154 ], [ -93.31353, 44.99149 ], [ -93.30949, 44.99151 ], [ -93.30949, 44.99154 ], [ -93.30824, 44.99156 ], [ -93.30823, 44.99308 ], [ -93.29098, 44.99308 ], [ -93.29107, 44.9991 ], [ -93.28321, 44.99915 ], [ -93.28323, 45.00592 ], [ -93.28343, 45.00595 ], [ -93.2835, 45.01357 ], [ -93.28352, 45.02412 ], [ -93.28346, 45.02511 ], [ -93.28345, 45.02518 ] ], [ [ -93.30065, 44.99622 ], [ -93.30068, 44.99808 ], [ -93.30062, 44.99808 ], [ -93.30062, 44.99804 ], [ -93.29803, 44.99802 ], [ -93.29795, 44.99523 ], [ -93.30064, 44.99524 ], [ -93.30065, 44.99622 ] ] ] ] } },
{ "type": "Feature", "properties": { "area_id": 9140, "city": "Minneapolis", "state": "MN", "city_survey": true, "category": "Definitely Declining", "grade": "C", "label": "C4", "residential": true, "commercial": false, "industrial": false, "fill": "#ffff00" }, "geometry": { "type": "MultiPolygon", "coordinates": [ [ [ [ -93.2982, 44.99145 ], [ -93.30704, 44.99147 ], [ -93.30711, 44.98792 ], [ -93.30819, 44.98794 ], [ -93.30816, 44.98595 ], [ -93.31589, 44.98607 ], [ -93.31589, 44.98603 ], [ -93.31597, 44.98603 ], [ -93.31592, 44.98421 ], [ -93.31336, 44.98419 ], [ -93.31336, 44.9829 ], [ -93.31234, 44.98287 ], [ -93.31231, 44.98246 ], [ -93.31169, 44.98247 ], [ -93.31171, 44.9808 ], [ -93.31372, 44.98077 ], [ -93.31227, 44.97945 ], [ -93.31033, 44.98011 ], [ -93.31034, 44.97842 ], [ -93.30529, 44.97852 ], [ -93.30524, 44.97782 ], [ -93.30457, 44.97782 ], [ -93.30455, 44.97717 ], [ -93.2982, 44.97705 ], [ -93.29812, 44.98072 ], [ -93.29817, 44.98072 ], [ -93.29837, 44.98417 ], [ -93.30324, 44.98423 ], [ -93.30324, 44.98603 ], [ -93.30178, 44.98627 ], [ -93.2983, 44.9862 ], [ -93.29821, 44.99145 ], [ -93.2982, 44.99145 ] ] ] ] } },
{ "type": "Feature", "properties": { "area_id": 9142, "city": "Minneapolis", "state": "MN", "city_survey": true, "category": "Definitely Declining", "grade": "C", "label": "C5", "residential": true, "commercial": false, "industrial": false, "fill": "#ffff00" }, "geometry": { "type": "MultiPolygon", "coordinates": [ [ [ [ -93.31012, 44.96994 ], [ -93.30697, 44.96992 ], [ -93.30659, 44.97128 ], [ -93.30578, 44.97155 ], [ -93.30484, 44.97198 ], [ -93.30417, 44.97262 ], [ -93.30351, 44.9733 ], [ -93.30293, 44.97403 ], [ -93.30275, 44.97451 ], [ -93.303, 44.97495 ], [ -93.30376, 44.97543 ], [ -93.30446, 44.97561 ], [ -93.30567, 44.97513 ], [ -93.30542, 44.97479 ], [ -93.30495, 44.9743 ], [ -93.30473, 44.9739 ], [ -93.30488, 44.97348 ], [ -93.30554, 44.97298 ], [ -93.30612, 44.97232 ], [ -93.3067, 44.97168 ], [ -93.30688, 44.97081 ], [ -93.31468, 44.9707 ], [ -93.31488, 44.97005 ], [ -93.3149, 44.96998 ], [ -93.31012, 44.96994 ] ] ], [ [ [ -93.30704, 44.97691 ], [ -93.30807, 44.97732 ], [ -93.31475, 44.97724 ], [ -93.31475, 44.97532 ], [ -93.30841, 44.97532 ], [ -93.3083, 44.97178 ], [ -93.30704, 44.97176 ], [ -93.30704, 44.97691 ] ] ] ] } },
{ "type": "Feature", "properties": { "area_id": 9154, "city": "Minneapolis", "state": "MN", "city_survey": true, "category": "Definitely Declining", "grade": "C", "label": "C6", "residential": true, "commercial": false, "industrial": false, "fill": "#ffff00" }, "geometry": { "type": "MultiPolygon", "coordinates": [ [ [ [ -93.2893, 44.94665 ], [ -93.28677, 44.94658 ], [ -93.28682, 44.94732 ], [ -93.28934, 44.94729 ], [ -93.28935, 44.94665 ], [ -93.2893, 44.94665 ] ] ], [ [ [ -93.27081, 44.96272 ], [ -93.27136, 44.96273 ], [ -93.27148, 44.96725 ], [ -93.27789, 44.9673 ], [ -93.27783, 44.9697 ], [ -93.27783, 44.96973 ], [ -93.27782, 44.97036 ], [ -93.27565, 44.97302 ], [ -93.27818, 44.97405 ], [ -93.27897, 44.97481 ], [ -93.28127, 44.9738 ], [ -93.28388, 44.97266 ], [ -93.28383, 44.97261 ], [ -93.28185, 44.97021 ], [ -93.28196, 44.96775 ], [ -93.28196, 44.96761 ], [ -93.2808, 44.96763 ], [ -93.28077, 44.96626 ], [ -93.27936, 44.9663 ], [ -93.27935, 44.96413 ], [ -93.28065, 44.96413 ], [ -93.2807, 44.96274 ], [ -93.27812, 44.96276 ], [ -93.2781, 44.9555 ], [ -93.28121, 44.95552 ], [ -93.28116, 44.95377 ], [ -93.28684, 44.95381 ], [ -93.28685, 44.95189 ], [ -93.28823, 44.95189 ], [ -93.28788, 44.96267 ], [ -93.28865, 44.96267 ], [ -93.28859, 44.96525 ], [ -93.28916, 44.96527 ], [ -93.28919, 44.96527 ], [ -93.28919, 44.96527 ], [ -93.29701, 44.9555 ], [ -93.29852, 44.95552 ], [ -93.3, 44.95242 ], [ -93.30001, 44.9524 ], [ -93.3, 44.95239 ], [ -93.29829, 44.95199 ], [ -93.29837, 44.94988 ], [ -93.29578, 44.94993 ], [ -93.29583, 44.94834 ], [ -93.28289, 44.94833 ], [ -93.28283, 44.94469 ], [ -93.27983, 44.94471 ], [ -93.27978, 44.94471 ], [ -93.27967, 44.95064 ], [ -93.27799, 44.9506 ], [ -93.27798, 44.95202 ], [ -93.27096, 44.95197 ], [ -93.27096, 44.95219 ], [ -93.27081, 44.9626 ], [ -93.27081, 44.96272 ] ] ] ] } },
{ "type": "Feature", "properties": { "area_id": 9147, "city": "Minneapolis", "state": "MN", "city_survey": true, "category": "Definitely Declining", "grade": "C", "label": "C7", "residential": true, "commercial": false, "industrial": false, "fill": "#ffff00" }, "geometry": { "type": "MultiPolygon", "coordinates": [ [ [ [ -93.3189, 44.95362 ], [ -93.31926, 44.95364 ], [ -93.31899, 44.95423 ], [ -93.31913, 44.9548 ], [ -93.31888, 44.95531 ], [ -93.31832, 44.95599 ], [ -93.31767, 44.95645 ], [ -93.31769, 44.95677 ], [ -93.31787, 44.95741 ], [ -93.31778, 44.95774 ], [ -93.3174, 44.95817 ], [ -93.318, 44.95822 ], [ -93.3185, 44.9579 ], [ -93.31888, 44.95734 ], [ -93.31897, 44.95706 ], [ -93.31969, 44.95623 ], [ -93.32016, 44.95571 ], [ -93.32041, 44.95482 ], [ -93.32031, 44.9536 ], [ -93.32125, 44.95314 ], [ -93.32076, 44.95234 ], [ -93.32164, 44.95184 ], [ -93.32269, 44.95021 ], [ -93.32414, 44.94917 ], [ -93.32418, 44.94885 ], [ -93.32463, 44.94866 ], [ -93.32488, 44.94818 ], [ -93.3286, 44.94823 ], [ -93.32879, 44.94502 ], [ -93.32299, 44.94497 ], [ -93.32297, 44.945 ], [ -93.32235, 44.94577 ], [ -93.32184, 44.94622 ], [ -93.32136, 44.94673 ], [ -93.32086, 44.94711 ], [ -93.3205, 44.94741 ], [ -93.32005, 44.94759 ], [ -93.31863, 44.94806 ], [ -93.31772, 44.94845 ], [ -93.31781, 44.94845 ], [ -93.32368, 44.94833 ], [ -93.32347, 44.94858 ], [ -93.32255, 44.94922 ], [ -93.32127, 44.94987 ], [ -93.31978, 44.95032 ], [ -93.31805, 44.95082 ], [ -93.31706, 44.95089 ], [ -93.31688, 44.951 ], [ -93.31731, 44.95168 ], [ -93.31737, 44.95185 ], [ -93.31755, 44.95234 ], [ -93.3174, 44.953 ], [ -93.31764, 44.95324 ], [ -93.31823, 44.95353 ], [ -93.31868, 44.95361 ], [ -93.3189, 44.95362 ] ] ] ] } },
{ "type": "Feature", "properties": { "area_id": 9113, "city": "Minneapolis", "state": "MN", "city_survey": true, "category": "Definitely Declining", "grade": "C", "label": "C8", "residential": true, "commercial": false, "industrial": false, "fill": "#ffff00" }, "geometry": { "type": "MultiPolygon", "coordinates": [ [ [ [ -93.27219, 44.92872 ], [ -93.27155, 44.92872 ], [ -93.2715, 44.93056 ], [ -93.27081, 44.93052 ], [ -93.27083, 44.94008 ], [ -93.27092, 44.94827 ], [ -93.27163, 44.94828 ], [ -93.27171, 44.94664 ], [ -93.27162, 44.94664 ], [ -93.2716, 44.93944 ], [ -93.27278, 44.93948 ], [ -93.27286, 44.93222 ], [ -93.27227, 44.93224 ], [ -93.27219, 44.92872 ] ] ], [ [ [ -93.26749, 44.9251 ], [ -93.26762, 44.94753 ], [ -93.2677, 44.94753 ], [ -93.2677, 44.94756 ], [ -93.2677, 44.94844 ], [ -93.26776, 44.94844 ], [ -93.26827, 44.94847 ], [ -93.26964, 44.94843 ], [ -93.26948, 44.94237 ], [ -93.26944, 44.93595 ], [ -93.26886, 44.93595 ], [ -93.26889, 44.93173 ], [ -93.26888, 44.92866 ], [ -93.26957, 44.92869 ], [ -93.26958, 44.92449 ], [ -93.26958, 44.9242 ], [ -93.26962, 44.92152 ], [ -93.2715, 44.92153 ], [ -93.2715, 44.92149 ], [ -93.2715, 44.92143 ], [ -93.27158, 44.91794 ], [ -93.26902, 44.91784 ], [ -93.26888, 44.92491 ], [ -93.26887, 44.92508 ], [ -93.26871, 44.92507 ], [ -93.26752, 44.92503 ], [ -93.26749, 44.92503 ], [ -93.26749, 44.92504 ], [ -93.26749, 44.92507 ], [ -93.26749, 44.9251 ] ] ] ] } },
{ "type": "Feature", "properties": { "area_id": 9131, "city": "Minneapolis", "state": "MN", "city_survey": true, "category": "Definitely Declining", "grade": "C", "label": "C9", "residential": true, "commercial": false, "industrial": false, "fill": "#ffff00" }, "geometry": { "type": "MultiPolygon", "coordinates": [ [ [ [ -93.24616, 45.02413 ], [ -93.24618, 45.03121 ], [ -93.2474, 45.03121 ], [ -93.24749, 45.0241 ], [ -93.24616, 45.02413 ] ] ] ] } },
{ "type": "Feature", "properties": { "area_id": 9116, "city": "Minneapolis", "state": "MN", "city_survey": true, "category": "Hazardous", "grade": "D", "label": "D1", "residential": true, "commercial": false, "industrial": false, "fill": "#d9838d" }, "geometry": { "type": "MultiPolygon", "coordinates": [ [ [ [ -93.28376, 45.0513 ], [ -93.31929, 45.05122 ], [ -93.31922, 45.04398 ], [ -93.29946, 45.04388 ], [ -93.29911, 45.03851 ], [ -93.29401, 45.03839 ], [ -93.29396, 45.03539 ], [ -93.28833, 45.03551 ], [ -93.28675, 45.04197 ], [ -93.28371, 45.0476 ], [ -93.28376, 45.0513 ] ] ] ] } },
{ "type": "Feature", "properties": { "area_id": 9162, "city": "Minneapolis", "state": "MN", "city_survey": true, "category": "Hazardous", "grade": "D", "label": "D10", "residential": true, "commercial": false, "industrial": false, "fill": "#d9838d" }, "geometry": { "type": "MultiPolygon", "coordinates": [ [ [ [ -93.22867, 44.98431 ], [ -93.22875, 44.98431 ], [ -93.23084, 44.98477 ], [ -93.23511, 44.97898 ], [ -93.23367, 44.97838 ], [ -93.23279, 44.97939 ], [ -93.22686, 44.97699 ], [ -93.22684, 44.97573 ], [ -93.22682, 44.97483 ], [ -93.22433, 44.97472 ], [ -93.22433, 44.97472 ], [ -93.22433, 44.97471 ], [ -93.21998, 44.97295 ], [ -93.2216, 44.97094 ], [ -93.22056, 44.97048 ], [ -93.22079, 44.97004 ], [ -93.22086, 44.9695 ], [ -93.22054, 44.9688 ], [ -93.21991, 44.96855 ], [ -93.21931, 44.9687 ], [ -93.21913, 44.96898 ], [ -93.21904, 44.96944 ], [ -93.21894, 44.97004 ], [ -93.21883, 44.97064 ], [ -93.21811, 44.97088 ], [ -93.21787, 44.97093 ], [ -93.2179, 44.97095 ], [ -93.21735, 44.97169 ], [ -93.20949, 44.96849 ], [ -93.20932, 44.96829 ], [ -93.20932, 44.96827 ], [ -93.20864, 44.96803 ], [ -93.20805, 44.96848 ], [ -93.20851, 44.96959 ], [ -93.20936, 44.96965 ], [ -93.21073, 44.97004 ], [ -93.21158, 44.97051 ], [ -93.21174, 44.97091 ], [ -93.22681, 44.97722 ], [ -93.22694, 44.98308 ], [ -93.2283, 44.98348 ], [ -93.22867, 44.98431 ] ] ] ] } },
{ "type": "Feature", "properties": { "area_id": 9163, "city": "Minneapolis", "state": "MN", "city_survey": true, "category": "Hazardous", "grade": "D", "label": "D11", "residential": true, "commercial": false, "industrial": false, "fill": "#d9838d" }, "geometry": { "type": "MultiPolygon", "coordinates": [ [ [ [ -93.25361, 45.00649 ], [ -93.25359, 45.00649 ], [ -93.25358, 45.00753 ], [ -93.25365, 45.00754 ], [ -93.25355, 45.00996 ], [ -93.25431, 45.01 ], [ -93.25434, 45.011 ], [ -93.25562, 45.01103 ], [ -93.25559, 45.01214 ], [ -93.2567, 45.01216 ], [ -93.25664, 45.01487 ], [ -93.25789, 45.01494 ], [ -93.25783, 45.01677 ], [ -93.2677, 45.01677 ], [ -93.26771, 45.02168 ], [ -93.26778, 45.02398 ], [ -93.27303, 45.02393 ], [ -93.27289, 45.02225 ], [ -93.27272, 45.0201 ], [ -93.27245, 45.01675 ], [ -93.27183, 45.01322 ], [ -93.27288, 45.01321 ], [ -93.27282, 45.01255 ], [ -93.2727, 45.01206 ], [ -93.27266, 45.01118 ], [ -93.27256, 45.00993 ], [ -93.27081, 45.00997 ], [ -93.27076, 45.00697 ], [ -93.27167, 45.00697 ], [ -93.27168, 45.00601 ], [ -93.27136, 45.00447 ], [ -93.27071, 45.0012 ], [ -93.26995, 45.00013 ], [ -93.26857, 45.00064 ], [ -93.26797, 44.99985 ], [ -93.27084, 44.99882 ], [ -93.26648, 44.99217 ], [ -93.26604, 44.99205 ], [ -93.26535, 44.99156 ], [ -93.26459, 44.9911 ], [ -93.26489, 44.99059 ], [ -93.26565, 44.99052 ], [ -93.26613, 44.99039 ], [ -93.26648, 44.99 ], [ -93.26648, 44.98953 ], [ -93.26629, 44.98906 ], [ -93.26558, 44.98792 ], [ -93.26483, 44.98714 ], [ -93.26401, 44.98625 ], [ -93.26106, 44.9871 ], [ -93.26177, 44.98882 ], [ -93.25637, 44.99042 ], [ -93.25715, 44.99142 ], [ -93.25717, 44.99145 ], [ -93.25985, 44.99063 ], [ -93.26073, 44.99174 ], [ -93.26213, 44.99137 ], [ -93.26733, 44.99881 ], [ -93.26324, 44.99876 ], [ -93.26329, 45.00092 ], [ -93.26458, 45.00095 ], [ -93.26464, 45.01215 ], [ -93.25794, 45.01215 ], [ -93.25796, 45.011 ], [ -93.25681, 45.01101 ], [ -93.25676, 45.00863 ], [ -93.25551, 45.0086 ], [ -93.25553, 45.00748 ], [ -93.25495, 45.00746 ], [ -93.25492, 45.00648 ], [ -93.25361, 45.00649 ] ] ] ] } },
{ "type": "Feature", "properties": { "area_id": 9165, "city": "Minneapolis", "state": "MN", "city_survey": true, "category": "Hazardous", "grade": "D", "label": "D12", "residential": true, "commercial": false, "industrial": false, "fill": "#d9838d" }, "geometry": { "type": "MultiPolygon", "coordinates": [ [ [ [ -93.23714, 44.98961 ], [ -93.23461, 44.98962 ], [ -93.23465, 44.99143 ], [ -93.23709, 44.99142 ], [ -93.23714, 44.98961 ] ] ], [ [ [ -93.23776, 44.98793 ], [ -93.24188, 44.99148 ], [ -93.24747, 44.99146 ], [ -93.24888, 44.99207 ], [ -93.25052, 44.99014 ], [ -93.25141, 44.98841 ], [ -93.25278, 44.9872 ], [ -93.25532, 44.98425 ], [ -93.25355, 44.9836 ], [ -93.2528, 44.98463 ], [ -93.25299, 44.98471 ], [ -93.25049, 44.9877 ], [ -93.24765, 44.98671 ], [ -93.24618, 44.98842 ], [ -93.2446, 44.9878 ], [ -93.24288, 44.98986 ], [ -93.23776, 44.98793 ] ] ], [ [ [ -93.23717, 44.99726 ], [ -93.24471, 45.00174 ], [ -93.24468, 44.99881 ], [ -93.24778, 44.99883 ], [ -93.25212, 45.00507 ], [ -93.2523, 45.00518 ], [ -93.25234, 45.00298 ], [ -93.25139, 45.00301 ], [ -93.25144, 44.99869 ], [ -93.25747, 44.99871 ], [ -93.25754, 44.99491 ], [ -93.25618, 44.99313 ], [ -93.25236, 44.9932 ], [ -93.24931, 44.99424 ], [ -93.24836, 44.99478 ], [ -93.24741, 44.99599 ], [ -93.24753, 44.99845 ], [ -93.24305, 44.99244 ], [ -93.24288, 44.99219 ], [ -93.24147, 44.99219 ], [ -93.24009, 44.99249 ], [ -93.23928, 44.9929 ], [ -93.23886, 44.99311 ], [ -93.23713, 44.99316 ], [ -93.23717, 44.99726 ] ] ] ] } },
{ "type": "Feature", "properties": { "area_id": 9126, "city": "Minneapolis", "state": "MN", "city_survey": true, "category": "Hazardous", "grade": "D", "label": "D13", "residential": true, "commercial": false, "industrial": false, "fill": "#d9838d" }, "geometry": { "type": "MultiPolygon", "coordinates": [ [ [ [ -93.22641, 45.00631 ], [ -93.22638, 45.00433 ], [ -93.22315, 45.00429 ], [ -93.22251, 45.00537 ], [ -93.22244, 45.00597 ], [ -93.22269, 45.00637 ], [ -93.22323, 45.0068 ], [ -93.22373, 45.00701 ], [ -93.22459, 45.00734 ], [ -93.22422, 45.00787 ], [ -93.22492, 45.00789 ], [ -93.21972, 45.01333 ], [ -93.22642, 45.01333 ], [ -93.22652, 45.01333 ], [ -93.22643, 45.00788 ], [ -93.22643, 45.00783 ], [ -93.22641, 45.00631 ] ] ] ] } },
{ "type": "Feature", "properties": { "area_id": 9130, "city": "Minneapolis", "state": "MN", "city_survey": true, "category": "Hazardous", "grade": "D", "label": "D14", "residential": true, "commercial": false, "industrial": false, "fill": "#d9838d" }, "geometry": { "type": "MultiPolygon", "coordinates": [ [ [ [ -93.25664, 45.01487 ], [ -93.25664, 45.01495 ], [ -93.25656, 45.01495 ], [ -93.2554, 45.01499 ], [ -93.25539, 45.01582 ], [ -93.2457, 45.0158 ], [ -93.24555, 45.02032 ], [ -93.24603, 45.02035 ], [ -93.24616, 45.02401 ], [ -93.24616, 45.0241 ], [ -93.24616, 45.02413 ], [ -93.24749, 45.0241 ], [ -93.24753, 45.0241 ], [ -93.24747, 45.0168 ], [ -93.25783, 45.01678 ], [ -93.25783, 45.01677 ], [ -93.25789, 45.01494 ], [ -93.25664, 45.01487 ] ] ] ] } },
{ "type": "Feature", "properties": { "area_id": 9124, "city": "Minneapolis", "state": "MN", "city_survey": true, "category": "Hazardous", "grade": "D", "label": "D2", "residential": true, "commercial": false, "industrial": false, "fill": "#d9838d" }, "geometry": { "type": "MultiPolygon", "coordinates": [ [ [ [ -93.28153, 44.99183 ], [ -93.28157, 44.99904 ], [ -93.2801, 44.99905 ], [ -93.2801, 45.00367 ], [ -93.28158, 45.00366 ], [ -93.28161, 45.00591 ], [ -93.28052, 45.00592 ], [ -93.28046, 45.00938 ], [ -93.28078, 45.01243 ], [ -93.28089, 45.01478 ], [ -93.28096, 45.01667 ], [ -93.28273, 45.02405 ], [ -93.28345, 45.02518 ], [ -93.28345, 45.02518 ], [ -93.28346, 45.02511 ], [ -93.28352, 45.02412 ], [ -93.2835, 45.01357 ], [ -93.28343, 45.00595 ], [ -93.28323, 45.00592 ], [ -93.28321, 44.99915 ], [ -93.29107, 44.9991 ], [ -93.29098, 44.99308 ], [ -93.30823, 44.99308 ], [ -93.30824, 44.99156 ], [ -93.30824, 44.99153 ], [ -93.30824, 44.99151 ], [ -93.30824, 44.99147 ], [ -93.30812, 44.99147 ], [ -93.30715, 44.99147 ], [ -93.30704, 44.99147 ], [ -93.2982, 44.99145 ], [ -93.2981, 44.99152 ], [ -93.2974, 44.99197 ], [ -93.28153, 44.99183 ] ] ] ] } },
{ "type": "Feature", "properties": { "area_id": 9123, "city": "Minneapolis", "state": "MN", "city_survey": true, "category": "Hazardous", "grade": "D", "label": "D3", "residential": true, "commercial": false, "industrial": false, "fill": "#d9838d" }, "geometry": { "type": "MultiPolygon", "coordinates": [ [ [ [ -93.28153, 44.99183 ], [ -93.2974, 44.99197 ], [ -93.2981, 44.99152 ], [ -93.2982, 44.99145 ], [ -93.29821, 44.99145 ], [ -93.2983, 44.9862 ], [ -93.30178, 44.98627 ], [ -93.30324, 44.98603 ], [ -93.30324, 44.98423 ], [ -93.29837, 44.98417 ], [ -93.29817, 44.98072 ], [ -93.29812, 44.98072 ], [ -93.28761, 44.97931 ], [ -93.28177, 44.97885 ], [ -93.283, 44.97993 ], [ -93.28303, 44.98071 ], [ -93.28368, 44.98074 ], [ -93.28372, 44.98266 ], [ -93.28294, 44.98263 ], [ -93.28287, 44.98368 ], [ -93.2881, 44.98731 ], [ -93.28811, 44.9889 ], [ -93.28052, 44.9903 ], [ -93.2815, 44.99183 ], [ -93.28153, 44.99183 ] ] ] ] } },
{ "type": "Feature", "properties": { "area_id": 9137, "city": "Minneapolis", "state": "MN", "city_survey": true, "category": "Hazardous", "grade": "D", "label": "D4", "residential": true, "commercial": false, "industrial": false, "fill": "#d9838d" }, "geometry": { "type": "MultiPolygon", "coordinates": [ [ [ [ -93.28127, 44.9738 ], [ -93.28233, 44.97516 ], [ -93.27999, 44.97627 ], [ -93.28046, 44.97689 ], [ -93.28812, 44.97695 ], [ -93.2896, 44.97641 ], [ -93.28949, 44.97594 ], [ -93.29149, 44.97527 ], [ -93.29269, 44.97447 ], [ -93.29416, 44.97395 ], [ -93.29718, 44.97204 ], [ -93.29823, 44.97149 ], [ -93.30002, 44.97085 ], [ -93.30104, 44.97055 ], [ -93.30122, 44.97017 ], [ -93.30079, 44.9701 ], [ -93.2996, 44.97013 ], [ -93.29821, 44.97076 ], [ -93.29736, 44.97138 ], [ -93.29612, 44.97181 ], [ -93.29554, 44.97193 ], [ -93.29388, 44.97203 ], [ -93.28687, 44.97201 ], [ -93.28489, 44.97284 ], [ -93.28437, 44.97238 ], [ -93.28383, 44.97261 ], [ -93.28388, 44.97266 ], [ -93.28127, 44.9738 ] ] ] ] } },
{ "type": "Feature", "properties": { "area_id": 9136, "city": "Minneapolis", "state": "MN", "city_survey": true, "category": "Hazardous", "grade": "D", "label": "D5", "residential": true, "commercial": false, "industrial": false, "fill": "#d9838d" }, "geometry": { "type": "MultiPolygon", "coordinates": [ [ [ [ -93.23915, 44.96791 ], [ -93.23917, 44.96815 ], [ -93.23885, 44.96952 ], [ -93.2397, 44.97095 ], [ -93.24002, 44.97191 ], [ -93.2413, 44.97349 ], [ -93.24229, 44.97473 ], [ -93.24307, 44.97505 ], [ -93.24476, 44.97649 ], [ -93.24668, 44.97672 ], [ -93.24791, 44.97698 ], [ -93.252, 44.97689 ], [ -93.25456, 44.97352 ], [ -93.25171, 44.97233 ], [ -93.2527, 44.97125 ], [ -93.25971, 44.97421 ], [ -93.26056, 44.97328 ], [ -93.2618, 44.97383 ], [ -93.26267, 44.97287 ], [ -93.26395, 44.9734 ], [ -93.26473, 44.97239 ], [ -93.26629, 44.97302 ], [ -93.26857, 44.97032 ], [ -93.26741, 44.96968 ], [ -93.27783, 44.96973 ], [ -93.27783, 44.9697 ], [ -93.27789, 44.9673 ], [ -93.27148, 44.96725 ], [ -93.27136, 44.96273 ], [ -93.27081, 44.96272 ], [ -93.27081, 44.96276 ], [ -93.26955, 44.96273 ], [ -93.26955, 44.96278 ], [ -93.2476, 44.96286 ], [ -93.2476, 44.96283 ], [ -93.2459, 44.96285 ], [ -93.24579, 44.96527 ], [ -93.2474, 44.96528 ], [ -93.24737, 44.9703 ], [ -93.23909, 44.96689 ], [ -93.23921, 44.96792 ], [ -93.23915, 44.96791 ] ] ] ] } },
{ "type": "Feature", "properties": { "area_id": 9114, "city": "Minneapolis", "state": "MN", "city_survey": true, "category": "Hazardous", "grade": "D", "label": "D6", "residential": true, "commercial": false, "industrial": false, "fill": "#d9838d" }, "geometry": { "type": "MultiPolygon", "coordinates": [ [ [ [ -93.26871, 44.92507 ], [ -93.26887, 44.92508 ], [ -93.26888, 44.92491 ], [ -93.26871, 44.92507 ] ] ], [ [ [ -93.26827, 44.94847 ], [ -93.26833, 44.94848 ], [ -93.26833, 44.95201 ], [ -93.26957, 44.952 ], [ -93.26955, 44.96253 ], [ -93.26955, 44.96273 ], [ -93.27081, 44.96276 ], [ -93.27081, 44.96272 ], [ -93.27081, 44.9626 ], [ -93.27096, 44.95219 ], [ -93.27096, 44.95197 ], [ -93.27096, 44.9519 ], [ -93.27092, 44.94827 ], [ -93.27083, 44.94008 ], [ -93.27081, 44.93052 ], [ -93.2715, 44.93056 ], [ -93.27155, 44.92872 ], [ -93.27219, 44.92872 ], [ -93.27233, 44.92872 ], [ -93.27406, 44.92872 ], [ -93.27397, 44.92148 ], [ -93.2715, 44.92143 ], [ -93.2715, 44.92149 ], [ -93.2715, 44.92153 ], [ -93.26962, 44.92152 ], [ -93.26958, 44.9242 ], [ -93.26958, 44.92449 ], [ -93.26957, 44.92869 ], [ -93.26888, 44.92866 ], [ -93.26889, 44.93173 ], [ -93.26886, 44.93595 ], [ -93.26944, 44.93595 ], [ -93.26948, 44.94237 ], [ -93.26964, 44.94843 ], [ -93.26827, 44.94847 ] ] ] ] } },
{ "type": "Feature", "properties": { "area_id": 9115, "city": "Minneapolis", "state": "MN", "city_survey": true, "category": "Hazardous", "grade": "D", "label": "D7", "residential": true, "commercial": false, "industrial": false, "fill": "#d9838d" }, "geometry": { "type": "MultiPolygon", "coordinates": [ [ [ [ -93.27096, 44.95197 ], [ -93.27798, 44.95202 ], [ -93.27799, 44.9506 ], [ -93.27802, 44.94834 ], [ -93.27163, 44.94828 ], [ -93.27092, 44.94827 ], [ -93.27096, 44.9519 ], [ -93.27096, 44.95197 ] ] ] ] } },
{ "type": "Feature", "properties": { "area_id": 9106, "city": "Minneapolis", "state": "MN", "city_survey": true, "category": "Hazardous", "grade": "D", "label": "D8", "residential": true, "commercial": false, "industrial": false, "fill": "#d9838d" }, "geometry": { "type": "MultiPolygon", "coordinates": [ [ [ [ -93.23208, 44.94476 ], [ -93.23324, 44.94478 ], [ -93.23195, 44.94292 ], [ -93.23326, 44.94298 ], [ -93.22981, 44.93768 ], [ -93.22787, 44.93498 ], [ -93.22379, 44.92893 ], [ -93.22262, 44.92699 ], [ -93.22331, 44.92697 ], [ -93.22352, 44.92696 ], [ -93.22228, 44.92509 ], [ -93.22227, 44.92508 ], [ -93.22148, 44.92388 ], [ -93.22062, 44.92268 ], [ -93.21969, 44.92156 ], [ -93.21895, 44.92027 ], [ -93.21848, 44.91966 ], [ -93.21733, 44.91845 ], [ -93.21545, 44.91655 ], [ -93.21542, 44.91655 ], [ -93.21532, 44.91655 ], [ -93.21449, 44.91596 ], [ -93.21354, 44.91508 ], [ -93.21263, 44.91429 ], [ -93.21172, 44.91354 ], [ -93.21036, 44.91249 ], [ -93.20847, 44.91102 ], [ -93.20669, 44.90947 ], [ -93.20541, 44.90887 ], [ -93.20433, 44.90808 ], [ -93.203, 44.90747 ], [ -93.20189, 44.90695 ], [ -93.20062, 44.90647 ], [ -93.19942, 44.90547 ], [ -93.19715, 44.9054 ], [ -93.19781, 44.90606 ], [ -93.19903, 44.90674 ], [ -93.19984, 44.90714 ], [ -93.20177, 44.90788 ], [ -93.20304, 44.90838 ], [ -93.20446, 44.90908 ], [ -93.20632, 44.91028 ], [ -93.20724, 44.91106 ], [ -93.21287, 44.91573 ], [ -93.21441, 44.91719 ], [ -93.21571, 44.91842 ], [ -93.21747, 44.91988 ], [ -93.22259, 44.92711 ], [ -93.22361, 44.92886 ], [ -93.22281, 44.92882 ], [ -93.22382, 44.93065 ], [ -93.22123, 44.93065 ], [ -93.22899, 44.94118 ], [ -93.23167, 44.94475 ], [ -93.23208, 44.94476 ] ] ] ] } },
{ "type": "Feature", "properties": { "area_id": 9135, "city": "Minneapolis", "state": "MN", "city_survey": true, "category": "Hazardous", "grade": "D", "label": "D9", "residential": true, "commercial": false, "industrial": false, "fill": "#d9838d" }, "geometry": { "type": "MultiPolygon", "coordinates": [ [ [ [ -93.23462, 44.95362 ], [ -93.23306, 44.9536 ], [ -93.23306, 44.9528 ], [ -93.22998, 44.95279 ], [ -93.22998, 44.95353 ], [ -93.22069, 44.95332 ], [ -93.21945, 44.95333 ], [ -93.21848, 44.95349 ], [ -93.21791, 44.9537 ], [ -93.21796, 44.95395 ], [ -93.22411, 44.95402 ], [ -93.22419, 44.95558 ], [ -93.2271, 44.95561 ], [ -93.227, 44.95735 ], [ -93.22543, 44.9573 ], [ -93.22533, 44.95913 ], [ -93.22985, 44.95913 ], [ -93.22985, 44.96094 ], [ -93.23934, 44.96104 ], [ -93.23937, 44.96287 ], [ -93.24585, 44.96284 ], [ -93.2459, 44.96284 ], [ -93.2459, 44.96285 ], [ -93.2476, 44.96283 ], [ -93.24761, 44.9624 ], [ -93.24764, 44.96087 ], [ -93.24872, 44.9609 ], [ -93.24883, 44.95908 ], [ -93.24616, 44.95906 ], [ -93.24615, 44.95904 ], [ -93.24387, 44.95906 ], [ -93.24293, 44.95777 ], [ -93.24133, 44.95652 ], [ -93.23987, 44.95578 ], [ -93.2385, 44.95551 ], [ -93.23484, 44.95558 ], [ -93.23462, 44.95362 ] ] ] ] } },
{ "type": "Feature", "properties": { "area_id": 11181, "city": "Minneapolis", "state": "MN", "city_survey": true, "category": "Business and Industrial", "grade": null, "label": "Business and Industrial", "residential": false, "commercial": true, "industrial": true, "fill": "#000000" }, "geometry": { "type": "MultiPolygon", "coordinates": [ [ [ [ -93.2781, 44.94666 ], [ -93.27974, 44.9466 ], [ -93.27978, 44.94471 ], [ -93.27804, 44.94478 ], [ -93.2781, 44.94666 ] ] ], [ [ [ -93.2781, 44.94666 ], [ -93.27171, 44.94664 ], [ -93.27163, 44.94828 ], [ -93.27802, 44.94834 ], [ -93.2781, 44.94666 ] ] ], [ [ [ -93.29578, 44.94993 ], [ -93.29706, 44.94991 ], [ -93.29837, 44.94988 ], [ -93.29842, 44.94835 ], [ -93.29704, 44.94834 ], [ -93.29583, 44.94834 ], [ -93.29578, 44.94993 ] ] ], [ [ [ -93.27802, 44.94834 ], [ -93.27799, 44.9506 ], [ -93.27967, 44.95064 ], [ -93.27971, 44.94835 ], [ -93.27802, 44.94834 ] ] ], [ [ [ -93.23987, 44.95578 ], [ -93.24133, 44.95652 ], [ -93.24293, 44.95777 ], [ -93.24387, 44.95906 ], [ -93.24615, 44.95904 ], [ -93.24362, 44.95559 ], [ -93.24551, 44.95564 ], [ -93.24544, 44.95197 ], [ -93.2445, 44.95202 ], [ -93.24484, 44.95165 ], [ -93.24472, 44.95028 ], [ -93.24225, 44.95028 ], [ -93.24223, 44.94835 ], [ -93.23821, 44.94831 ], [ -93.22412, 44.92794 ], [ -93.22331, 44.92697 ], [ -93.22262, 44.92699 ], [ -93.22379, 44.92893 ], [ -93.22787, 44.93498 ], [ -93.22981, 44.93768 ], [ -93.23326, 44.94298 ], [ -93.23195, 44.94292 ], [ -93.23324, 44.94478 ], [ -93.23208, 44.94476 ], [ -93.23471, 44.9484 ], [ -93.23469, 44.95362 ], [ -93.23462, 44.95362 ], [ -93.23484, 44.95558 ], [ -93.2385, 44.95551 ], [ -93.23987, 44.95578 ] ] ], [ [ [ -93.21354, 44.96216 ], [ -93.21395, 44.96186 ], [ -93.21133, 44.96 ], [ -93.21017, 44.96043 ], [ -93.2123, 44.9614 ], [ -93.21354, 44.96216 ] ] ], [ [ [ -93.21354, 44.96216 ], [ -93.21297, 44.96265 ], [ -93.21526, 44.96451 ], [ -93.21605, 44.96455 ], [ -93.21354, 44.96216 ] ] ], [ [ [ -93.2183, 44.96588 ], [ -93.22061, 44.96832 ], [ -93.22078, 44.96802 ], [ -93.22073, 44.96471 ], [ -93.21941, 44.96386 ], [ -93.21941, 44.96467 ], [ -93.21646, 44.96457 ], [ -93.2183, 44.96588 ] ] ], [ [ [ -93.22296, 44.97683 ], [ -93.22337, 44.97697 ], [ -93.22536, 44.97902 ], [ -93.22685, 44.97904 ], [ -93.22684, 44.97846 ], [ -93.22565, 44.97691 ], [ -93.22415, 44.97686 ], [ -93.22474, 44.9761 ], [ -93.22562, 44.97648 ], [ -93.2248, 44.97494 ], [ -93.22433, 44.97472 ], [ -93.22433, 44.97471 ], [ -93.22215, 44.97116 ], [ -93.2216, 44.97094 ], [ -93.21998, 44.97295 ], [ -93.22126, 44.97347 ], [ -93.22052, 44.97459 ], [ -93.21174, 44.97091 ], [ -93.21158, 44.97051 ], [ -93.21073, 44.97004 ], [ -93.20936, 44.96965 ], [ -93.20851, 44.96959 ], [ -93.20768, 44.96957 ], [ -93.2077, 44.97056 ], [ -93.21, 44.97104 ], [ -93.21164, 44.97163 ], [ -93.21144, 44.97184 ], [ -93.21482, 44.97299 ], [ -93.21771, 44.97414 ], [ -93.21771, 44.97427 ], [ -93.22103, 44.97556 ], [ -93.22195, 44.97629 ], [ -93.22246, 44.97625 ], [ -93.22296, 44.97683 ] ] ], [ [ [ -93.2337, 44.98089 ], [ -93.23489, 44.98135 ], [ -93.23562, 44.98045 ], [ -93.23728, 44.98103 ], [ -93.23796, 44.9801 ], [ -93.23511, 44.97898 ], [ -93.2337, 44.98089 ] ] ], [ [ [ -93.24129, 44.97992 ], [ -93.24149, 44.9802 ], [ -93.2528, 44.98463 ], [ -93.25355, 44.9836 ], [ -93.24694, 44.98107 ], [ -93.24619, 44.98078 ], [ -93.24464, 44.98063 ], [ -93.24231, 44.97985 ], [ -93.24129, 44.97992 ] ] ], [ [ [ -93.25943, 44.9845 ], [ -93.2594, 44.98484 ], [ -93.26106, 44.9871 ], [ -93.26401, 44.98625 ], [ -93.26325, 44.98568 ], [ -93.26168, 44.98483 ], [ -93.26033, 44.98443 ], [ -93.25943, 44.9845 ] ] ], [ [ [ -93.27071, 45.0012 ], [ -93.27126, 45.00395 ], [ -93.27273, 45.00395 ], [ -93.27278, 45.00348 ], [ -93.27305, 45.00224 ], [ -93.27163, 44.99971 ], [ -93.27415, 44.99897 ], [ -93.27418, 44.99827 ], [ -93.27386, 44.99696 ], [ -93.27292, 44.99513 ], [ -93.27206, 44.9941 ], [ -93.27148, 44.99332 ], [ -93.27102, 44.99249 ], [ -93.2701, 44.99166 ], [ -93.26885, 44.99116 ], [ -93.26732, 44.9906 ], [ -93.26613, 44.99039 ], [ -93.26565, 44.99052 ], [ -93.26489, 44.99059 ], [ -93.26459, 44.9911 ], [ -93.26363, 44.99099 ], [ -93.26255, 44.99049 ], [ -93.26174, 44.9898 ], [ -93.25978, 44.98703 ], [ -93.25911, 44.98608 ], [ -93.25809, 44.98519 ], [ -93.25543, 44.98414 ], [ -93.25532, 44.98425 ], [ -93.25278, 44.9872 ], [ -93.25141, 44.98841 ], [ -93.25052, 44.99014 ], [ -93.24888, 44.99207 ], [ -93.24747, 44.99146 ], [ -93.24188, 44.99148 ], [ -93.23776, 44.98793 ], [ -93.23716, 44.9877 ], [ -93.23715, 44.98961 ], [ -93.23714, 44.98961 ], [ -93.23709, 44.99142 ], [ -93.23711, 44.99142 ], [ -93.23713, 44.99316 ], [ -93.23886, 44.99311 ], [ -93.23928, 44.9929 ], [ -93.24009, 44.99249 ], [ -93.24147, 44.99219 ], [ -93.24288, 44.99219 ], [ -93.24305, 44.99244 ], [ -93.24753, 44.99845 ], [ -93.24741, 44.99599 ], [ -93.24836, 44.99478 ], [ -93.24931, 44.99424 ], [ -93.25236, 44.9932 ], [ -93.25229, 44.9932 ], [ -93.25544, 44.99203 ], [ -93.25715, 44.99142 ], [ -93.25637, 44.99042 ], [ -93.26064, 44.98916 ], [ -93.26213, 44.99112 ], [ -93.26465, 44.99206 ], [ -93.26571, 44.99182 ], [ -93.26604, 44.99205 ], [ -93.26648, 44.99217 ], [ -93.27084, 44.99882 ], [ -93.26797, 44.99985 ], [ -93.26857, 45.00064 ], [ -93.26995, 45.00013 ], [ -93.27071, 45.0012 ] ] ], [ [ [ -93.22638, 45.00433 ], [ -93.22641, 45.00631 ], [ -93.23419, 44.99891 ], [ -93.23196, 44.9988 ], [ -93.23207, 44.9949 ], [ -93.22691, 44.99158 ], [ -93.21782, 44.99168 ], [ -93.21796, 44.99885 ], [ -93.22676, 44.99884 ], [ -93.22638, 45.00433 ] ] ], [ [ [ -93.27167, 45.00697 ], [ -93.27076, 45.00697 ], [ -93.27081, 45.00997 ], [ -93.27256, 45.00993 ], [ -93.27263, 45.00679 ], [ -93.27167, 45.00697 ] ] ], [ [ [ -93.27183, 45.01322 ], [ -93.27211, 45.01479 ], [ -93.27308, 45.0148 ], [ -93.27288, 45.01321 ], [ -93.27183, 45.01322 ] ] ], [ [ [ -93.2726, 45.01864 ], [ -93.27272, 45.0201 ], [ -93.27289, 45.02225 ], [ -93.27303, 45.02393 ], [ -93.27685, 45.02395 ], [ -93.27528, 45.01966 ], [ -93.27478, 45.01859 ], [ -93.2726, 45.01864 ] ] ], [ [ [ -93.24747, 45.0168 ], [ -93.24753, 45.0241 ], [ -93.24749, 45.0241 ], [ -93.24875, 45.02431 ], [ -93.24849, 45.02295 ], [ -93.24908, 45.02189 ], [ -93.2504, 45.02023 ], [ -93.25171, 45.01961 ], [ -93.25311, 45.0193 ], [ -93.25259, 45.01846 ], [ -93.25257, 45.01679 ], [ -93.24747, 45.0168 ] ] ], [ [ [ -93.25618, 45.02397 ], [ -93.25626, 45.02472 ], [ -93.25718, 45.02476 ], [ -93.25829, 45.0251 ], [ -93.25954, 45.02597 ], [ -93.25988, 45.02672 ], [ -93.25978, 45.02713 ], [ -93.26011, 45.02751 ], [ -93.26257, 45.02757 ], [ -93.26249, 45.02378 ], [ -93.25618, 45.02397 ] ] ], [ [ [ -93.26752, 45.02929 ], [ -93.26761, 45.03565 ], [ -93.27296, 45.03564 ], [ -93.27254, 45.03434 ], [ -93.27126, 45.03148 ], [ -93.27002, 45.02924 ], [ -93.26752, 45.02929 ] ] ], [ [ [ -93.28412, 45.03199 ], [ -93.28475, 45.03282 ], [ -93.28508, 45.03404 ], [ -93.28412, 45.03825 ], [ -93.28784, 45.03752 ], [ -93.28833, 45.03551 ], [ -93.29133, 45.03545 ], [ -93.28845, 45.03348 ], [ -93.28611, 45.03277 ], [ -93.28673, 45.03163 ], [ -93.28642, 45.0314 ], [ -93.28787, 45.03129 ], [ -93.28852, 45.03211 ], [ -93.28929, 45.03214 ], [ -93.28919, 45.02958 ], [ -93.28631, 45.02954 ], [ -93.28548, 45.02856 ], [ -93.2849, 45.02754 ], [ -93.28345, 45.02518 ], [ -93.28273, 45.02405 ], [ -93.28096, 45.01667 ], [ -93.28089, 45.01478 ], [ -93.28078, 45.01243 ], [ -93.28046, 45.00938 ], [ -93.28052, 45.00592 ], [ -93.28161, 45.00591 ], [ -93.28158, 45.00366 ], [ -93.2801, 45.00367 ], [ -93.2801, 44.99905 ], [ -93.28157, 44.99904 ], [ -93.28153, 44.99183 ], [ -93.2815, 44.99183 ], [ -93.28052, 44.9903 ], [ -93.28811, 44.9889 ], [ -93.2881, 44.98731 ], [ -93.28287, 44.98368 ], [ -93.28294, 44.98263 ], [ -93.28372, 44.98266 ], [ -93.28368, 44.98074 ], [ -93.28303, 44.98071 ], [ -93.283, 44.97993 ], [ -93.28177, 44.97885 ], [ -93.28761, 44.97931 ], [ -93.29812, 44.98072 ], [ -93.2982, 44.97705 ], [ -93.28812, 44.97695 ], [ -93.28046, 44.97689 ], [ -93.27999, 44.97627 ], [ -93.28233, 44.97516 ], [ -93.28127, 44.9738 ], [ -93.27897, 44.97481 ], [ -93.27818, 44.97405 ], [ -93.27565, 44.97302 ], [ -93.27782, 44.97036 ], [ -93.27783, 44.96973 ], [ -93.26741, 44.96968 ], [ -93.26857, 44.97032 ], [ -93.26629, 44.97302 ], [ -93.26473, 44.97239 ], [ -93.26395, 44.9734 ], [ -93.26267, 44.97287 ], [ -93.2618, 44.97383 ], [ -93.26056, 44.97328 ], [ -93.25971, 44.97421 ], [ -93.2527, 44.97125 ], [ -93.25171, 44.97233 ], [ -93.25456, 44.97352 ], [ -93.25387, 44.97443 ], [ -93.25013, 44.97279 ], [ -93.24751, 44.97165 ], [ -93.24756, 44.97112 ], [ -93.24586, 44.97116 ], [ -93.24584, 44.97335 ], [ -93.24257, 44.97335 ], [ -93.24255, 44.9713 ], [ -93.241, 44.97129 ], [ -93.24102, 44.97218 ], [ -93.24026, 44.97221 ], [ -93.24002, 44.97191 ], [ -93.2397, 44.97095 ], [ -93.23909, 44.96993 ], [ -93.23928, 44.97138 ], [ -93.23972, 44.97298 ], [ -93.23977, 44.97364 ], [ -93.23968, 44.97515 ], [ -93.24, 44.97629 ], [ -93.2408, 44.97706 ], [ -93.2416, 44.97739 ], [ -93.24671, 44.97832 ], [ -93.25103, 44.97875 ], [ -93.25225, 44.9787 ], [ -93.25677, 44.98018 ], [ -93.25721, 44.98073 ], [ -93.25847, 44.98087 ], [ -93.25961, 44.98128 ], [ -93.26002, 44.98168 ], [ -93.26141, 44.98251 ], [ -93.26367, 44.98439 ], [ -93.26468, 44.98509 ], [ -93.26672, 44.98652 ], [ -93.26642, 44.98666 ], [ -93.26736, 44.98826 ], [ -93.26883, 44.98924 ], [ -93.27064, 44.99005 ], [ -93.27332, 44.99139 ], [ -93.27505, 44.99255 ], [ -93.27585, 44.9941 ], [ -93.27679, 44.99736 ], [ -93.27685, 44.99894 ], [ -93.27865, 44.99897 ], [ -93.27884, 45.00594 ], [ -93.27526, 45.00599 ], [ -93.27547, 45.00781 ], [ -93.27585, 45.00989 ], [ -93.2756, 45.01172 ], [ -93.2761, 45.01252 ], [ -93.27647, 45.01373 ], [ -93.27766, 45.015 ], [ -93.27773, 45.01593 ], [ -93.27819, 45.01774 ], [ -93.27835, 45.01998 ], [ -93.27854, 45.02226 ], [ -93.27975, 45.02484 ], [ -93.28149, 45.02719 ], [ -93.28412, 45.03199 ] ], [ [ -93.25314, 44.97539 ], [ -93.252, 44.97689 ], [ -93.24791, 44.97698 ], [ -93.24721, 44.97683 ], [ -93.24721, 44.97562 ], [ -93.24569, 44.97562 ], [ -93.24566, 44.97429 ], [ -93.24657, 44.9743 ], [ -93.24744, 44.97366 ], [ -93.24751, 44.97423 ], [ -93.24841, 44.97464 ], [ -93.24916, 44.97365 ], [ -93.25314, 44.97539 ] ] ] ] } },
{ "type": "Feature", "properties": { "area_id": 8077, "city": "St. Paul", "state": "MN", "city_survey": true, "category": "Best", "grade": "A", "label": "A1", "residential": true, "commercial": false, "industrial": false, "fill": "#76a865" }, "geometry": { "type": "MultiPolygon", "coordinates": [ [ [ [ -93.15693, 44.98825 ], [ -93.16725, 44.98816 ], [ -93.16722, 44.98647 ], [ -93.15693, 44.9865 ], [ -93.15693, 44.98825 ] ] ] ] } },
{ "type": "Feature", "properties": { "area_id": 8087, "city": "St. Paul", "state": "MN", "city_survey": true, "category": "Best", "grade": "A", "label": "A2", "residential": true, "commercial": false, "industrial": false, "fill": "#76a865" }, "geometry": { "type": "MultiPolygon", "coordinates": [ [ [ [ -93.14843, 44.91949 ], [ -93.14863, 44.92 ], [ -93.14863, 44.92078 ], [ -93.14834, 44.92134 ], [ -93.14791, 44.92205 ], [ -93.1478, 44.92264 ], [ -93.1478, 44.92331 ], [ -93.14805, 44.9241 ], [ -93.14854, 44.92475 ], [ -93.14933, 44.92571 ], [ -93.15146, 44.92572 ], [ -93.15135, 44.91946 ], [ -93.15643, 44.91966 ], [ -93.15654, 44.91525 ], [ -93.152, 44.91531 ], [ -93.15196, 44.91595 ], [ -93.15142, 44.91698 ], [ -93.15128, 44.91782 ], [ -93.15052, 44.91946 ], [ -93.15014, 44.91946 ], [ -93.15014, 44.91898 ], [ -93.14962, 44.9186 ], [ -93.14906, 44.91847 ], [ -93.14865, 44.9189 ], [ -93.1485, 44.91943 ], [ -93.14843, 44.91949 ] ] ], [ [ [ -93.18723, 44.95115 ], [ -93.18723, 44.95213 ], [ -93.1897, 44.95213 ], [ -93.18977, 44.95284 ], [ -93.19002, 44.953 ], [ -93.19071, 44.953 ], [ -93.19168, 44.95319 ], [ -93.19242, 44.95349 ], [ -93.19262, 44.95376 ], [ -93.19269, 44.95516 ], [ -93.19323, 44.95548 ], [ -93.20078, 44.95556 ], [ -93.20259, 44.9574 ], [ -93.20261, 44.95741 ], [ -93.20549, 44.95388 ], [ -93.20402, 44.95346 ], [ -93.2024, 44.95202 ], [ -93.20208, 44.95172 ], [ -93.20086, 44.95091 ], [ -93.19995, 44.94998 ], [ -93.19941, 44.94893 ], [ -93.19924, 44.94774 ], [ -93.19902, 44.94685 ], [ -93.19877, 44.94604 ], [ -93.19846, 44.94501 ], [ -93.1981, 44.94429 ], [ -93.19819, 44.94364 ], [ -93.19819, 44.94318 ], [ -93.19765, 44.94296 ], [ -93.19684, 44.94297 ], [ -93.19597, 44.94319 ], [ -93.19462, 44.94324 ], [ -93.19395, 44.94329 ], [ -93.19368, 44.94304 ], [ -93.19444, 44.94249 ], [ -93.19552, 44.94225 ], [ -93.19623, 44.94199 ], [ -93.19687, 44.94169 ], [ -93.19717, 44.94136 ], [ -93.19689, 44.94115 ], [ -93.19709, 44.94065 ], [ -93.19685, 44.94024 ], [ -93.19679, 44.93968 ], [ -93.19676, 44.93877 ], [ -93.19681, 44.93802 ], [ -93.19715, 44.93684 ], [ -93.19839, 44.93467 ], [ -93.1988, 44.93412 ], [ -93.19906, 44.93366 ], [ -93.19899, 44.93332 ], [ -93.19891, 44.93296 ], [ -93.1985, 44.93224 ], [ -93.19823, 44.93119 ], [ -93.19797, 44.92997 ], [ -93.19761, 44.92817 ], [ -93.19738, 44.92716 ], [ -93.1972, 44.92655 ], [ -93.19749, 44.92566 ], [ -93.19773, 44.9251 ], [ -93.19797, 44.92429 ], [ -93.19806, 44.92359 ], [ -93.19808, 44.92301 ], [ -93.19786, 44.92204 ], [ -93.19769, 44.92156 ], [ -93.1979, 44.92088 ], [ -93.1957, 44.92082 ], [ -93.1957, 44.92083 ], [ -93.1957, 44.92089 ], [ -93.18748, 44.92078 ], [ -93.18752, 44.91972 ], [ -93.18086, 44.91958 ], [ -93.18084, 44.9161 ], [ -93.16961, 44.91603 ], [ -93.16961, 44.91511 ], [ -93.16696, 44.91513 ], [ -93.16679, 44.91954 ], [ -93.16687, 44.91954 ], [ -93.16689, 44.92157 ], [ -93.17201, 44.92159 ], [ -93.17198, 44.92681 ], [ -93.16702, 44.92687 ], [ -93.16698, 44.93418 ], [ -93.15662, 44.93426 ], [ -93.15672, 44.93873 ], [ -93.16676, 44.93864 ], [ -93.16676, 44.94302 ], [ -93.16687, 44.94302 ], [ -93.16693, 44.944 ], [ -93.18739, 44.94397 ], [ -93.18728, 44.95115 ], [ -93.18723, 44.95115 ] ] ] ] } },
{ "type": "Feature", "properties": { "area_id": 8115, "city": "St. Paul", "state": "MN", "city_survey": true, "category": "Best", "grade": "A", "label": "A3", "residential": true, "commercial": false, "industrial": false, "fill": "#76a865" }, "geometry": { "type": "MultiPolygon", "coordinates": [ [ [ [ -93.12056, 44.93808 ], [ -93.12299, 44.94032 ], [ -93.12487, 44.94027 ], [ -93.126, 44.94024 ], [ -93.12599, 44.93962 ], [ -93.12598, 44.93698 ], [ -93.12824, 44.93703 ], [ -93.12746, 44.93671 ], [ -93.12685, 44.93638 ], [ -93.1264, 44.93583 ], [ -93.12613, 44.9355 ], [ -93.12056, 44.93808 ] ] ] ] } },
{ "type": "Feature", "properties": { "area_id": 8104, "city": "St. Paul", "state": "MN", "city_survey": true, "category": "Best", "grade": "A", "label": "A4", "residential": true, "commercial": false, "industrial": false, "fill": "#76a865" }, "geometry": { "type": "MultiPolygon", "coordinates": [ [ [ [ -93.13541, 44.97739 ], [ -93.13542, 44.97746 ], [ -93.13548, 44.98135 ], [ -93.13662, 44.98171 ], [ -93.1366, 44.98509 ], [ -93.13806, 44.98627 ], [ -93.14248, 44.98632 ], [ -93.14242, 44.98521 ], [ -93.14176, 44.98478 ], [ -93.14176, 44.98366 ], [ -93.14111, 44.98354 ], [ -93.14054, 44.98308 ], [ -93.14047, 44.98248 ], [ -93.14009, 44.98204 ], [ -93.13966, 44.98171 ], [ -93.13924, 44.98115 ], [ -93.13909, 44.98038 ], [ -93.13887, 44.97988 ], [ -93.13849, 44.97936 ], [ -93.13821, 44.97876 ], [ -93.13795, 44.97837 ], [ -93.13785, 44.9782 ], [ -93.13775, 44.97807 ], [ -93.13759, 44.978 ], [ -93.13746, 44.97793 ], [ -93.13709, 44.97791 ], [ -93.13663, 44.97792 ], [ -93.13624, 44.97794 ], [ -93.13605, 44.97783 ], [ -93.13588, 44.97745 ], [ -93.13599, 44.97719 ], [ -93.13652, 44.97678 ], [ -93.13752, 44.97641 ], [ -93.13823, 44.97609 ], [ -93.13905, 44.97592 ], [ -93.13959, 44.97615 ], [ -93.14048, 44.97663 ], [ -93.14128, 44.97713 ], [ -93.14174, 44.97725 ], [ -93.14246, 44.97732 ], [ -93.14301, 44.9777 ], [ -93.14322, 44.97829 ], [ -93.14326, 44.97883 ], [ -93.14387, 44.97981 ], [ -93.14451, 44.97905 ], [ -93.14565, 44.97885 ], [ -93.14567, 44.97856 ], [ -93.14548, 44.97852 ], [ -93.14536, 44.97729 ], [ -93.14456, 44.97687 ], [ -93.14259, 44.97588 ], [ -93.14211, 44.97619 ], [ -93.14163, 44.97651 ], [ -93.14149, 44.97646 ], [ -93.14145, 44.97645 ], [ -93.14082, 44.97632 ], [ -93.14019, 44.97597 ], [ -93.13989, 44.97563 ], [ -93.13977, 44.97514 ], [ -93.13941, 44.97513 ], [ -93.13897, 44.97543 ], [ -93.13776, 44.97557 ], [ -93.13694, 44.97592 ], [ -93.13628, 44.97627 ], [ -93.13613, 44.97618 ], [ -93.13608, 44.97634 ], [ -93.13599, 44.97658 ], [ -93.13552, 44.97685 ], [ -93.13543, 44.97737 ], [ -93.13541, 44.97739 ] ] ] ] } },
{ "type": "Feature", "properties": { "area_id": 8098, "city": "St. Paul", "state": "MN", "city_survey": true, "category": "Best", "grade": "A", "label": "A5", "residential": true, "commercial": false, "industrial": false, "fill": "#76a865" }, "geometry": { "type": "MultiPolygon", "coordinates": [ [ [ [ -93.06561, 44.97731 ], [ -93.06508, 44.97731 ], [ -93.04946, 44.97725 ], [ -93.04942, 44.97748 ], [ -93.04957, 44.97838 ], [ -93.05057, 44.9794 ], [ -93.05181, 44.9795 ], [ -93.05247, 44.98029 ], [ -93.05283, 44.98028 ], [ -93.05291, 44.98106 ], [ -93.05566, 44.98107 ], [ -93.05566, 44.9793 ], [ -93.05917, 44.97934 ], [ -93.05926, 44.98106 ], [ -93.06089, 44.9811 ], [ -93.0609, 44.98465 ], [ -93.06592, 44.9847 ], [ -93.06593, 44.9856 ], [ -93.07109, 44.98563 ], [ -93.0711, 44.98636 ], [ -93.07366, 44.98638 ], [ -93.07366, 44.98637 ], [ -93.07371, 44.9828 ], [ -93.06608, 44.98277 ], [ -93.06603, 44.97793 ], [ -93.06602, 44.97735 ], [ -93.06602, 44.97731 ], [ -93.06596, 44.97732 ], [ -93.06561, 44.97731 ] ] ] ] } },
{ "type": "Feature", "properties": { "area_id": 8112, "city": "St. Paul", "state": "MN", "city_survey": true, "category": "Best", "grade": "A", "label": "A6", "residential": true, "commercial": false, "industrial": false, "fill": "#76a865" }, "geometry": { "type": "MultiPolygon", "coordinates": [ [ [ [ -93.10712, 44.9195 ], [ -93.10712, 44.91951 ], [ -93.1058, 44.91952 ], [ -93.10595, 44.92649 ], [ -93.10474, 44.92655 ], [ -93.10467, 44.92757 ], [ -93.10339, 44.92764 ], [ -93.10336, 44.92955 ], [ -93.10198, 44.92958 ], [ -93.10186, 44.931 ], [ -93.10224, 44.93088 ], [ -93.10331, 44.93027 ], [ -93.1041, 44.9298 ], [ -93.10468, 44.92933 ], [ -93.10508, 44.92884 ], [ -93.10507, 44.92845 ], [ -93.1053, 44.92771 ], [ -93.10582, 44.9271 ], [ -93.10645, 44.92688 ], [ -93.10722, 44.92664 ], [ -93.10779, 44.92627 ], [ -93.10816, 44.92575 ], [ -93.10827, 44.92525 ], [ -93.10818, 44.92474 ], [ -93.10821, 44.92368 ], [ -93.1084, 44.92342 ], [ -93.10894, 44.92327 ], [ -93.10933, 44.92307 ], [ -93.10966, 44.92274 ], [ -93.10965, 44.92235 ], [ -93.10939, 44.9218 ], [ -93.10909, 44.92119 ], [ -93.10894, 44.92087 ], [ -93.10907, 44.92055 ], [ -93.10985, 44.91956 ], [ -93.10716, 44.91951 ], [ -93.10712, 44.9195 ] ] ] ] } },
{ "type": "Feature", "properties": { "area_id": 8078, "city": "St. Paul", "state": "MN", "city_survey": true, "category": "Still Desirable", "grade": "B", "label": "B1", "residential": true, "commercial": false, "industrial": false, "fill": "#7cb5bd" }, "geometry": { "type": "MultiPolygon", "coordinates": [ [ [ [ -93.18757, 44.97737 ], [ -93.18717, 44.97725 ], [ -93.18714, 44.97724 ], [ -93.18714, 44.97732 ], [ -93.18714, 44.97733 ], [ -93.18739, 44.98791 ], [ -93.19254, 44.98781 ], [ -93.19269, 44.98972 ], [ -93.19905, 44.98943 ], [ -93.1991, 44.98765 ], [ -93.20309, 44.9876 ], [ -93.20276, 44.97843 ], [ -93.20273, 44.97842 ], [ -93.1979, 44.977 ], [ -93.19784, 44.97704 ], [ -93.19768, 44.97713 ], [ -93.19598, 44.97815 ], [ -93.1933, 44.97815 ], [ -93.19361, 44.97949 ], [ -93.18757, 44.97737 ] ] ] ] } },
{ "type": "Feature", "properties": { "area_id": 8111, "city": "St. Paul", "state": "MN", "city_survey": true, "category": "Still Desirable", "grade": "B", "label": "B10", "residential": true, "commercial": false, "industrial": false, "fill": "#7cb5bd" }, "geometry": { "type": "MultiPolygon", "coordinates": [ [ [ [ -93.08376, 44.92971 ], [ -93.08366, 44.93089 ], [ -93.08363, 44.93124 ], [ -93.08357, 44.93141 ], [ -93.08448, 44.93143 ], [ -93.08375, 44.93227 ], [ -93.08476, 44.93227 ], [ -93.08472, 44.93297 ], [ -93.08466, 44.93329 ], [ -93.0847, 44.93377 ], [ -93.08476, 44.93406 ], [ -93.08505, 44.93501 ], [ -93.08615, 44.93572 ], [ -93.08672, 44.93533 ], [ -93.08745, 44.93554 ], [ -93.0883, 44.93548 ], [ -93.08925, 44.93534 ], [ -93.09026, 44.93516 ], [ -93.0911, 44.93472 ], [ -93.0922, 44.93427 ], [ -93.09225, 44.9339 ], [ -93.09369, 44.93391 ], [ -93.09506, 44.93451 ], [ -93.09568, 44.93406 ], [ -93.09614, 44.93397 ], [ -93.09683, 44.93401 ], [ -93.09684, 44.93401 ], [ -93.09734, 44.93353 ], [ -93.09727, 44.93341 ], [ -93.0968, 44.93299 ], [ -93.09664, 44.93282 ], [ -93.09686, 44.9327 ], [ -93.09718, 44.93269 ], [ -93.09763, 44.93283 ], [ -93.09818, 44.93273 ], [ -93.09892, 44.93244 ], [ -93.10037, 44.93182 ], [ -93.10186, 44.93107 ], [ -93.10186, 44.931 ], [ -93.10198, 44.92958 ], [ -93.10336, 44.92955 ], [ -93.10339, 44.92764 ], [ -93.10467, 44.92757 ], [ -93.10474, 44.92655 ], [ -93.10595, 44.92649 ], [ -93.1058, 44.91952 ], [ -93.10712, 44.91951 ], [ -93.10712, 44.9195 ], [ -93.10702, 44.91351 ], [ -93.1051, 44.9135 ], [ -93.10132, 44.91637 ], [ -93.09926, 44.91593 ], [ -93.09547, 44.91589 ], [ -93.09146, 44.91591 ], [ -93.0914, 44.91393 ], [ -93.08844, 44.9139 ], [ -93.08837, 44.91232 ], [ -93.08091, 44.91228 ], [ -93.0809, 44.91604 ], [ -93.08089, 44.91947 ], [ -93.09114, 44.9195 ], [ -93.09122, 44.92314 ], [ -93.09445, 44.92314 ], [ -93.09449, 44.9271 ], [ -93.08975, 44.9271 ], [ -93.08969, 44.92964 ], [ -93.08376, 44.92967 ], [ -93.08376, 44.92971 ] ] ] ] } },
{ "type": "Feature", "properties": { "area_id": 8109, "city": "St. Paul", "state": "MN", "city_survey": true, "category": "Still Desirable", "grade": "B", "label": "B11", "residential": true, "commercial": false, "industrial": false, "fill": "#7cb5bd" }, "geometry": { "type": "MultiPolygon", "coordinates": [ [ [ [ -93.0476, 44.88895 ], [ -93.04756, 44.88342 ], [ -93.03762, 44.88339 ], [ -93.03748, 44.89062 ], [ -93.03739, 44.89065 ], [ -93.03726, 44.89274 ], [ -93.03836, 44.89382 ], [ -93.0432, 44.89382 ], [ -93.04277, 44.89442 ], [ -93.05013, 44.89437 ], [ -93.05009, 44.88894 ], [ -93.0476, 44.88895 ] ] ] ] } },
{ "type": "Feature", "properties": { "area_id": 8119, "city": "St. Paul", "state": "MN", "city_survey": true, "category": "Still Desirable", "grade": "B", "label": "B12", "residential": true, "commercial": false, "industrial": false, "fill": "#7cb5bd" }, "geometry": { "type": "MultiPolygon", "coordinates": [ [ [ [ -93.1957, 44.92082 ], [ -93.19563, 44.91795 ], [ -93.18759, 44.91785 ], [ -93.18752, 44.9197 ], [ -93.18752, 44.91972 ], [ -93.18748, 44.92078 ], [ -93.1957, 44.92089 ], [ -93.1957, 44.92083 ], [ -93.1957, 44.92082 ] ] ] ] } },
{ "type": "Feature", "properties": { "area_id": 8076, "city": "St. Paul", "state": "MN", "city_survey": true, "category": "Still Desirable", "grade": "B", "label": "B2", "residential": true, "commercial": false, "industrial": false, "fill": "#7cb5bd" }, "geometry": { "type": "MultiPolygon", "coordinates": [ [ [ [ -93.13469, 44.97402 ], [ -93.13377, 44.9745 ], [ -93.13289, 44.97465 ], [ -93.13307, 44.97766 ], [ -93.1335, 44.97813 ], [ -93.13431, 44.97829 ], [ -93.13431, 44.97829 ], [ -93.13541, 44.97739 ], [ -93.13543, 44.97737 ], [ -93.13552, 44.97685 ], [ -93.13599, 44.97658 ], [ -93.13608, 44.97634 ], [ -93.13613, 44.97618 ], [ -93.13615, 44.97615 ], [ -93.13572, 44.97534 ], [ -93.13538, 44.97472 ], [ -93.13469, 44.97402 ] ] ], [ [ [ -93.14149, 44.97646 ], [ -93.14163, 44.97651 ], [ -93.14211, 44.97619 ], [ -93.14259, 44.97588 ], [ -93.14456, 44.97687 ], [ -93.14536, 44.97729 ], [ -93.14548, 44.97852 ], [ -93.14567, 44.97856 ], [ -93.14601, 44.97863 ], [ -93.14667, 44.97866 ], [ -93.14709, 44.97866 ], [ -93.14714, 44.97852 ], [ -93.1472, 44.97834 ], [ -93.147, 44.97814 ], [ -93.14661, 44.97789 ], [ -93.14628, 44.97782 ], [ -93.14622, 44.97512 ], [ -93.14619, 44.97482 ], [ -93.14618, 44.97474 ], [ -93.14143, 44.97474 ], [ -93.14149, 44.97643 ], [ -93.14149, 44.97646 ] ] ], [ [ [ -93.15693, 44.98825 ], [ -93.15693, 44.9865 ], [ -93.16722, 44.98647 ], [ -93.16732, 44.98647 ], [ -93.16704, 44.97826 ], [ -93.167, 44.97521 ], [ -93.15693, 44.97536 ], [ -93.15693, 44.98481 ], [ -93.15339, 44.98484 ], [ -93.15335, 44.98841 ], [ -93.15693, 44.98846 ], [ -93.15693, 44.98825 ] ] ] ] } },
{ "type": "Feature", "properties": { "area_id": 8082, "city": "St. Paul", "state": "MN", "city_survey": true, "category": "Still Desirable", "grade": "B", "label": "B3", "residential": true, "commercial": false, "industrial": false, "fill": "#7cb5bd" }, "geometry": { "type": "MultiPolygon", "coordinates": [ [ [ [ -93.14671, 44.95683 ], [ -93.14658, 44.96674 ], [ -93.14658, 44.96684 ], [ -93.14669, 44.96684 ], [ -93.17711, 44.96674 ], [ -93.17721, 44.96295 ], [ -93.17732, 44.95937 ], [ -93.17198, 44.95944 ], [ -93.17181, 44.95576 ], [ -93.17181, 44.9557 ], [ -93.16685, 44.95571 ], [ -93.14672, 44.95577 ], [ -93.14671, 44.95683 ] ] ] ] } },
{ "type": "Feature", "properties": { "area_id": 8084, "city": "St. Paul", "state": "MN", "city_survey": true, "category": "Still Desirable", "grade": "B", "label": "B4", "residential": true, "commercial": false, "industrial": false, "fill": "#7cb5bd" }, "geometry": { "type": "MultiPolygon", "coordinates": [ [ [ [ -93.1667, 44.94881 ], [ -93.17445, 44.94879 ], [ -93.17454, 44.95062 ], [ -93.1855, 44.95065 ], [ -93.1855, 44.95101 ], [ -93.1864, 44.95104 ], [ -93.18723, 44.95106 ], [ -93.18723, 44.95115 ], [ -93.18728, 44.95115 ], [ -93.18739, 44.94397 ], [ -93.16693, 44.944 ], [ -93.16687, 44.94302 ], [ -93.16676, 44.94302 ], [ -93.1594, 44.94305 ], [ -93.15892, 44.94305 ], [ -93.15893, 44.94323 ], [ -93.1591, 44.94602 ], [ -93.16666, 44.94604 ], [ -93.16668, 44.94705 ], [ -93.1667, 44.94881 ] ] ] ] } },
{ "type": "Feature", "properties": { "area_id": 8085, "city": "St. Paul", "state": "MN", "city_survey": true, "category": "Still Desirable", "grade": "B", "label": "B5", "residential": true, "commercial": false, "industrial": false, "fill": "#7cb5bd" }, "geometry": { "type": "MultiPolygon", "coordinates": [ [ [ [ -93.15655, 44.94196 ], [ -93.15669, 44.94323 ], [ -93.15893, 44.94323 ], [ -93.15892, 44.94305 ], [ -93.1594, 44.94305 ], [ -93.16676, 44.94302 ], [ -93.16676, 44.93864 ], [ -93.15672, 44.93873 ], [ -93.15662, 44.93426 ], [ -93.16698, 44.93418 ], [ -93.16702, 44.92687 ], [ -93.17198, 44.92681 ], [ -93.17201, 44.92159 ], [ -93.16689, 44.92157 ], [ -93.16687, 44.91954 ], [ -93.16679, 44.91954 ], [ -93.1656, 44.91956 ], [ -93.1656, 44.91956 ], [ -93.15662, 44.91963 ], [ -93.15662, 44.91967 ], [ -93.15643, 44.91966 ], [ -93.15135, 44.91946 ], [ -93.15146, 44.92572 ], [ -93.14933, 44.92571 ], [ -93.14854, 44.92475 ], [ -93.14805, 44.9241 ], [ -93.1478, 44.92331 ], [ -93.1478, 44.92264 ], [ -93.14791, 44.92205 ], [ -93.14834, 44.92134 ], [ -93.14863, 44.92078 ], [ -93.14863, 44.92 ], [ -93.14843, 44.91949 ], [ -93.14843, 44.91949 ], [ -93.14696, 44.91949 ], [ -93.14657, 44.91949 ], [ -93.14658, 44.92237 ], [ -93.14658, 44.92261 ], [ -93.1466, 44.9293 ], [ -93.1466, 44.92957 ], [ -93.1466, 44.92969 ], [ -93.15153, 44.92969 ], [ -93.15163, 44.93966 ], [ -93.15163, 44.94038 ], [ -93.15165, 44.94209 ], [ -93.15165, 44.94221 ], [ -93.15165, 44.94221 ], [ -93.15176, 44.94221 ], [ -93.1525, 44.94221 ], [ -93.15268, 44.94221 ], [ -93.15271, 44.94221 ], [ -93.15244, 44.94188 ], [ -93.15655, 44.94196 ] ] ] ] } },
{ "type": "Feature", "properties": { "area_id": 8092, "city": "St. Paul", "state": "MN", "city_survey": true, "category": "Still Desirable", "grade": "B", "label": "B6", "residential": true, "commercial": false, "industrial": false, "fill": "#7cb5bd" }, "geometry": { "type": "MultiPolygon", "coordinates": [ [ [ [ -93.15165, 44.94221 ], [ -93.15165, 44.94221 ], [ -93.15165, 44.94209 ], [ -93.15163, 44.94038 ], [ -93.15163, 44.93966 ], [ -93.1515, 44.93927 ], [ -93.15137, 44.93884 ], [ -93.15068, 44.937 ], [ -93.1502, 44.93537 ], [ -93.14931, 44.9339 ], [ -93.148, 44.93274 ], [ -93.14592, 44.93202 ], [ -93.14356, 44.93157 ], [ -93.1416, 44.93156 ], [ -93.139, 44.93196 ], [ -93.13647, 44.93237 ], [ -93.13597, 44.93245 ], [ -93.1333, 44.93277 ], [ -93.13197, 44.93267 ], [ -93.13202, 44.93264 ], [ -93.13165, 44.93271 ], [ -93.12146, 44.93275 ], [ -93.12156, 44.93428 ], [ -93.12829, 44.93429 ], [ -93.12609, 44.93545 ], [ -93.12613, 44.9355 ], [ -93.1264, 44.93583 ], [ -93.12685, 44.93638 ], [ -93.12746, 44.93671 ], [ -93.12824, 44.93703 ], [ -93.12598, 44.93698 ], [ -93.12599, 44.93962 ], [ -93.126, 44.94024 ], [ -93.12487, 44.94027 ], [ -93.12299, 44.94032 ], [ -93.12056, 44.93808 ], [ -93.12052, 44.93804 ], [ -93.11342, 44.94149 ], [ -93.1135, 44.94149 ], [ -93.1158, 44.9415 ], [ -93.11588, 44.94249 ], [ -93.11589, 44.9426 ], [ -93.12547, 44.94263 ], [ -93.12626, 44.94263 ], [ -93.13623, 44.94266 ], [ -93.13623, 44.94869 ], [ -93.14648, 44.94867 ], [ -93.14643, 44.94224 ], [ -93.15165, 44.94221 ] ] ] ] } },
{ "type": "Feature", "properties": { "area_id": 8089, "city": "St. Paul", "state": "MN", "city_survey": true, "category": "Still Desirable", "grade": "B", "label": "B7", "residential": true, "commercial": false, "industrial": false, "fill": "#7cb5bd" }, "geometry": { "type": "MultiPolygon", "coordinates": [ [ [ [ -93.14942, 44.91213 ], [ -93.1493, 44.91221 ], [ -93.12174, 44.93076 ], [ -93.1347, 44.93059 ], [ -93.13504, 44.93059 ], [ -93.13504, 44.9292 ], [ -93.13544, 44.9292 ], [ -93.13615, 44.9292 ], [ -93.13615, 44.92909 ], [ -93.13617, 44.92865 ], [ -93.13857, 44.92865 ], [ -93.13862, 44.92677 ], [ -93.14132, 44.92679 ], [ -93.14132, 44.92577 ], [ -93.1443, 44.92579 ], [ -93.14423, 44.92239 ], [ -93.14658, 44.92237 ], [ -93.14657, 44.91949 ], [ -93.14696, 44.91949 ], [ -93.14791, 44.91782 ], [ -93.14942, 44.91213 ] ] ] ] } },
{ "type": "Feature", "properties": { "area_id": 8097, "city": "St. Paul", "state": "MN", "city_survey": true, "category": "Still Desirable", "grade": "B", "label": "B8", "residential": true, "commercial": false, "industrial": false, "fill": "#7cb5bd" }, "geometry": { "type": "MultiPolygon", "coordinates": [ [ [ [ -93.06086, 44.96756 ], [ -93.06089, 44.96933 ], [ -93.05557, 44.96926 ], [ -93.05557, 44.96913 ], [ -93.05165, 44.96923 ], [ -93.05166, 44.97011 ], [ -93.05031, 44.97013 ], [ -93.05028, 44.97282 ], [ -93.04773, 44.97282 ], [ -93.04774, 44.97492 ], [ -93.04841, 44.97724 ], [ -93.04946, 44.97725 ], [ -93.06508, 44.97731 ], [ -93.06561, 44.97731 ], [ -93.06596, 44.97732 ], [ -93.06602, 44.96757 ], [ -93.0651, 44.96757 ], [ -93.06086, 44.96756 ] ] ], [ [ [ -93.07366, 44.98637 ], [ -93.07618, 44.9864 ], [ -93.07621, 44.98122 ], [ -93.07622, 44.98026 ], [ -93.0737, 44.98018 ], [ -93.07375, 44.97736 ], [ -93.06613, 44.97728 ], [ -93.06602, 44.97731 ], [ -93.06602, 44.97735 ], [ -93.06603, 44.97793 ], [ -93.06608, 44.98277 ], [ -93.07371, 44.9828 ], [ -93.07366, 44.98637 ] ] ], [ [ [ -93.04926, 44.9921 ], [ -93.05225, 44.99209 ], [ -93.05208, 44.99169 ], [ -93.05165, 44.9912 ], [ -93.05178, 44.99065 ], [ -93.05201, 44.99015 ], [ -93.05235, 44.98953 ], [ -93.05257, 44.98888 ], [ -93.05235, 44.9883 ], [ -93.05182, 44.98781 ], [ -93.05128, 44.98733 ], [ -93.05074, 44.98692 ], [ -93.04997, 44.98655 ], [ -93.04932, 44.98621 ], [ -93.04926, 44.9921 ] ] ] ] } },
{ "type": "Feature", "properties": { "area_id": 8105, "city": "St. Paul", "state": "MN", "city_survey": true, "category": "Still Desirable", "grade": "B", "label": "B9", "residential": true, "commercial": false, "industrial": false, "fill": "#7cb5bd" }, "geometry": { "type": "MultiPolygon", "coordinates": [ [ [ [ -93.02771, 44.9771 ], [ -93.02342, 44.97708 ], [ -93.01979, 44.97707 ], [ -93.01974, 44.98453 ], [ -93.00956, 44.98452 ], [ -93.00954, 44.99212 ], [ -93.02503, 44.99214 ], [ -93.02522, 44.97756 ], [ -93.02776, 44.97755 ], [ -93.02771, 44.9771 ] ] ] ] } },
{ "type": "Feature", "properties": { "area_id": 8079, "city": "St. Paul", "state": "MN", "city_survey": true, "category": "Definitely Declining", "grade": "C", "label": "C1", "residential": true, "commercial": false, "industrial": false, "fill": "#ffff00" }, "geometry": { "type": "MultiPolygon", "coordinates": [ [ [ [ -93.1466, 44.96755 ], [ -93.15907, 44.969 ], [ -93.18219, 44.9689 ], [ -93.18202, 44.96299 ], [ -93.17721, 44.96295 ], [ -93.17711, 44.96674 ], [ -93.14669, 44.96684 ], [ -93.14658, 44.96684 ], [ -93.14655, 44.96684 ], [ -93.1463, 44.96751 ], [ -93.1466, 44.96755 ] ] ], [ [ [ -93.18813, 44.97533 ], [ -93.18804, 44.97531 ], [ -93.18717, 44.97725 ], [ -93.18757, 44.97737 ], [ -93.19361, 44.97949 ], [ -93.1933, 44.97815 ], [ -93.19598, 44.97815 ], [ -93.19768, 44.97713 ], [ -93.19784, 44.97704 ], [ -93.18813, 44.97533 ] ] ] ] } },
{ "type": "Feature", "properties": { "area_id": 8083, "city": "St. Paul", "state": "MN", "city_survey": true, "category": "Definitely Declining", "grade": "C", "label": "C2", "residential": true, "commercial": false, "industrial": false, "fill": "#ffff00" }, "geometry": { "type": "MultiPolygon", "coordinates": [ [ [ [ -93.17181, 44.95576 ], [ -93.17212, 44.95574 ], [ -93.17556, 44.95572 ], [ -93.17626, 44.95592 ], [ -93.18225, 44.95811 ], [ -93.18215, 44.95398 ], [ -93.19365, 44.95764 ], [ -93.19789, 44.95887 ], [ -93.1991, 44.95923 ], [ -93.20138, 44.95955 ], [ -93.20249, 44.95951 ], [ -93.20372, 44.95936 ], [ -93.20365, 44.95783 ], [ -93.20261, 44.95741 ], [ -93.20259, 44.9574 ], [ -93.20078, 44.95556 ], [ -93.19323, 44.95548 ], [ -93.19269, 44.95516 ], [ -93.19262, 44.95376 ], [ -93.19242, 44.95349 ], [ -93.19168, 44.95319 ], [ -93.19071, 44.953 ], [ -93.19002, 44.953 ], [ -93.18977, 44.95284 ], [ -93.1897, 44.95213 ], [ -93.18723, 44.95213 ], [ -93.18723, 44.95115 ], [ -93.18723, 44.95106 ], [ -93.1864, 44.95104 ], [ -93.1855, 44.95101 ], [ -93.1855, 44.95065 ], [ -93.17454, 44.95062 ], [ -93.17445, 44.94879 ], [ -93.1667, 44.94881 ], [ -93.16042, 44.94882 ], [ -93.16039, 44.95193 ], [ -93.16672, 44.95237 ], [ -93.16685, 44.95571 ], [ -93.17181, 44.9557 ], [ -93.17181, 44.95576 ] ] ] ] } },
{ "type": "Feature", "properties": { "area_id": 8122, "city": "St. Paul", "state": "MN", "city_survey": true, "category": "Definitely Declining", "grade": "C", "label": "C3", "residential": true, "commercial": false, "industrial": false, "fill": "#ffff00" }, "geometry": { "type": "MultiPolygon", "coordinates": [ [ [ [ -93.12904, 44.98081 ], [ -93.1295, 44.98091 ], [ -93.13083, 44.98039 ], [ -93.13175, 44.9799 ], [ -93.1324, 44.9795 ], [ -93.13357, 44.97894 ], [ -93.13431, 44.97829 ], [ -93.1335, 44.97813 ], [ -93.13307, 44.97766 ], [ -93.13289, 44.97465 ], [ -93.13377, 44.9745 ], [ -93.13469, 44.97402 ], [ -93.13538, 44.97472 ], [ -93.13572, 44.97534 ], [ -93.13615, 44.97615 ], [ -93.13613, 44.97618 ], [ -93.13628, 44.97627 ], [ -93.13694, 44.97592 ], [ -93.13776, 44.97557 ], [ -93.13897, 44.97543 ], [ -93.13941, 44.97513 ], [ -93.13977, 44.97514 ], [ -93.13989, 44.97563 ], [ -93.14019, 44.97597 ], [ -93.14082, 44.97632 ], [ -93.14145, 44.97645 ], [ -93.14149, 44.97646 ], [ -93.14149, 44.97643 ], [ -93.14143, 44.97474 ], [ -93.14618, 44.97474 ], [ -93.14619, 44.97482 ], [ -93.14673, 44.97473 ], [ -93.1466, 44.96757 ], [ -93.1466, 44.96755 ], [ -93.1463, 44.96751 ], [ -93.14655, 44.96684 ], [ -93.14658, 44.96684 ], [ -93.14658, 44.96674 ], [ -93.14671, 44.95683 ], [ -93.11583, 44.95675 ], [ -93.11583, 44.95682 ], [ -93.11593, 44.95682 ], [ -93.11596, 44.96311 ], [ -93.11582, 44.96311 ], [ -93.11579, 44.96548 ], [ -93.11593, 44.96551 ], [ -93.11593, 44.96728 ], [ -93.10998, 44.96728 ], [ -93.10991, 44.97016 ], [ -93.10624, 44.97016 ], [ -93.10624, 44.96542 ], [ -93.10171, 44.9654 ], [ -93.10168, 44.96468 ], [ -93.09692, 44.96471 ], [ -93.0967, 44.97744 ], [ -93.09663, 44.97744 ], [ -93.09667, 44.97834 ], [ -93.11612, 44.97827 ], [ -93.11609, 44.97747 ], [ -93.12308, 44.97747 ], [ -93.12316, 44.97743 ], [ -93.12898, 44.97531 ], [ -93.12904, 44.98081 ] ], [ [ -93.12615, 44.97122 ], [ -93.12362, 44.97124 ], [ -93.12362, 44.96949 ], [ -93.12092, 44.96944 ], [ -93.12097, 44.96851 ], [ -93.11857, 44.96751 ], [ -93.11855, 44.96316 ], [ -93.12618, 44.96323 ], [ -93.12615, 44.97122 ] ] ] ] } },
{ "type": "Feature", "properties": { "area_id": 8107, "city": "St. Paul", "state": "MN", "city_survey": true, "category": "Definitely Declining", "grade": "C", "label": "C4", "residential": true, "commercial": false, "industrial": false, "fill": "#ffff00" }, "geometry": { "type": "MultiPolygon", "coordinates": [ [ [ [ -93.06602, 44.97731 ], [ -93.06613, 44.97728 ], [ -93.07375, 44.97736 ], [ -93.0737, 44.98018 ], [ -93.07622, 44.98026 ], [ -93.07621, 44.98122 ], [ -93.07624, 44.98124 ], [ -93.08153, 44.9813 ], [ -93.08154, 44.97982 ], [ -93.08632, 44.97978 ], [ -93.08631, 44.98614 ], [ -93.08572, 44.98734 ], [ -93.08519, 44.98825 ], [ -93.08371, 44.98986 ], [ -93.0849, 44.99071 ], [ -93.0966, 44.99066 ], [ -93.09677, 44.97974 ], [ -93.0865, 44.97974 ], [ -93.08639, 44.97735 ], [ -93.08641, 44.97714 ], [ -93.08632, 44.97026 ], [ -93.07634, 44.9702 ], [ -93.07633, 44.96757 ], [ -93.06602, 44.96757 ], [ -93.06596, 44.97732 ], [ -93.06602, 44.97731 ] ] ] ] } },
{ "type": "Feature", "properties": { "area_id": 8100, "city": "St. Paul", "state": "MN", "city_survey": true, "category": "Definitely Declining", "grade": "C", "label": "C5", "residential": true, "commercial": false, "industrial": false, "fill": "#ffff00" }, "geometry": { "type": "MultiPolygon", "coordinates": [ [ [ [ -93.07699, 44.95699 ], [ -93.0761, 44.95739 ], [ -93.07498, 44.95624 ], [ -93.07368, 44.95603 ], [ -93.07296, 44.95549 ], [ -93.07134, 44.95397 ], [ -93.07018, 44.95314 ], [ -93.06925, 44.95289 ], [ -93.07049, 44.95224 ], [ -93.06571, 44.94818 ], [ -93.06137, 44.94687 ], [ -93.05978, 44.94799 ], [ -93.05861, 44.94729 ], [ -93.05179, 44.94722 ], [ -93.05099, 44.94785 ], [ -93.04848, 44.94887 ], [ -93.0475, 44.94939 ], [ -93.04741, 44.9502 ], [ -93.04765, 44.95097 ], [ -93.04808, 44.95136 ], [ -93.04893, 44.95186 ], [ -93.04909, 44.95209 ], [ -93.04359, 44.9521 ], [ -93.04357, 44.96114 ], [ -93.02505, 44.96105 ], [ -93.02508, 44.96293 ], [ -93.01213, 44.96288 ], [ -93.01211, 44.96487 ], [ -93.01129, 44.96524 ], [ -93.01019, 44.96593 ], [ -93.00914, 44.96705 ], [ -93.00846, 44.96804 ], [ -93.00799, 44.96915 ], [ -93.01082, 44.96915 ], [ -93.0108, 44.97011 ], [ -93.01979, 44.97018 ], [ -93.01976, 44.97571 ], [ -93.02118, 44.97532 ], [ -93.02273, 44.97454 ], [ -93.02401, 44.97384 ], [ -93.02545, 44.97299 ], [ -93.02684, 44.97235 ], [ -93.02879, 44.97172 ], [ -93.03117, 44.97145 ], [ -93.03297, 44.97141 ], [ -93.03443, 44.97149 ], [ -93.03695, 44.97137 ], [ -93.04018, 44.97073 ], [ -93.04314, 44.96994 ], [ -93.04478, 44.96938 ], [ -93.04485, 44.9666 ], [ -93.05554, 44.96671 ], [ -93.05554, 44.96667 ], [ -93.0558, 44.96666 ], [ -93.0595, 44.9648 ], [ -93.06611, 44.96479 ], [ -93.06612, 44.96305 ], [ -93.07249, 44.96298 ], [ -93.07244, 44.96275 ], [ -93.07247, 44.96234 ], [ -93.07272, 44.96194 ], [ -93.07338, 44.96141 ], [ -93.07397, 44.96112 ], [ -93.07463, 44.96086 ], [ -93.0754, 44.96087 ], [ -93.07604, 44.96075 ], [ -93.07663, 44.96027 ], [ -93.07695, 44.95963 ], [ -93.07696, 44.95878 ], [ -93.07712, 44.95809 ], [ -93.07694, 44.95739 ], [ -93.07699, 44.95699 ] ] ] ] } },
{ "type": "Feature", "properties": { "area_id": 9261, "city": "St. Paul", "state": "MN", "city_survey": true, "category": "Definitely Declining", "grade": "C", "label": "C6", "residential": true, "commercial": false, "industrial": false, "fill": "#ffff00" }, "geometry": { "type": "MultiPolygon", "coordinates": [ [ [ [ -93.14543, 44.95486 ], [ -93.14543, 44.9549 ], [ -93.14654, 44.95497 ], [ -93.14657, 44.95378 ], [ -93.14931, 44.95378 ], [ -93.14922, 44.95138 ], [ -93.14672, 44.95145 ], [ -93.14676, 44.94897 ], [ -93.15676, 44.94889 ], [ -93.15685, 44.94701 ], [ -93.15663, 44.94701 ], [ -93.15669, 44.94574 ], [ -93.15613, 44.9454 ], [ -93.15463, 44.94429 ], [ -93.15357, 44.94327 ], [ -93.15288, 44.94238 ], [ -93.15271, 44.94221 ], [ -93.15268, 44.94221 ], [ -93.1525, 44.94221 ], [ -93.15176, 44.94221 ], [ -93.14643, 44.94224 ], [ -93.14648, 44.94867 ], [ -93.13623, 44.94869 ], [ -93.13623, 44.94266 ], [ -93.12626, 44.94263 ], [ -93.12547, 44.94263 ], [ -93.11589, 44.9426 ], [ -93.11588, 44.94249 ], [ -93.1158, 44.9415 ], [ -93.1135, 44.94149 ], [ -93.11342, 44.94149 ], [ -93.11339, 44.94154 ], [ -93.11248, 44.94191 ], [ -93.11278, 44.94236 ], [ -93.11073, 44.94317 ], [ -93.10922, 44.94377 ], [ -93.10839, 44.94445 ], [ -93.10772, 44.94423 ], [ -93.10537, 44.94613 ], [ -93.10534, 44.94615 ], [ -93.10631, 44.94678 ], [ -93.10633, 44.94679 ], [ -93.11592, 44.94679 ], [ -93.11592, 44.94973 ], [ -93.11937, 44.94963 ], [ -93.12535, 44.94963 ], [ -93.14541, 44.94943 ], [ -93.14543, 44.95486 ] ] ] ] } },
{ "type": "Feature", "properties": { "area_id": 8088, "city": "St. Paul", "state": "MN", "city_survey": true, "category": "Definitely Declining", "grade": "C", "label": "C7", "residential": true, "commercial": false, "industrial": false, "fill": "#ffff00" }, "geometry": { "type": "MultiPolygon", "coordinates": [ [ [ [ -93.13615, 44.9292 ], [ -93.13613, 44.92972 ], [ -93.1466, 44.92957 ], [ -93.1466, 44.9293 ], [ -93.14658, 44.92261 ], [ -93.14658, 44.92237 ], [ -93.14423, 44.92239 ], [ -93.1443, 44.92579 ], [ -93.14132, 44.92577 ], [ -93.14132, 44.92679 ], [ -93.13862, 44.92677 ], [ -93.13857, 44.92865 ], [ -93.13617, 44.92865 ], [ -93.13615, 44.92909 ], [ -93.13615, 44.9292 ] ] ] ] } },
{ "type": "Feature", "properties": { "area_id": 8114, "city": "St. Paul", "state": "MN", "city_survey": true, "category": "Definitely Declining", "grade": "C", "label": "C8", "residential": true, "commercial": false, "industrial": false, "fill": "#ffff00" }, "geometry": { "type": "MultiPolygon", "coordinates": [ [ [ [ -93.06893, 44.92702 ], [ -93.06894, 44.92694 ], [ -93.07396, 44.9286 ], [ -93.07669, 44.92958 ], [ -93.08376, 44.92971 ], [ -93.08376, 44.92967 ], [ -93.08969, 44.92964 ], [ -93.08975, 44.9271 ], [ -93.09449, 44.9271 ], [ -93.09445, 44.92314 ], [ -93.09122, 44.92314 ], [ -93.09114, 44.9195 ], [ -93.08089, 44.91947 ], [ -93.0809, 44.91604 ], [ -93.07303, 44.91599 ], [ -93.07307, 44.92208 ], [ -93.06252, 44.92206 ], [ -93.06319, 44.9227 ], [ -93.0645, 44.92425 ], [ -93.06893, 44.92702 ] ] ] ] } },
{ "type": "Feature", "properties": { "area_id": 8081, "city": "St. Paul", "state": "MN", "city_survey": true, "category": "Hazardous", "grade": "D", "label": "D1", "residential": true, "commercial": false, "industrial": false, "fill": "#d9838d" }, "geometry": { "type": "MultiPolygon", "coordinates": [ [ [ [ -93.19784, 44.97704 ], [ -93.1979, 44.977 ], [ -93.20273, 44.97842 ], [ -93.20266, 44.97707 ], [ -93.19802, 44.97552 ], [ -93.19457, 44.97488 ], [ -93.18853, 44.97434 ], [ -93.18813, 44.97533 ], [ -93.19784, 44.97704 ] ] ] ] } },
{ "type": "Feature", "properties": { "area_id": 9262, "city": "St. Paul", "state": "MN", "city_survey": true, "category": "Hazardous", "grade": "D", "label": "D10", "residential": true, "commercial": false, "industrial": false, "fill": "#d9838d" }, "geometry": { "type": "MultiPolygon", "coordinates": [ [ [ [ -93.00451, 44.92653 ], [ -93.01511, 44.92663 ], [ -93.01511, 44.91334 ], [ -93.01513, 44.90512 ], [ -93.00463, 44.90512 ], [ -93.00451, 44.92653 ] ] ] ] } },
{ "type": "Feature", "properties": { "area_id": 8101, "city": "St. Paul", "state": "MN", "city_survey": true, "category": "Hazardous", "grade": "D", "label": "D2", "residential": true, "commercial": false, "industrial": false, "fill": "#d9838d" }, "geometry": { "type": "MultiPolygon", "coordinates": [ [ [ [ -93.12308, 44.97747 ], [ -93.12066, 44.97868 ], [ -93.11978, 44.97936 ], [ -93.11814, 44.98017 ], [ -93.11619, 44.98098 ], [ -93.11315, 44.98142 ], [ -93.10967, 44.98185 ], [ -93.10732, 44.98185 ], [ -93.10824, 44.98261 ], [ -93.10916, 44.98391 ], [ -93.10965, 44.98487 ], [ -93.10972, 44.98634 ], [ -93.11459, 44.98641 ], [ -93.11485, 44.98578 ], [ -93.11569, 44.98468 ], [ -93.11702, 44.98391 ], [ -93.11785, 44.98293 ], [ -93.11971, 44.98163 ], [ -93.12108, 44.98086 ], [ -93.12904, 44.98083 ], [ -93.12904, 44.98081 ], [ -93.12898, 44.97531 ], [ -93.12316, 44.97743 ], [ -93.12308, 44.97747 ] ] ] ] } },
{ "type": "Feature", "properties": { "area_id": 8096, "city": "St. Paul", "state": "MN", "city_survey": true, "category": "Hazardous", "grade": "D", "label": "D3", "residential": true, "commercial": false, "industrial": false, "fill": "#d9838d" }, "geometry": { "type": "MultiPolygon", "coordinates": [ [ [ [ -93.08641, 44.97714 ], [ -93.08641, 44.97747 ], [ -93.09663, 44.97744 ], [ -93.0967, 44.97744 ], [ -93.09692, 44.96471 ], [ -93.10168, 44.96468 ], [ -93.10171, 44.9654 ], [ -93.10624, 44.96542 ], [ -93.10624, 44.97016 ], [ -93.10991, 44.97016 ], [ -93.10998, 44.96728 ], [ -93.11593, 44.96728 ], [ -93.11593, 44.96551 ], [ -93.11579, 44.96548 ], [ -93.10613, 44.96309 ], [ -93.10619, 44.96042 ], [ -93.10887, 44.96043 ], [ -93.11333, 44.96312 ], [ -93.11582, 44.96311 ], [ -93.11596, 44.96311 ], [ -93.11593, 44.95682 ], [ -93.11583, 44.95682 ], [ -93.10089, 44.95678 ], [ -93.10073, 44.95418 ], [ -93.10284, 44.9532 ], [ -93.10604, 44.95318 ], [ -93.10609, 44.95507 ], [ -93.1159, 44.95497 ], [ -93.11605, 44.94973 ], [ -93.11592, 44.94973 ], [ -93.11592, 44.94679 ], [ -93.10633, 44.94679 ], [ -93.10631, 44.94678 ], [ -93.10632, 44.94684 ], [ -93.10768, 44.94783 ], [ -93.10361, 44.94991 ], [ -93.10244, 44.9489 ], [ -93.09851, 44.95114 ], [ -93.09815, 44.95086 ], [ -93.09095, 44.95436 ], [ -93.0921, 44.95554 ], [ -93.092, 44.95574 ], [ -93.09157, 44.9559 ], [ -93.09122, 44.95583 ], [ -93.091, 44.95595 ], [ -93.09172, 44.95668 ], [ -93.09163, 44.95867 ], [ -93.09141, 44.9589 ], [ -93.09139, 44.96201 ], [ -93.09016, 44.96201 ], [ -93.09008, 44.96055 ], [ -93.08914, 44.96037 ], [ -93.08837, 44.96018 ], [ -93.08753, 44.95984 ], [ -93.08666, 44.9594 ], [ -93.08639, 44.9591 ], [ -93.08567, 44.95957 ], [ -93.08564, 44.96089 ], [ -93.08563, 44.96204 ], [ -93.08502, 44.96149 ], [ -93.08468, 44.96073 ], [ -93.08414, 44.95995 ], [ -93.08337, 44.95927 ], [ -93.08242, 44.95862 ], [ -93.08177, 44.95819 ], [ -93.08013, 44.95689 ], [ -93.07995, 44.95654 ], [ -93.07797, 44.95667 ], [ -93.07701, 44.95684 ], [ -93.07699, 44.95699 ], [ -93.07694, 44.95739 ], [ -93.07712, 44.95809 ], [ -93.07696, 44.95878 ], [ -93.07695, 44.95963 ], [ -93.07663, 44.96027 ], [ -93.07604, 44.96075 ], [ -93.0754, 44.96087 ], [ -93.07463, 44.96086 ], [ -93.07397, 44.96112 ], [ -93.07338, 44.96141 ], [ -93.07272, 44.96194 ], [ -93.07247, 44.96234 ], [ -93.07244, 44.96275 ], [ -93.07249, 44.96298 ], [ -93.06612, 44.96305 ], [ -93.06611, 44.96479 ], [ -93.0595, 44.9648 ], [ -93.0558, 44.96666 ], [ -93.05554, 44.96667 ], [ -93.05554, 44.96671 ], [ -93.05557, 44.96913 ], [ -93.05557, 44.96926 ], [ -93.06089, 44.96933 ], [ -93.06086, 44.96756 ], [ -93.0651, 44.96757 ], [ -93.06602, 44.96757 ], [ -93.07633, 44.96757 ], [ -93.07634, 44.9702 ], [ -93.08632, 44.97026 ], [ -93.08641, 44.97714 ] ] ] ] } },
{ "type": "Feature", "properties": { "area_id": 8093, "city": "St. Paul", "state": "MN", "city_survey": true, "category": "Hazardous", "grade": "D", "label": "D4", "residential": true, "commercial": false, "industrial": false, "fill": "#d9838d" }, "geometry": { "type": "MultiPolygon", "coordinates": [ [ [ [ -93.11592, 44.94973 ], [ -93.11605, 44.94973 ], [ -93.1159, 44.95497 ], [ -93.1159, 44.95503 ], [ -93.14543, 44.95486 ], [ -93.14541, 44.94943 ], [ -93.12535, 44.94963 ], [ -93.11937, 44.94963 ], [ -93.11592, 44.94973 ] ] ] ] } },
{ "type": "Feature", "properties": { "area_id": 8090, "city": "St. Paul", "state": "MN", "city_survey": true, "category": "Hazardous", "grade": "D", "label": "D5", "residential": true, "commercial": false, "industrial": false, "fill": "#d9838d" }, "geometry": { "type": "MultiPolygon", "coordinates": [ [ [ [ -93.13202, 44.93264 ], [ -93.13197, 44.93267 ], [ -93.1333, 44.93277 ], [ -93.13597, 44.93245 ], [ -93.13647, 44.93237 ], [ -93.139, 44.93196 ], [ -93.1416, 44.93156 ], [ -93.14356, 44.93157 ], [ -93.14592, 44.93202 ], [ -93.148, 44.93274 ], [ -93.14931, 44.9339 ], [ -93.1502, 44.93537 ], [ -93.15068, 44.937 ], [ -93.15137, 44.93884 ], [ -93.1515, 44.93927 ], [ -93.15163, 44.93966 ], [ -93.15153, 44.92969 ], [ -93.1466, 44.92969 ], [ -93.1466, 44.92957 ], [ -93.13613, 44.92972 ], [ -93.13615, 44.9292 ], [ -93.13544, 44.9292 ], [ -93.13504, 44.9292 ], [ -93.13504, 44.93059 ], [ -93.13504, 44.93063 ], [ -93.13591, 44.93063 ], [ -93.13595, 44.93063 ], [ -93.13591, 44.93065 ], [ -93.13202, 44.93264 ] ] ], [ [ [ -93.15669, 44.94574 ], [ -93.15663, 44.94701 ], [ -93.15685, 44.94701 ], [ -93.16668, 44.94705 ], [ -93.16666, 44.94604 ], [ -93.1591, 44.94602 ], [ -93.15893, 44.94323 ], [ -93.15669, 44.94323 ], [ -93.15655, 44.94196 ], [ -93.15244, 44.94188 ], [ -93.15271, 44.94221 ], [ -93.15288, 44.94238 ], [ -93.15357, 44.94327 ], [ -93.15463, 44.94429 ], [ -93.15613, 44.9454 ], [ -93.15669, 44.94574 ] ] ] ] } },
{ "type": "Feature", "properties": { "area_id": 8117, "city": "St. Paul", "state": "MN", "city_survey": true, "category": "Hazardous", "grade": "D", "label": "D6", "residential": true, "commercial": false, "industrial": false, "fill": "#d9838d" }, "geometry": { "type": "MultiPolygon", "coordinates": [ [ [ [ -93.11342, 44.94149 ], [ -93.12052, 44.93804 ], [ -93.12056, 44.93808 ], [ -93.12613, 44.9355 ], [ -93.12609, 44.93545 ], [ -93.12829, 44.93429 ], [ -93.12156, 44.93428 ], [ -93.12146, 44.93275 ], [ -93.13165, 44.93271 ], [ -93.13202, 44.93264 ], [ -93.13591, 44.93065 ], [ -93.13595, 44.93063 ], [ -93.13591, 44.93063 ], [ -93.13504, 44.93063 ], [ -93.13504, 44.93059 ], [ -93.1347, 44.93059 ], [ -93.12174, 44.93076 ], [ -93.1493, 44.91221 ], [ -93.14942, 44.91213 ], [ -93.15256, 44.91008 ], [ -93.16267, 44.90556 ], [ -93.17749, 44.90551 ], [ -93.1776, 44.90179 ], [ -93.18777, 44.90194 ], [ -93.18759, 44.91043 ], [ -93.18802, 44.9107 ], [ -93.19175, 44.91067 ], [ -93.19289, 44.9107 ], [ -93.1932, 44.91011 ], [ -93.19363, 44.90952 ], [ -93.19397, 44.90931 ], [ -93.19489, 44.9093 ], [ -93.19543, 44.91006 ], [ -93.1963, 44.91108 ], [ -93.19698, 44.912 ], [ -93.19763, 44.91302 ], [ -93.19792, 44.91364 ], [ -93.19808, 44.91437 ], [ -93.19835, 44.9149 ], [ -93.1988, 44.91572 ], [ -93.19889, 44.91614 ], [ -93.19873, 44.91685 ], [ -93.19873, 44.91773 ], [ -93.20001, 44.91771 ], [ -93.19981, 44.91596 ], [ -93.19981, 44.91479 ], [ -93.19972, 44.91393 ], [ -93.19954, 44.9134 ], [ -93.19907, 44.91248 ], [ -93.19866, 44.9118 ], [ -93.19745, 44.91048 ], [ -93.19664, 44.90962 ], [ -93.19563, 44.90834 ], [ -93.19462, 44.90739 ], [ -93.19334, 44.90634 ], [ -93.19249, 44.90566 ], [ -93.1917, 44.90489 ], [ -93.19098, 44.904 ], [ -93.19078, 44.90318 ], [ -93.19044, 44.90186 ], [ -93.18961, 44.90073 ], [ -93.18932, 44.89998 ], [ -93.18856, 44.89874 ], [ -93.18757, 44.89778 ], [ -93.18645, 44.89705 ], [ -93.18532, 44.89642 ], [ -93.18353, 44.89594 ], [ -93.18227, 44.8956 ], [ -93.18085, 44.8953 ], [ -93.17989, 44.89508 ], [ -93.17836, 44.89491 ], [ -93.1774, 44.89471 ], [ -93.17645, 44.89446 ], [ -93.17531, 44.89444 ], [ -93.17398, 44.89481 ], [ -93.17207, 44.89541 ], [ -93.17001, 44.89599 ], [ -93.16817, 44.89621 ], [ -93.16666, 44.89653 ], [ -93.16572, 44.89643 ], [ -93.16404, 44.89654 ], [ -93.16246, 44.89658 ], [ -93.16091, 44.89686 ], [ -93.15743, 44.89729 ], [ -93.15449, 44.89739 ], [ -93.15151, 44.89762 ], [ -93.14999, 44.89781 ], [ -93.14867, 44.89849 ], [ -93.14772, 44.89961 ], [ -93.14709, 44.9006 ], [ -93.14654, 44.90125 ], [ -93.14587, 44.90171 ], [ -93.1449, 44.90238 ], [ -93.14324, 44.90354 ], [ -93.14255, 44.90478 ], [ -93.14201, 44.9062 ], [ -93.14187, 44.90725 ], [ -93.14129, 44.90831 ], [ -93.1405, 44.90901 ], [ -93.13884, 44.9099 ], [ -93.13763, 44.91048 ], [ -93.1368, 44.91114 ], [ -93.13626, 44.91189 ], [ -93.13476, 44.91316 ], [ -93.1337, 44.91404 ], [ -93.13253, 44.91533 ], [ -93.13199, 44.91628 ], [ -93.13157, 44.91746 ], [ -93.13107, 44.9177 ], [ -93.13049, 44.91833 ], [ -93.12999, 44.91932 ], [ -93.1286, 44.92032 ], [ -93.12712, 44.92119 ], [ -93.12586, 44.92185 ], [ -93.12422, 44.92237 ], [ -93.12245, 44.92302 ], [ -93.1209, 44.92436 ], [ -93.12007, 44.92495 ], [ -93.1185, 44.92588 ], [ -93.11872, 44.92654 ], [ -93.1187, 44.92781 ], [ -93.11834, 44.92857 ], [ -93.11742, 44.9297 ], [ -93.11603, 44.93115 ], [ -93.11488, 44.9325 ], [ -93.11304, 44.93426 ], [ -93.11174, 44.93526 ], [ -93.10992, 44.93652 ], [ -93.1092, 44.93673 ], [ -93.10918, 44.94033 ], [ -93.11093, 44.94038 ], [ -93.11102, 44.94151 ], [ -93.11339, 44.94154 ], [ -93.11342, 44.94149 ] ] ] ] } },
{ "type": "Feature", "properties": { "area_id": 8116, "city": "St. Paul", "state": "MN", "city_survey": true, "category": "Hazardous", "grade": "D", "label": "D7", "residential": true, "commercial": false, "industrial": false, "fill": "#d9838d" }, "geometry": { "type": "MultiPolygon", "coordinates": [ [ [ [ -93.1092, 44.93673 ], [ -93.1092, 44.93661 ], [ -93.10534, 44.93358 ], [ -93.10485, 44.93436 ], [ -93.10424, 44.93499 ], [ -93.10253, 44.9366 ], [ -93.10143, 44.93787 ], [ -93.0989, 44.94006 ], [ -93.104, 44.94367 ], [ -93.10263, 44.94467 ], [ -93.10537, 44.94613 ], [ -93.10772, 44.94423 ], [ -93.10839, 44.94445 ], [ -93.10922, 44.94377 ], [ -93.11073, 44.94317 ], [ -93.11278, 44.94236 ], [ -93.11248, 44.94191 ], [ -93.11339, 44.94154 ], [ -93.11102, 44.94151 ], [ -93.11093, 44.94038 ], [ -93.10918, 44.94033 ], [ -93.1092, 44.93673 ] ] ] ] } },
{ "type": "Feature", "properties": { "area_id": 8113, "city": "St. Paul", "state": "MN", "city_survey": true, "category": "Hazardous", "grade": "D", "label": "D8", "residential": true, "commercial": false, "industrial": false, "fill": "#d9838d" }, "geometry": { "type": "MultiPolygon", "coordinates": [ [ [ [ -93.06893, 44.92702 ], [ -93.06886, 44.92789 ], [ -93.06783, 44.9293 ], [ -93.08086, 44.93337 ], [ -93.08092, 44.93469 ], [ -93.07644, 44.93469 ], [ -93.07424, 44.93357 ], [ -93.07407, 44.9338 ], [ -93.07239, 44.93378 ], [ -93.07232, 44.9373 ], [ -93.0745, 44.93988 ], [ -93.07078, 44.9413 ], [ -93.07352, 44.94516 ], [ -93.07992, 44.94274 ], [ -93.08041, 44.94337 ], [ -93.08652, 44.94081 ], [ -93.09029, 44.93916 ], [ -93.0938, 44.93762 ], [ -93.09746, 44.9344 ], [ -93.09684, 44.93401 ], [ -93.09683, 44.93401 ], [ -93.09614, 44.93397 ], [ -93.09568, 44.93406 ], [ -93.09506, 44.93451 ], [ -93.09369, 44.93391 ], [ -93.09225, 44.9339 ], [ -93.0922, 44.93427 ], [ -93.0911, 44.93472 ], [ -93.09026, 44.93516 ], [ -93.08925, 44.93534 ], [ -93.0883, 44.93548 ], [ -93.08745, 44.93554 ], [ -93.08672, 44.93533 ], [ -93.08615, 44.93572 ], [ -93.08505, 44.93501 ], [ -93.08476, 44.93406 ], [ -93.0847, 44.93377 ], [ -93.08466, 44.93329 ], [ -93.08472, 44.93297 ], [ -93.08476, 44.93227 ], [ -93.08375, 44.93227 ], [ -93.08448, 44.93143 ], [ -93.08357, 44.93141 ], [ -93.08363, 44.93124 ], [ -93.08366, 44.93089 ], [ -93.08376, 44.92971 ], [ -93.07669, 44.92958 ], [ -93.07396, 44.9286 ], [ -93.06894, 44.92694 ], [ -93.06893, 44.92702 ] ] ] ] } },
{ "type": "Feature", "properties": { "area_id": 8108, "city": "St. Paul", "state": "MN", "city_survey": true, "category": "Hazardous", "grade": "D", "label": "D9", "residential": true, "commercial": false, "industrial": false, "fill": "#d9838d" }, "geometry": { "type": "MultiPolygon", "coordinates": [ [ [ [ -93.04935, 44.9438 ], [ -93.05, 44.94428 ], [ -93.05084, 44.94465 ], [ -93.05178, 44.94499 ], [ -93.05322, 44.94517 ], [ -93.05389, 44.94525 ], [ -93.05457, 44.94514 ], [ -93.05501, 44.94483 ], [ -93.05539, 44.94434 ], [ -93.05564, 44.94387 ], [ -93.05553, 44.94348 ], [ -93.05493, 44.943 ], [ -93.05408, 44.94181 ], [ -93.05362, 44.94131 ], [ -93.05253, 44.94001 ], [ -93.05064, 44.93815 ], [ -93.05065, 44.93767 ], [ -93.05049, 44.93709 ], [ -93.04995, 44.93659 ], [ -93.04944, 44.93621 ], [ -93.04881, 44.93517 ], [ -93.04821, 44.93438 ], [ -93.04803, 44.9337 ], [ -93.04762, 44.93262 ], [ -93.04769, 44.93166 ], [ -93.0478, 44.93046 ], [ -93.04762, 44.92931 ], [ -93.0474, 44.92796 ], [ -93.04735, 44.92736 ], [ -93.04768, 44.92695 ], [ -93.04773, 44.92643 ], [ -93.04819, 44.92635 ], [ -93.04852, 44.92573 ], [ -93.04909, 44.9247 ], [ -93.04869, 44.9231 ], [ -93.04781, 44.92194 ], [ -93.04709, 44.92113 ], [ -93.04658, 44.9202 ], [ -93.04592, 44.9206 ], [ -93.04573, 44.92108 ], [ -93.04576, 44.9224 ], [ -93.04574, 44.92381 ], [ -93.04596, 44.92547 ], [ -93.04593, 44.92661 ], [ -93.04415, 44.92668 ], [ -93.04401, 44.9341 ], [ -93.04481, 44.93459 ], [ -93.04629, 44.93519 ], [ -93.0479, 44.93619 ], [ -93.04916, 44.93868 ], [ -93.0499, 44.94006 ], [ -93.0503, 44.94129 ], [ -93.05033, 44.94204 ], [ -93.05007, 44.94281 ], [ -93.04971, 44.94348 ], [ -93.04935, 44.9438 ] ] ] ] } },
{ "type": "Feature", "properties": { "area_id": 11179, "city": "St. Paul", "state": "MN", "city_survey": true, "category": "Business and Industrial", "grade": null, "label": "Business and Industrial", "residential": false, "commercial": true, "industrial": true, "fill": "#000000" }, "geometry": { "type": "MultiPolygon", "coordinates": [ [ [ [ -93.18759, 44.91785 ], [ -93.19563, 44.91795 ], [ -93.1957, 44.92082 ], [ -93.1979, 44.92088 ], [ -93.19885, 44.91854 ], [ -93.19873, 44.91773 ], [ -93.19873, 44.91685 ], [ -93.19889, 44.91614 ], [ -93.1988, 44.91572 ], [ -93.19835, 44.9149 ], [ -93.19808, 44.91437 ], [ -93.19792, 44.91364 ], [ -93.19763, 44.91302 ], [ -93.19698, 44.912 ], [ -93.1963, 44.91108 ], [ -93.19543, 44.91006 ], [ -93.19489, 44.9093 ], [ -93.19397, 44.90931 ], [ -93.19363, 44.90952 ], [ -93.1932, 44.91011 ], [ -93.19289, 44.9107 ], [ -93.19175, 44.91067 ], [ -93.18802, 44.9107 ], [ -93.18759, 44.91043 ], [ -93.18759, 44.91785 ] ] ], [ [ [ -93.11723, 44.92676 ], [ -93.11529, 44.92771 ], [ -93.11287, 44.92846 ], [ -93.10846, 44.93055 ], [ -93.10754, 44.93117 ], [ -93.10534, 44.93358 ], [ -93.1092, 44.93661 ], [ -93.1092, 44.93673 ], [ -93.10992, 44.93652 ], [ -93.11174, 44.93526 ], [ -93.11304, 44.93426 ], [ -93.11488, 44.9325 ], [ -93.11603, 44.93115 ], [ -93.11742, 44.9297 ], [ -93.11834, 44.92857 ], [ -93.1187, 44.92781 ], [ -93.11872, 44.92654 ], [ -93.1185, 44.92588 ], [ -93.11723, 44.92676 ] ] ], [ [ [ -93.0652, 44.94526 ], [ -93.06745, 44.94626 ], [ -93.07143, 44.94683 ], [ -93.07413, 44.94687 ], [ -93.07844, 44.94626 ], [ -93.0812, 44.94506 ], [ -93.08591, 44.9427 ], [ -93.08889, 44.94203 ], [ -93.09075, 44.94129 ], [ -93.09252, 44.9404 ], [ -93.09391, 44.93938 ], [ -93.09652, 44.93676 ], [ -93.09845, 44.93485 ], [ -93.09746, 44.9344 ], [ -93.0938, 44.93762 ], [ -93.09029, 44.93916 ], [ -93.08652, 44.94081 ], [ -93.08041, 44.94337 ], [ -93.07992, 44.94274 ], [ -93.07352, 44.94516 ], [ -93.07078, 44.9413 ], [ -93.0745, 44.93988 ], [ -93.07232, 44.9373 ], [ -93.07239, 44.93378 ], [ -93.07407, 44.9338 ], [ -93.07424, 44.93357 ], [ -93.07644, 44.93469 ], [ -93.08092, 44.93469 ], [ -93.08086, 44.93337 ], [ -93.06783, 44.9293 ], [ -93.06886, 44.92789 ], [ -93.06893, 44.92702 ], [ -93.0645, 44.92425 ], [ -93.06157, 44.92732 ], [ -93.0625, 44.93081 ], [ -93.06352, 44.93197 ], [ -93.06762, 44.93313 ], [ -93.0695, 44.93409 ], [ -93.06994, 44.93934 ], [ -93.06536, 44.94244 ], [ -93.0652, 44.94526 ] ] ], [ [ [ -93.14671, 44.95683 ], [ -93.14672, 44.95577 ], [ -93.15248, 44.95575 ], [ -93.16685, 44.95571 ], [ -93.16672, 44.95237 ], [ -93.16039, 44.95193 ], [ -93.16042, 44.94882 ], [ -93.1667, 44.94881 ], [ -93.16668, 44.94705 ], [ -93.15685, 44.94701 ], [ -93.15676, 44.94889 ], [ -93.15396, 44.94891 ], [ -93.15398, 44.95041 ], [ -93.15146, 44.95044 ], [ -93.15151, 44.95116 ], [ -93.14922, 44.95138 ], [ -93.14931, 44.95378 ], [ -93.14657, 44.95378 ], [ -93.14654, 44.95497 ], [ -93.14543, 44.9549 ], [ -93.14543, 44.95486 ], [ -93.1159, 44.95503 ], [ -93.1159, 44.95497 ], [ -93.10609, 44.95507 ], [ -93.10604, 44.95318 ], [ -93.10284, 44.9532 ], [ -93.10073, 44.95418 ], [ -93.10089, 44.95678 ], [ -93.11583, 44.95682 ], [ -93.11583, 44.95675 ], [ -93.14671, 44.95683 ] ] ], [ [ [ -93.08337, 44.95927 ], [ -93.08414, 44.95995 ], [ -93.08468, 44.96073 ], [ -93.08502, 44.96149 ], [ -93.08563, 44.96204 ], [ -93.08564, 44.96089 ], [ -93.08567, 44.95957 ], [ -93.08639, 44.9591 ], [ -93.08666, 44.9594 ], [ -93.08753, 44.95984 ], [ -93.08837, 44.96018 ], [ -93.08914, 44.96037 ], [ -93.09008, 44.96055 ], [ -93.09016, 44.96201 ], [ -93.09139, 44.96201 ], [ -93.09141, 44.9589 ], [ -93.09163, 44.95867 ], [ -93.09172, 44.95668 ], [ -93.091, 44.95595 ], [ -93.09122, 44.95583 ], [ -93.09157, 44.9559 ], [ -93.092, 44.95574 ], [ -93.0921, 44.95554 ], [ -93.09095, 44.95436 ], [ -93.09815, 44.95086 ], [ -93.09851, 44.95114 ], [ -93.10244, 44.9489 ], [ -93.10361, 44.94991 ], [ -93.10768, 44.94783 ], [ -93.10632, 44.94684 ], [ -93.10631, 44.94678 ], [ -93.10534, 44.94615 ], [ -93.10537, 44.94613 ], [ -93.10263, 44.94467 ], [ -93.104, 44.94367 ], [ -93.0989, 44.94006 ], [ -93.09712, 44.94162 ], [ -93.09673, 44.94137 ], [ -93.09414, 44.94324 ], [ -93.09248, 44.9434 ], [ -93.08942, 44.94431 ], [ -93.08688, 44.94532 ], [ -93.08586, 44.94598 ], [ -93.08462, 44.94679 ], [ -93.08201, 44.94807 ], [ -93.07782, 44.94916 ], [ -93.07436, 44.94984 ], [ -93.07039, 44.94895 ], [ -93.06728, 44.94808 ], [ -93.06647, 44.94759 ], [ -93.06571, 44.94818 ], [ -93.07049, 44.95224 ], [ -93.06925, 44.95289 ], [ -93.07018, 44.95314 ], [ -93.07134, 44.95397 ], [ -93.07296, 44.95549 ], [ -93.07368, 44.95603 ], [ -93.07498, 44.95624 ], [ -93.0761, 44.95739 ], [ -93.07699, 44.95699 ], [ -93.07701, 44.95684 ], [ -93.07797, 44.95667 ], [ -93.07995, 44.95654 ], [ -93.08013, 44.95689 ], [ -93.08177, 44.95819 ], [ -93.08242, 44.95862 ], [ -93.08337, 44.95927 ] ] ], [ [ [ -93.11162, 44.96445 ], [ -93.11579, 44.96548 ], [ -93.11582, 44.96311 ], [ -93.11333, 44.96312 ], [ -93.10887, 44.96043 ], [ -93.10619, 44.96042 ], [ -93.10613, 44.96309 ], [ -93.11162, 44.96445 ] ] ], [ [ [ -93.11857, 44.96751 ], [ -93.12097, 44.96851 ], [ -93.12092, 44.96944 ], [ -93.12362, 44.96949 ], [ -93.12362, 44.97124 ], [ -93.12615, 44.97122 ], [ -93.12618, 44.96323 ], [ -93.11855, 44.96316 ], [ -93.11857, 44.96751 ] ] ], [ [ [ -93.04478, 44.96938 ], [ -93.04397, 44.97481 ], [ -93.04774, 44.97492 ], [ -93.04773, 44.97282 ], [ -93.05028, 44.97282 ], [ -93.05031, 44.97013 ], [ -93.05166, 44.97011 ], [ -93.05165, 44.96923 ], [ -93.05557, 44.96913 ], [ -93.05554, 44.96671 ], [ -93.04485, 44.9666 ], [ -93.04478, 44.96938 ] ] ], [ [ [ -93.19457, 44.97488 ], [ -93.19802, 44.97552 ], [ -93.20266, 44.97707 ], [ -93.20789, 44.97887 ], [ -93.2077, 44.97056 ], [ -93.20768, 44.96957 ], [ -93.20764, 44.96769 ], [ -93.20769, 44.9598 ], [ -93.20764, 44.95845 ], [ -93.20365, 44.95783 ], [ -93.20372, 44.95936 ], [ -93.20249, 44.95951 ], [ -93.20138, 44.95955 ], [ -93.1991, 44.95923 ], [ -93.19789, 44.95887 ], [ -93.19365, 44.95764 ], [ -93.18215, 44.95398 ], [ -93.18225, 44.95811 ], [ -93.17626, 44.95592 ], [ -93.17556, 44.95572 ], [ -93.17212, 44.95574 ], [ -93.17181, 44.95576 ], [ -93.17198, 44.95944 ], [ -93.17732, 44.95937 ], [ -93.17721, 44.96295 ], [ -93.18202, 44.96299 ], [ -93.18219, 44.9689 ], [ -93.15907, 44.969 ], [ -93.1466, 44.96755 ], [ -93.1466, 44.96757 ], [ -93.14672, 44.97397 ], [ -93.15658, 44.97382 ], [ -93.15693, 44.97536 ], [ -93.167, 44.97521 ], [ -93.16703, 44.97734 ], [ -93.18714, 44.97724 ], [ -93.18717, 44.97725 ], [ -93.18804, 44.97531 ], [ -93.18813, 44.97533 ], [ -93.18853, 44.97434 ], [ -93.19457, 44.97488 ] ] ] ] } }
]
}
